transaction_id,customer_id,recipient_id,amount,hour,day_of_week,account_age,recipient_age,recipient_new,previous_transaction_count,average_transfer_amount,transfer_velocity,location_distance,device_change,failed_login_count,communication_signal,historical_risk,fraud_label
TX-100000,CUST-1133,RECIP-6524,80.12,0,1,2253,761,0,4,135.61,2,31.7,0,0,0.2048,0.0314,1
TX-100001,CUST-2160,RECIP-5981,293.72,17,2,1859,625,0,4,41.84,0,3136.6,0,0,0.2068,0.0848,0
TX-100002,CUST-1981,RECIP-7341,789.37,5,6,541,78,0,7,35.85,0,35.7,0,1,0.861,0.0304,0
TX-100003,CUST-1658,RECIP-7983,164.3,17,0,2489,294,0,4,69.09,2,23.9,0,1,0.1762,0.1427,0
TX-100004,CUST-1649,RECIP-6176,96.33,13,0,2481,428,0,5,51.78,2,8.6,0,1,0.0771,0.0305,0
TX-100005,CUST-2287,RECIP-8450,627.47,4,2,131,268,0,4,101.7,1,5.7,0,0,0.0977,0.0139,0
TX-100006,CUST-1128,RECIP-7874,354.11,11,4,93,36,1,0,253.79,0,22.0,0,1,0.6216,0.2958,0
TX-100007,CUST-2046,RECIP-5749,214.89,0,5,634,78,0,5,36.08,1,888.7,0,0,0.2911,0.1428,0
TX-100008,CUST-1302,RECIP-9223,5.0,16,3,1991,814,0,2,82.67,1,33.9,0,0,0.0194,0.0357,0
TX-100009,CUST-1141,RECIP-5197,61.04,7,3,1506,1958,0,5,51.18,0,27.4,0,0,0.6137,0.1232,0
TX-100010,CUST-1789,RECIP-7941,70.84,9,6,1296,24,1,0,160.59,2,9.5,0,0,0.0136,0.1546,0
TX-100011,CUST-2463,RECIP-6978,214.16,3,1,1055,38,1,0,168.58,3,23.9,0,0,0.1325,0.0774,0
TX-100012,CUST-2103,RECIP-7942,38.66,8,6,1214,545,0,3,46.07,2,14.2,0,0,0.8154,0.1005,0
TX-100013,CUST-2141,RECIP-8483,191.69,9,2,1604,42,1,0,206.25,2,4.1,0,0,0.0974,0.3527,0
TX-100014,CUST-2076,RECIP-8092,49.08,5,1,187,44,1,0,169.01,2,13.5,0,2,0.2299,0.2349,0
TX-100015,CUST-2179,RECIP-7928,53.82,23,6,1478,1183,0,3,79.72,2,7.1,1,0,0.0715,0.1998,0
TX-100016,CUST-1769,RECIP-8783,44.34,6,4,575,1536,0,4,157.99,1,9.4,0,0,0.1469,0.0651,0
TX-100017,CUST-1192,RECIP-8158,171.72,4,3,1976,32,1,0,32.37,0,9.2,0,0,0.2373,0.1391,0
TX-100018,CUST-2259,RECIP-8661,135.04,13,2,512,5,1,0,377.08,0,7.6,1,0,0.2457,0.1114,0
TX-100019,CUST-1675,RECIP-6812,34.88,7,3,205,414,0,6,93.99,1,37.6,0,0,0.099,0.1436,0
TX-100020,CUST-1750,RECIP-5912,84.5,10,5,1103,1277,0,3,231.66,1,11.0,0,0,0.1542,0.0865,0
TX-100021,CUST-1556,RECIP-6057,387.8,17,1,1118,620,0,3,57.47,1,0.9,1,0,0.254,0.1361,0
TX-100022,CUST-1273,RECIP-7754,55.21,1,1,1310,176,0,3,27.48,1,36.9,1,0,0.2272,0.1798,0
TX-100023,CUST-2390,RECIP-7393,54.87,12,2,2154,1121,0,4,127.86,1,3.7,0,0,0.0247,0.3161,0
TX-100024,CUST-2172,RECIP-5347,345.47,0,3,1758,674,0,2,51.61,4,8.5,0,0,0.323,0.0758,1
TX-100025,CUST-1965,RECIP-5919,199.09,1,5,926,1689,0,7,55.98,0,5.5,0,0,0.0681,0.0463,0
TX-100026,CUST-1603,RECIP-9353,196.33,2,1,1824,1785,0,5,107.6,0,3442.1,1,0,0.0437,0.5417,0
TX-100027,CUST-2234,RECIP-8268,16.5,3,5,1274,311,0,3,168.17,1,16.7,1,0,0.2418,0.0053,0
TX-100028,CUST-1818,RECIP-8397,72.01,8,6,582,1567,0,5,117.47,1,25.7,0,0,0.1814,0.0687,0
TX-100029,CUST-1665,RECIP-5886,1639.9,22,3,83,32,1,0,198.41,3,13.4,0,1,0.1551,0.005,0
TX-100030,CUST-1675,RECIP-5288,387.73,21,6,39,1302,0,4,77.26,1,7.4,0,1,0.2515,0.1585,0
TX-100031,CUST-1340,RECIP-6310,1028.09,2,6,583,29,1,0,249.28,2,17.6,0,0,0.1649,0.4158,0
TX-100032,CUST-1138,RECIP-8855,31.37,23,5,2053,960,0,4,166.53,1,3.2,1,0,0.2411,0.2256,0
TX-100033,CUST-1831,RECIP-7279,62.31,15,2,1175,1009,0,4,39.77,1,7.0,0,0,0.75,0.1607,0
TX-100034,CUST-2331,RECIP-8530,36.89,13,2,1145,44,1,0,144.67,1,2.9,0,0,0.1949,0.4296,0
TX-100035,CUST-1095,RECIP-7190,96.63,19,6,1015,339,0,5,91.56,2,8.4,0,0,0.0541,0.3687,0
TX-100036,CUST-2287,RECIP-7205,125.76,11,3,662,1387,0,5,49.34,0,4.3,0,0,0.3534,0.1124,0
TX-100037,CUST-2241,RECIP-7703,165.46,6,0,1795,1126,0,2,137.9,1,3.6,0,0,0.3109,0.152,0
TX-100038,CUST-1415,RECIP-9315,57.1,12,5,61,8,1,0,123.04,4,13.1,0,0,0.4969,0.0471,0
TX-100039,CUST-1947,RECIP-6968,45.52,17,2,1541,39,1,0,147.48,0,2119.3,0,0,0.1136,0.2205,0
TX-100040,CUST-1247,RECIP-7680,35.2,16,6,2344,15,1,0,39.21,0,4.8,1,0,0.3482,0.1782,0
TX-100041,CUST-2137,RECIP-9137,78.73,4,5,2204,31,1,0,17.26,2,10.6,0,3,0.1686,0.3505,1
TX-100042,CUST-2050,RECIP-6675,183.81,22,0,942,468,0,5,68.97,1,0.1,0,0,0.1587,0.4194,0
TX-100043,CUST-1531,RECIP-8779,2310.11,6,6,2141,1767,0,4,72.32,0,4.7,0,0,0.0663,0.0351,0
TX-100044,CUST-1101,RECIP-7407,381.71,19,6,616,43,1,0,127.38,1,32.3,0,1,0.0717,0.3809,0
TX-100045,CUST-2456,RECIP-8956,139.6,7,5,625,953,0,2,11.74,1,973.1,0,2,0.0649,0.1929,0
TX-100046,CUST-1668,RECIP-7105,223.67,1,1,878,19,1,0,143.19,2,10.3,0,0,0.1707,0.1092,0
TX-100047,CUST-2339,RECIP-7832,19.59,23,4,73,214,0,4,164.6,0,2869.1,0,3,0.2057,0.2355,0
TX-100048,CUST-2016,RECIP-6454,288.8,14,6,686,1319,0,5,172.67,0,15.3,0,1,0.0996,0.0709,0
TX-100049,CUST-2167,RECIP-7857,327.48,5,5,2140,646,0,4,167.07,0,1.7,0,2,0.0675,0.0723,0
TX-100050,CUST-2139,RECIP-6468,662.48,0,3,1913,602,0,3,39.21,1,16.3,0,0,0.0146,0.1551,0
TX-100051,CUST-1291,RECIP-7741,960.53,3,4,842,412,0,2,46.32,0,1.1,0,2,0.5156,0.1476,1
TX-100052,CUST-1545,RECIP-8549,26.61,4,2,801,1521,0,3,76.73,1,25.6,0,0,0.6216,0.1113,1
TX-100053,CUST-1700,RECIP-6956,261.27,22,1,887,41,1,0,79.49,5,49.6,0,0,0.3236,0.0318,1
TX-100054,CUST-1746,RECIP-6931,64.07,4,4,323,27,1,0,43.86,3,38.2,0,0,0.1693,0.1535,0
TX-100055,CUST-1065,RECIP-6449,56.08,3,3,421,531,0,6,102.07,0,18.2,0,0,0.1361,0.1169,0
TX-100056,CUST-1819,RECIP-8287,63.69,20,1,2482,1572,0,4,126.87,4,4.4,0,1,0.0475,0.2655,0
TX-100057,CUST-1231,RECIP-7664,55.91,21,4,1741,1042,0,4,116.24,1,17.3,0,1,0.2814,0.1078,0
TX-100058,CUST-2115,RECIP-7323,80.71,5,2,1703,20,1,0,100.97,0,65.1,0,0,0.1796,0.0949,0
TX-100059,CUST-2024,RECIP-5114,59.68,15,4,721,5,1,0,122.23,0,928.2,0,0,0.0771,0.0142,0
TX-100060,CUST-2383,RECIP-5495,1830.52,12,2,2144,1603,0,3,75.85,1,18.7,0,0,0.0028,0.1524,0
TX-100061,CUST-2117,RECIP-5033,205.51,13,6,466,367,0,3,136.88,1,5.3,1,0,0.1225,0.2788,0
TX-100062,CUST-1549,RECIP-8826,352.63,7,5,2422,34,1,0,125.15,1,3342.7,0,2,0.0747,0.113,0
TX-100063,CUST-2451,RECIP-8832,173.29,18,3,1273,36,1,0,51.13,0,9.2,0,0,0.2919,0.0394,0
TX-100064,CUST-1616,RECIP-5305,87.27,21,4,847,1741,0,8,368.47,0,5.4,0,0,0.0689,0.0562,0
TX-100065,CUST-1488,RECIP-5208,207.23,17,1,1883,1327,0,3,290.44,2,11.4,0,2,0.0638,0.0136,0
TX-100066,CUST-2358,RECIP-8516,294.34,21,6,1060,1505,0,4,156.26,1,19.2,0,1,0.0604,0.0355,0
TX-100067,CUST-1555,RECIP-7361,185.81,2,1,695,34,1,0,218.1,1,23.0,0,0,0.0122,0.2453,0
TX-100068,CUST-1114,RECIP-6390,174.12,15,6,1718,1399,0,2,117.88,2,1.8,0,0,0.0706,0.0857,0
TX-100069,CUST-1704,RECIP-7767,1958.79,23,5,1813,40,1,0,72.24,1,7.9,0,0,0.0226,0.1162,0
TX-100070,CUST-2193,RECIP-6064,50.28,12,1,1520,2,1,0,217.74,1,24.1,0,0,0.3017,0.1485,0
TX-100071,CUST-1284,RECIP-5891,263.36,22,0,1171,215,0,1,116.82,2,18.5,0,0,0.1028,0.1414,0
TX-100072,CUST-1694,RECIP-6653,115.04,8,5,842,15,1,0,161.29,1,8.3,1,2,0.2243,0.0493,0
TX-100073,CUST-1194,RECIP-9030,15.54,21,6,1027,683,0,6,301.14,0,14.4,0,2,0.6917,0.1013,0
TX-100074,CUST-2029,RECIP-8452,14.64,22,5,2189,299,0,5,29.75,2,45.0,0,1,0.9357,0.1306,0
TX-100075,CUST-1713,RECIP-5855,12.14,14,0,918,740,0,2,134.49,1,14.1,0,0,0.2145,0.4179,0
TX-100076,CUST-1495,RECIP-7527,99.95,16,4,2418,733,0,3,48.51,1,1210.3,0,0,0.2439,0.0816,0
TX-100077,CUST-1340,RECIP-8980,16.39,12,2,389,12,1,0,84.34,1,18.3,0,0,0.067,0.1853,0
TX-100078,CUST-1846,RECIP-9282,86.63,7,6,431,603,0,5,53.73,1,412.4,1,0,0.0553,0.1157,0
TX-100079,CUST-2004,RECIP-8433,113.96,12,5,851,1886,0,3,229.79,1,2925.2,0,0,0.2235,0.0241,0
TX-100080,CUST-2410,RECIP-5579,56.44,23,5,37,1774,0,6,136.1,0,30.5,0,0,0.0915,0.0689,0
TX-100081,CUST-1655,RECIP-6083,72.59,0,2,2201,20,1,0,100.32,1,6.4,0,0,0.027,0.0713,0
TX-100082,CUST-1241,RECIP-5983,264.36,4,2,870,1023,0,5,30.03,0,3.2,0,0,0.0691,0.359,0
TX-100083,CUST-2249,RECIP-5678,36.44,11,5,282,646,0,4,64.34,3,2349.7,0,0,0.2086,0.0538,0
TX-100084,CUST-1944,RECIP-5788,102.94,8,0,1557,1706,0,5,67.26,0,4.5,0,0,0.1146,0.1345,0
TX-100085,CUST-2050,RECIP-6423,8.15,14,0,2397,1015,0,2,120.52,0,43.7,0,0,0.211,0.1303,0
TX-100086,CUST-1145,RECIP-7499,985.4,8,0,2484,36,1,0,69.48,0,29.6,0,0,0.8466,0.0111,1
TX-100087,CUST-1468,RECIP-6790,404.09,15,3,295,227,0,3,75.49,0,8.5,0,0,0.1951,0.0547,0
TX-100088,CUST-2151,RECIP-6893,230.35,2,0,1988,19,1,0,15.41,2,44.5,0,0,0.1929,0.0581,0
TX-100089,CUST-2248,RECIP-6106,73.05,7,4,924,22,1,0,192.28,1,1.6,1,0,0.6762,0.2917,0
TX-100090,CUST-1652,RECIP-5679,60.87,16,1,2095,1757,0,2,39.46,1,44.8,0,0,0.7654,0.0349,0
TX-100091,CUST-2207,RECIP-9495,610.84,11,6,1527,43,1,0,56.71,2,2.2,0,0,0.4567,0.3321,1
TX-100092,CUST-2262,RECIP-7695,193.13,17,3,1837,647,0,4,141.5,1,37.6,0,0,0.044,0.0382,0
TX-100093,CUST-1581,RECIP-6033,103.39,15,0,2099,16,1,0,184.1,2,40.8,0,0,0.2174,0.2165,0
TX-100094,CUST-2347,RECIP-8644,197.47,7,4,2241,514,0,2,96.68,1,19.1,0,0,0.5034,0.2112,0
TX-100095,CUST-1432,RECIP-8737,51.8,10,2,384,583,0,2,125.42,1,1728.9,0,1,0.4831,0.0438,0
TX-100096,CUST-1359,RECIP-9350,81.48,23,1,1817,646,0,5,194.99,3,1709.9,0,3,0.0762,0.1705,0
TX-100097,CUST-2023,RECIP-5716,42.72,23,4,378,1074,0,4,13.41,0,0.9,0,0,0.235,0.1656,0
TX-100098,CUST-1955,RECIP-7879,253.92,0,6,2361,165,0,4,184.35,3,30.7,0,0,0.1224,0.2114,0
TX-100099,CUST-1209,RECIP-9411,33.79,16,6,1582,1259,0,6,18.85,1,1868.5,0,0,0.0415,0.3651,0
TX-100100,CUST-2249,RECIP-8630,54.62,11,3,505,1630,0,1,74.71,2,30.4,0,0,0.2191,0.0555,0
TX-100101,CUST-1299,RECIP-6014,148.81,0,5,753,653,0,5,130.14,0,0.0,0,0,0.7283,0.0343,0
TX-100102,CUST-2207,RECIP-9018,5.58,15,1,2242,39,1,0,45.78,3,6.8,1,0,0.1599,0.1935,0
TX-100103,CUST-1011,RECIP-6897,38.99,0,5,1621,4,1,0,81.71,0,2.6,0,0,0.9195,0.1532,0
TX-100104,CUST-2195,RECIP-7200,33.78,7,6,596,1312,0,2,8.75,1,22.9,1,0,0.0296,0.0959,0
TX-100105,CUST-2180,RECIP-7513,112.25,16,3,2056,1050,0,1,35.73,2,13.0,0,0,0.3048,0.2872,0
TX-100106,CUST-2170,RECIP-8471,110.35,19,3,1804,1231,0,5,51.8,1,0.5,0,0,0.2032,0.3795,0
TX-100107,CUST-1997,RECIP-5541,805.1,9,3,219,1622,0,2,44.92,2,23.6,1,0,0.3111,0.1027,0
TX-100108,CUST-1707,RECIP-7426,32.61,19,0,729,1898,0,3,84.27,1,13.2,0,0,0.1273,0.1242,0
TX-100109,CUST-2057,RECIP-8675,17.09,20,6,2115,938,0,1,343.26,1,24.2,0,1,0.2653,0.1477,0
TX-100110,CUST-1415,RECIP-7468,341.21,10,5,896,1535,0,3,178.81,3,16.2,0,0,0.0562,0.0081,0
TX-100111,CUST-2171,RECIP-6236,44.33,4,6,122,1012,0,5,184.13,0,15.4,0,0,0.0149,0.4618,0
TX-100112,CUST-1833,RECIP-5253,103.92,15,0,1521,328,0,2,133.31,1,2.7,1,0,0.2573,0.0681,0
TX-100113,CUST-1688,RECIP-7471,51.26,0,5,2250,1215,0,2,32.4,0,6.3,0,0,0.7904,0.152,0
TX-100114,CUST-1758,RECIP-8165,176.33,21,2,1404,41,1,0,229.74,0,0.8,0,0,0.277,0.2517,0
TX-100115,CUST-1853,RECIP-7473,131.37,9,5,2439,14,1,0,125.34,1,2506.3,0,0,0.0986,0.0942,0
TX-100116,CUST-1055,RECIP-9407,59.59,18,6,311,1108,0,0,139.83,1,2.9,0,0,0.3687,0.262,0
TX-100117,CUST-1209,RECIP-7711,92.04,17,6,1678,1468,0,6,173.22,0,9.2,1,0,0.7736,0.2243,0
TX-100118,CUST-1368,RECIP-7287,52.55,11,6,1634,12,1,0,138.52,1,21.0,0,0,0.2707,0.2858,0
TX-100119,CUST-1171,RECIP-5249,403.84,23,0,2461,6,1,0,124.54,3,2.1,0,0,0.1263,0.2274,0
TX-100120,CUST-1659,RECIP-7513,54.64,19,2,1317,41,1,0,51.19,2,7.0,0,0,0.2563,0.0923,0
TX-100121,CUST-2002,RECIP-5758,449.24,21,2,2060,997,0,2,43.92,3,101.7,0,0,0.2853,0.2631,0
TX-100122,CUST-1981,RECIP-8261,66.25,2,3,389,277,0,4,44.17,0,1.0,0,0,0.0956,0.1428,0
TX-100123,CUST-1706,RECIP-5725,54.33,11,6,139,1850,0,1,10.66,0,3.6,0,0,0.4193,0.051,0
TX-100124,CUST-2282,RECIP-9080,12.41,22,4,1799,1426,0,4,64.56,1,10.1,0,2,0.5202,0.1168,0
TX-100125,CUST-1847,RECIP-6359,27.24,19,3,39,6,1,0,141.84,0,18.6,0,0,0.1464,0.264,0
TX-100126,CUST-1118,RECIP-6952,173.14,10,5,2190,6,1,0,219.31,4,15.6,0,0,0.0238,0.3969,0
TX-100127,CUST-2147,RECIP-5652,348.35,1,1,81,1003,0,3,54.83,0,0.6,0,0,0.1284,0.4004,0
TX-100128,CUST-1861,RECIP-5948,62.46,6,4,1730,156,0,4,87.56,0,6.4,0,0,0.1061,0.1685,0
TX-100129,CUST-1952,RECIP-9148,202.08,13,3,1146,1557,0,3,64.67,0,7.8,0,0,0.0726,0.2653,0
TX-100130,CUST-1848,RECIP-6276,379.37,15,1,1624,13,1,0,112.19,0,8.7,0,0,0.324,0.022,0
TX-100131,CUST-1830,RECIP-7308,35.37,22,4,1569,822,0,3,33.98,1,7.1,0,2,0.2205,0.1571,0
TX-100132,CUST-1135,RECIP-9416,69.56,2,5,1127,907,0,4,63.79,1,1.9,0,0,0.168,0.1567,0
TX-100133,CUST-1838,RECIP-7806,9.02,9,5,1219,966,0,8,52.07,2,15.0,0,0,0.1159,0.1491,0
TX-100134,CUST-2192,RECIP-5187,257.16,6,5,1273,1886,0,3,153.12,0,5.5,0,0,0.1783,0.1096,1
TX-100135,CUST-1455,RECIP-6608,2063.25,23,5,1702,438,0,4,26.41,1,2.0,0,0,0.0432,0.2359,0
TX-100136,CUST-1904,RECIP-6740,61.07,3,3,1784,403,0,1,126.03,0,3081.9,0,0,0.4647,0.2339,0
TX-100137,CUST-1046,RECIP-6243,59.4,5,0,1140,300,0,5,190.62,1,16.8,0,1,0.0732,0.0968,0
TX-100138,CUST-1521,RECIP-6085,82.27,7,6,900,1264,0,1,32.15,0,49.3,1,0,0.0751,0.1892,0
TX-100139,CUST-1655,RECIP-7264,117.01,2,3,135,109,0,5,59.62,1,7.8,0,0,0.0046,0.0791,0
TX-100140,CUST-2474,RECIP-6696,122.65,15,4,1954,1596,0,2,50.77,2,1.6,0,1,0.0532,0.1813,0
TX-100141,CUST-1321,RECIP-6324,122.32,12,0,588,1479,0,5,320.79,2,13.9,0,0,0.1356,0.2361,0
TX-100142,CUST-1414,RECIP-6858,136.82,13,6,1102,1435,0,6,271.33,1,1.7,0,0,0.2511,0.0497,0
TX-100143,CUST-1612,RECIP-6546,84.69,21,6,2481,968,0,5,195.94,1,17.0,0,0,0.0566,0.0596,0
TX-100144,CUST-2488,RECIP-6029,1908.23,10,6,1968,856,0,2,133.64,0,6.3,0,0,0.301,0.1471,0
TX-100145,CUST-2280,RECIP-7037,24.23,7,1,884,1882,0,2,191.55,0,10.0,1,0,0.4191,0.1039,0
TX-100146,CUST-1052,RECIP-9240,20.15,9,5,1203,12,1,0,154.45,1,1399.5,0,0,0.0023,0.0556,0
TX-100147,CUST-1350,RECIP-7275,48.8,19,4,832,403,0,4,328.26,1,627.1,0,0,0.4033,0.4186,0
TX-100148,CUST-2232,RECIP-7689,108.91,12,1,1576,561,0,10,102.64,0,10.1,1,0,0.6702,0.0616,0
TX-100149,CUST-1087,RECIP-9429,178.43,4,3,407,533,0,4,15.59,2,11.4,0,0,0.0147,0.218,0
TX-100150,CUST-2283,RECIP-7761,212.46,16,3,2383,27,1,0,68.73,1,0.7,0,0,0.3955,0.3852,0
TX-100151,CUST-1422,RECIP-6004,34.79,17,4,2468,31,1,0,149.73,1,4.1,1,0,0.1558,0.2486,0
TX-100152,CUST-2376,RECIP-6793,11.37,5,0,767,488,0,1,77.91,0,0.1,0,0,0.2496,0.3494,0
TX-100153,CUST-1440,RECIP-7195,507.14,13,3,599,165,0,5,242.99,0,8.2,0,0,0.2078,0.1725,0
TX-100154,CUST-1651,RECIP-7136,351.05,13,4,1361,807,0,2,53.12,2,0.8,0,0,0.868,0.1094,0
TX-100155,CUST-1992,RECIP-5672,55.09,4,5,1627,20,1,0,195.44,1,2.3,0,0,0.0601,0.225,0
TX-100156,CUST-1189,RECIP-5476,208.49,0,5,1619,31,1,0,33.19,1,10.9,0,0,0.2029,0.125,0
TX-100157,CUST-1835,RECIP-6574,122.76,17,4,133,6,1,0,127.97,1,402.1,1,0,0.0781,0.0249,0
TX-100158,CUST-1757,RECIP-9114,73.86,14,4,1786,27,1,0,54.19,2,23.7,0,0,0.2356,0.0845,0
TX-100159,CUST-2175,RECIP-8227,651.45,17,0,194,373,0,5,36.49,1,469.2,0,2,0.1867,0.1602,1
TX-100160,CUST-2494,RECIP-8787,43.98,9,5,874,628,0,2,95.24,3,27.9,0,0,0.3529,0.1631,0
TX-100161,CUST-1996,RECIP-5785,19.21,12,2,1800,1053,0,5,39.98,5,518.2,0,1,0.1197,0.1596,0
TX-100162,CUST-1613,RECIP-6864,105.97,23,3,2221,263,0,1,177.31,0,1.3,0,0,0.1119,0.0064,0
TX-100163,CUST-1609,RECIP-7616,47.52,5,3,1598,14,1,0,75.92,0,118.1,0,0,0.1394,0.2471,0
TX-100164,CUST-1626,RECIP-6954,109.37,15,6,424,134,0,6,106.7,3,0.5,0,0,0.0478,0.0712,0
TX-100165,CUST-2221,RECIP-6875,65.18,3,2,1710,471,0,3,95.53,2,0.2,0,0,0.5106,0.0978,0
TX-100166,CUST-1481,RECIP-6619,41.4,1,2,121,1157,0,7,151.86,1,2.4,0,0,0.0978,0.1128,0
TX-100167,CUST-1250,RECIP-5232,325.41,22,5,600,586,0,4,59.06,1,16.5,0,4,0.2906,0.2022,0
TX-100168,CUST-1501,RECIP-8857,16.81,3,4,335,899,0,5,230.41,1,46.5,0,0,0.5857,0.2016,0
TX-100169,CUST-1034,RECIP-9198,16.67,15,2,2462,7,1,0,460.89,3,1145.1,0,0,0.4273,0.4107,0
TX-100170,CUST-1159,RECIP-5363,68.06,12,2,939,18,1,0,43.34,0,1.9,0,0,0.329,0.0343,0
TX-100171,CUST-1135,RECIP-6861,138.56,19,5,1409,335,0,7,328.85,1,1.4,1,0,0.0523,0.6202,0
TX-100172,CUST-2157,RECIP-7330,14.21,13,5,1982,361,0,3,65.8,1,1.4,0,0,0.2009,0.6486,0
TX-100173,CUST-2083,RECIP-8527,148.24,16,1,2424,1933,0,5,68.11,0,16.4,0,0,0.7535,0.0752,0
TX-100174,CUST-2045,RECIP-9440,52.82,21,2,2488,30,1,0,187.69,0,12.0,0,0,0.1339,0.2999,0
TX-100175,CUST-1692,RECIP-6873,138.36,19,5,435,1402,0,5,43.41,1,22.8,0,0,0.1783,0.1453,0
TX-100176,CUST-2075,RECIP-8370,1051.5,17,0,1003,76,0,5,155.93,1,1.5,0,2,0.2015,0.2035,0
TX-100177,CUST-1241,RECIP-9218,263.36,3,1,1030,30,1,0,150.39,0,19.9,0,1,0.0884,0.1921,0
TX-100178,CUST-2350,RECIP-8736,76.53,4,1,1996,1587,0,7,94.22,2,21.7,0,0,0.1118,0.196,0
TX-100179,CUST-1751,RECIP-6307,14.81,11,3,859,752,0,4,91.53,3,10.1,0,0,0.9679,0.0558,0
TX-100180,CUST-2407,RECIP-8678,845.42,15,3,601,642,0,3,66.56,1,10.1,0,0,0.0347,0.1673,0
TX-100181,CUST-1228,RECIP-6855,100.46,16,2,1895,7,1,0,171.12,0,104.5,1,0,0.5452,0.1226,0
TX-100182,CUST-1745,RECIP-5078,106.39,18,0,1252,3,1,0,74.36,3,34.9,0,0,0.3733,0.2135,1
TX-100183,CUST-2044,RECIP-8414,77.49,2,4,1876,514,0,3,229.18,1,46.0,0,0,0.1946,0.1313,0
TX-100184,CUST-1743,RECIP-8759,421.31,4,5,968,1606,0,7,234.68,2,7.0,0,3,0.0229,0.2743,0
TX-100185,CUST-1669,RECIP-6546,23.44,3,1,1231,1882,0,5,33.4,4,357.6,0,0,0.2151,0.1153,0
TX-100186,CUST-1249,RECIP-7029,19.68,12,4,52,21,1,0,36.89,0,25.1,0,0,0.2161,0.0641,0
TX-100187,CUST-1571,RECIP-6639,41.74,15,5,69,325,0,5,86.53,1,6.6,0,0,0.1233,0.2138,0
TX-100188,CUST-1358,RECIP-5526,138.6,2,3,30,1277,0,7,49.13,1,5.3,0,0,0.4837,0.1486,0
TX-100189,CUST-1452,RECIP-9476,40.65,20,4,462,26,1,0,59.33,1,13.4,0,1,0.1902,0.2144,0
TX-100190,CUST-2025,RECIP-5101,38.85,7,1,888,22,1,0,53.9,3,15.2,0,1,0.1444,0.123,0
TX-100191,CUST-1945,RECIP-7500,26.42,15,6,154,3,1,0,421.93,0,8.6,0,2,0.3437,0.0993,0
TX-100192,CUST-1910,RECIP-5067,230.71,18,6,427,31,1,0,234.81,1,6.6,0,0,0.1294,0.1121,0
TX-100193,CUST-1542,RECIP-8102,133.4,0,4,2122,1502,0,6,52.89,1,1.2,0,0,0.2659,0.0285,0
TX-100194,CUST-2439,RECIP-9053,215.95,20,6,2140,1889,0,2,23.41,0,28.4,0,4,0.1095,0.0679,0
TX-100195,CUST-1131,RECIP-7895,49.72,23,4,745,1023,0,2,64.86,1,4.5,0,1,0.1912,0.1263,0
TX-100196,CUST-1513,RECIP-7727,83.04,23,4,2367,1193,0,1,38.03,2,29.5,0,0,0.2206,0.1235,0
TX-100197,CUST-1177,RECIP-8725,205.84,3,5,321,561,0,4,169.24,0,12.9,0,0,0.2859,0.0835,0
TX-100198,CUST-1508,RECIP-9384,36.93,9,0,107,11,1,0,104.01,3,13.3,0,0,0.3021,0.1621,0
TX-100199,CUST-2442,RECIP-8878,271.52,5,1,904,29,1,0,64.57,2,61.9,0,0,0.1546,0.2266,0
TX-100200,CUST-1549,RECIP-6041,144.68,10,1,683,44,1,0,93.29,1,8.3,0,0,0.2558,0.3281,0
TX-100201,CUST-2362,RECIP-7534,372.12,23,4,220,1678,0,4,41.84,0,11.6,0,0,0.1504,0.0945,0
TX-100202,CUST-1742,RECIP-8684,2414.09,18,1,2123,209,0,6,83.47,0,1.2,0,0,0.4559,0.2801,0
TX-100203,CUST-2049,RECIP-6325,14.87,18,2,2447,1079,0,6,338.15,2,5.1,0,0,0.2873,0.1091,0
TX-100204,CUST-1686,RECIP-8038,47.93,10,3,697,1047,0,2,59.42,1,33.6,0,0,0.1603,0.2344,0
TX-100205,CUST-1398,RECIP-5102,6.87,22,5,808,26,1,0,107.14,0,0.3,0,0,0.2856,0.0231,0
TX-100206,CUST-2146,RECIP-8947,10.5,22,3,1804,1614,0,5,55.26,2,24.6,0,0,0.2147,0.0502,0
TX-100207,CUST-2453,RECIP-7764,30.38,19,0,2334,434,0,1,54.59,2,8.9,0,0,0.473,0.3027,0
TX-100208,CUST-1395,RECIP-8344,2262.91,19,4,738,884,0,3,185.16,1,3.0,0,0,0.0336,0.2005,0
TX-100209,CUST-2168,RECIP-8714,87.91,15,2,1716,168,0,4,39.28,1,3132.2,0,0,0.3185,0.0435,0
TX-100210,CUST-1391,RECIP-5984,146.25,2,0,87,22,1,0,86.69,0,1.0,1,1,0.0234,0.0419,0
TX-100211,CUST-2075,RECIP-7027,51.65,6,4,1428,408,0,4,51.46,0,7.8,0,0,0.8904,0.1253,0
TX-100212,CUST-2183,RECIP-8863,62.62,18,1,2468,1062,0,5,278.66,0,37.9,0,0,0.138,0.2459,0
TX-100213,CUST-1674,RECIP-5741,187.07,7,3,1204,1046,0,11,59.16,0,5.7,0,0,0.2175,0.1328,0
TX-100214,CUST-2105,RECIP-8701,74.08,4,6,1614,14,1,0,38.33,2,24.4,1,0,0.0351,0.1579,1
TX-100215,CUST-1408,RECIP-6296,70.65,22,1,1727,26,1,0,88.1,2,2743.7,0,0,0.2296,0.0622,0
TX-100216,CUST-1118,RECIP-7589,158.5,11,6,1591,72,0,1,88.34,2,3.8,0,0,0.1115,0.0862,0
TX-100217,CUST-1144,RECIP-7294,27.51,20,3,1725,1327,0,4,226.08,1,0.4,0,0,0.4586,0.2183,0
TX-100218,CUST-1670,RECIP-8089,109.58,6,6,2220,43,1,0,65.92,2,2.3,1,0,0.1967,0.1055,0
TX-100219,CUST-2353,RECIP-8765,115.59,8,5,55,28,1,0,136.56,1,19.4,0,0,0.087,0.3481,0
TX-100220,CUST-1191,RECIP-6570,12.75,8,5,2214,498,0,8,46.93,1,8.3,0,0,0.0373,0.2954,0
TX-100221,CUST-1683,RECIP-5772,26.54,8,1,2272,1511,0,3,224.67,0,86.4,0,0,0.0018,0.1941,0
TX-100222,CUST-2056,RECIP-6902,43.55,10,5,2262,1154,0,6,192.76,3,2800.3,0,0,0.0458,0.0874,0
TX-100223,CUST-1303,RECIP-7754,52.3,7,2,938,20,1,0,150.75,0,18.7,0,0,0.1266,0.1534,0
TX-100224,CUST-2082,RECIP-8376,153.48,19,6,1470,1974,0,2,185.84,2,1281.3,0,0,0.119,0.0865,0
TX-100225,CUST-1458,RECIP-8390,32.54,7,6,902,920,0,4,120.72,1,2535.6,0,0,0.0887,0.2043,0
TX-100226,CUST-2212,RECIP-6529,31.93,10,4,2105,1532,0,2,108.35,1,7.3,1,0,0.2337,0.162,0
TX-100227,CUST-1868,RECIP-9212,179.82,20,6,1034,1641,0,3,42.02,2,38.9,0,0,0.2665,0.0575,0
TX-100228,CUST-1820,RECIP-5374,255.58,10,3,803,689,0,6,60.1,2,12.1,0,0,0.4026,0.1568,0
TX-100229,CUST-1265,RECIP-5525,265.42,0,0,1722,7,1,0,187.25,1,19.1,0,0,0.2365,0.0727,0
TX-100230,CUST-1694,RECIP-5111,25.97,0,6,151,1429,0,5,182.02,2,31.1,0,2,0.0723,0.2078,0
TX-100231,CUST-2284,RECIP-9168,32.51,10,3,958,1860,0,6,193.64,1,9.1,0,0,0.1387,0.1237,0
TX-100232,CUST-1029,RECIP-5810,13.65,15,0,539,89,0,6,72.04,2,6.4,0,0,0.1295,0.1609,0
TX-100233,CUST-2137,RECIP-7706,5.11,22,0,953,285,0,3,350.06,2,25.2,0,0,0.1317,0.1981,0
TX-100234,CUST-1739,RECIP-8658,22.67,3,5,1138,16,1,0,87.47,0,4.9,0,0,0.1393,0.113,0
TX-100235,CUST-2079,RECIP-8450,43.37,13,6,186,1297,0,5,140.36,1,18.2,0,0,0.0625,0.0278,0
TX-100236,CUST-1994,RECIP-9269,111.72,6,4,2165,875,0,4,798.7,0,9.3,0,0,0.7181,0.1645,0
TX-100237,CUST-1648,RECIP-5241,965.16,10,3,1059,35,1,0,67.67,2,8.2,0,0,0.0264,0.0535,0
TX-100238,CUST-1463,RECIP-6831,79.44,10,2,916,675,0,4,170.54,1,18.7,0,2,0.1488,0.1456,0
TX-100239,CUST-1940,RECIP-7277,430.19,7,2,399,885,0,2,32.01,1,6.0,0,0,0.1088,0.1547,0
TX-100240,CUST-1210,RECIP-8132,32.96,0,2,2489,1562,0,5,75.34,1,9.5,0,1,0.7934,0.0106,0
TX-100241,CUST-1876,RECIP-7801,399.56,1,1,2143,893,0,3,155.46,2,5.4,0,0,0.7277,0.086,0
TX-100242,CUST-1142,RECIP-7519,35.54,12,0,1220,31,1,0,62.56,0,683.7,0,0,0.3769,0.0046,0
TX-100243,CUST-1974,RECIP-6380,152.18,5,3,856,141,0,2,102.39,0,17.6,0,0,0.1837,0.1135,0
TX-100244,CUST-1943,RECIP-5479,113.42,7,1,1184,15,1,0,117.88,1,6.5,0,0,0.2446,0.1704,0
TX-100245,CUST-1126,RECIP-6942,328.32,2,1,2403,1517,0,8,112.21,2,40.0,0,0,0.1079,0.1765,0
TX-100246,CUST-2136,RECIP-6168,455.07,1,1,576,326,0,3,19.03,2,958.5,0,0,0.9087,0.0246,1
TX-100247,CUST-1623,RECIP-7494,29.4,3,5,1720,743,0,3,534.78,3,1.9,0,2,0.3756,0.3373,0
TX-100248,CUST-2180,RECIP-8587,7.09,9,4,2261,43,1,0,43.31,0,9.1,0,0,0.1283,0.0553,0
TX-100249,CUST-1062,RECIP-7486,71.19,3,3,1897,984,0,3,54.4,0,1779.5,0,2,0.0073,0.2607,0
TX-100250,CUST-1269,RECIP-7623,137.9,5,4,2179,1653,0,1,29.44,1,1608.9,1,0,0.0122,0.0641,0
TX-100251,CUST-1740,RECIP-5188,88.67,7,3,2370,1704,0,5,45.98,0,31.0,0,0,0.345,0.2387,0
TX-100252,CUST-1282,RECIP-7900,2204.12,6,3,178,804,0,3,94.32,0,65.2,1,0,0.1143,0.148,0
TX-100253,CUST-1494,RECIP-6977,163.55,0,5,620,1179,0,4,208.1,1,35.0,0,0,0.0225,0.0581,0
TX-100254,CUST-1990,RECIP-5556,162.97,2,5,386,1646,0,3,61.37,0,1821.9,0,0,0.0957,0.2007,0
TX-100255,CUST-1216,RECIP-5962,21.52,22,1,1431,6,1,0,107.26,2,2.7,0,0,0.4843,0.0679,0
TX-100256,CUST-2016,RECIP-8513,49.13,16,5,1036,34,1,0,123.14,0,7.1,0,1,0.876,0.2007,0
TX-100257,CUST-1155,RECIP-9125,151.73,2,1,130,7,1,0,41.51,3,0.1,0,0,0.1045,0.2985,0
TX-100258,CUST-1262,RECIP-7284,126.86,6,0,1407,790,0,3,23.94,2,15.8,0,0,0.1043,0.1309,0
TX-100259,CUST-1881,RECIP-9394,96.91,9,2,278,606,0,2,46.78,2,7.4,0,0,0.3583,0.2078,0
TX-100260,CUST-2190,RECIP-5810,359.51,21,2,1036,15,1,0,261.06,3,8.4,0,0,0.3703,0.3451,0
TX-100261,CUST-1255,RECIP-6348,42.69,21,5,935,16,1,0,52.43,3,479.8,0,0,0.1347,0.1725,0
TX-100262,CUST-1449,RECIP-9185,143.16,18,4,2237,126,0,4,54.95,1,2.3,0,0,0.0447,0.2364,0
TX-100263,CUST-2387,RECIP-5788,43.94,2,0,1715,1779,0,3,122.75,2,56.4,0,0,0.4413,0.0572,0
TX-100264,CUST-2484,RECIP-7967,2051.88,11,3,1571,274,0,3,152.6,2,11.8,0,0,0.2849,0.1229,0
TX-100265,CUST-1871,RECIP-5987,39.0,11,5,2084,1576,0,5,40.05,0,1.7,0,0,0.0113,0.2719,0
TX-100266,CUST-1670,RECIP-6490,5093.06,15,5,475,1912,0,3,163.95,1,14.8,1,0,0.8635,0.0591,0
TX-100267,CUST-1520,RECIP-7149,69.06,20,3,663,1678,0,7,136.1,0,7.0,0,0,0.3025,0.1428,0
TX-100268,CUST-1918,RECIP-6619,44.34,7,4,1888,1008,0,5,60.93,2,2621.9,1,0,0.6513,0.1283,0
TX-100269,CUST-1886,RECIP-8935,86.72,13,3,1880,1163,0,7,23.06,0,346.2,0,0,0.4968,0.0742,0
TX-100270,CUST-1442,RECIP-9377,25.73,6,1,82,1452,0,3,170.34,0,12.0,0,0,0.0777,0.3343,0
TX-100271,CUST-1034,RECIP-7250,32.91,5,3,583,488,0,7,121.93,1,5.8,0,0,0.0215,0.2021,0
TX-100272,CUST-1227,RECIP-7363,6659.19,7,4,590,880,0,5,107.34,2,13.6,0,0,0.0742,0.0971,1
TX-100273,CUST-2437,RECIP-5249,149.21,17,0,44,791,0,4,33.06,1,5.0,0,0,0.2212,0.0614,0
TX-100274,CUST-1627,RECIP-6053,249.91,10,4,1663,25,1,0,513.1,4,9.8,0,0,0.0569,0.2336,0
TX-100275,CUST-1723,RECIP-5179,54.14,16,1,164,1127,0,1,43.65,0,28.6,0,0,0.0576,0.1402,0
TX-100276,CUST-1700,RECIP-8854,194.28,16,0,2108,875,0,0,61.84,3,4.9,0,0,0.0963,0.181,0
TX-100277,CUST-2174,RECIP-6023,105.52,8,5,1476,96,0,1,193.44,4,1.9,0,0,0.2605,0.0261,0
TX-100278,CUST-1097,RECIP-6532,41.4,22,2,1911,236,0,5,100.38,1,8.1,0,0,0.1683,0.2723,0
TX-100279,CUST-1124,RECIP-8792,2979.72,1,2,1257,1300,0,3,108.39,3,13.0,0,0,0.7844,0.2953,0
TX-100280,CUST-1413,RECIP-8209,19.53,21,4,2426,1130,0,4,37.99,0,9.8,0,0,0.153,0.2004,0
TX-100281,CUST-1729,RECIP-7796,99.07,0,3,697,1718,0,4,35.86,1,15.1,0,3,0.051,0.3317,0
TX-100282,CUST-2006,RECIP-5173,167.12,9,4,1408,11,1,0,125.33,1,3216.3,0,1,0.0692,0.1734,0
TX-100283,CUST-1736,RECIP-7533,126.93,19,6,46,26,1,0,69.28,1,5.0,0,0,0.2378,0.0059,0
TX-100284,CUST-1661,RECIP-7524,55.31,16,4,2087,811,0,4,392.29,0,13.2,0,0,0.8855,0.0443,0
TX-100285,CUST-2406,RECIP-6435,44.42,7,0,1432,1378,0,3,39.24,1,5.6,0,0,0.2956,0.1567,0
TX-100286,CUST-1241,RECIP-8352,132.52,21,1,464,907,0,4,70.0,1,354.5,0,0,0.1904,0.0236,0
TX-100287,CUST-1857,RECIP-9182,40.31,3,3,2049,998,0,2,109.6,2,38.7,0,0,0.052,0.1323,0
TX-100288,CUST-1813,RECIP-6165,323.03,16,3,2473,3,1,0,68.18,2,13.7,0,0,0.1942,0.1317,0
TX-100289,CUST-1710,RECIP-6490,117.22,12,2,199,67,0,1,52.54,0,5.1,0,1,0.5644,0.403,0
TX-100290,CUST-2211,RECIP-6450,74.74,4,1,2119,1792,0,5,100.94,1,277.6,0,0,0.6594,0.0714,0
TX-100291,CUST-1400,RECIP-8757,103.4,22,0,1849,610,0,4,436.01,2,21.7,0,0,0.271,0.4411,0
TX-100292,CUST-2430,RECIP-5349,161.97,18,1,905,138,0,4,58.87,1,13.2,0,0,0.1605,0.0164,0
TX-100293,CUST-1497,RECIP-9031,2208.51,0,6,1597,1084,0,5,28.51,2,2304.7,0,0,0.1441,0.06,0
TX-100294,CUST-1817,RECIP-8487,141.2,2,2,1969,471,0,1,145.03,2,1.1,0,0,0.2913,0.0949,0
TX-100295,CUST-1781,RECIP-7175,113.59,1,6,1214,1466,0,3,73.08,0,24.4,0,1,0.6889,0.0728,0
TX-100296,CUST-2274,RECIP-7625,247.41,9,2,1676,9,1,0,44.38,3,1539.5,0,0,0.0601,0.1318,0
TX-100297,CUST-1658,RECIP-9024,18.93,10,2,149,10,1,0,153.4,1,12.6,0,0,0.2598,0.0854,0
TX-100298,CUST-1426,RECIP-8464,49.91,17,3,2315,35,1,0,137.22,2,1.1,0,0,0.0445,0.2754,0
TX-100299,CUST-1032,RECIP-6245,76.63,16,6,2311,421,0,1,57.81,0,18.2,0,0,0.2095,0.1504,0
TX-100300,CUST-1545,RECIP-5226,34.61,0,3,549,711,0,6,27.69,0,0.2,0,0,0.1592,0.1125,0
TX-100301,CUST-2239,RECIP-7962,201.7,11,0,1209,178,0,6,192.52,0,40.5,1,0,0.8517,0.3082,0
TX-100302,CUST-1014,RECIP-5656,93.44,18,1,619,1304,0,5,57.93,0,2.4,0,0,0.0914,0.1836,0
TX-100303,CUST-2344,RECIP-5395,26.14,21,6,1017,1,1,0,118.09,2,0.1,0,0,0.2199,0.1958,0
TX-100304,CUST-1814,RECIP-9420,263.07,7,1,709,23,1,0,87.67,1,1.5,0,0,0.448,0.2228,1
TX-100305,CUST-1210,RECIP-7132,89.73,1,5,2157,768,0,3,141.96,1,5.3,0,0,0.0253,0.3109,0
TX-100306,CUST-1453,RECIP-7928,186.76,3,6,1746,1685,0,5,115.97,2,0.4,0,0,0.0263,0.0347,0
TX-100307,CUST-1831,RECIP-5977,99.87,8,1,2118,1315,0,2,260.81,1,7.7,0,0,0.1783,0.1668,0
TX-100308,CUST-1473,RECIP-5457,1580.14,10,3,1988,1176,0,4,159.96,0,4.0,0,0,0.3934,0.1103,0
TX-100309,CUST-1162,RECIP-5282,73.19,8,4,1826,490,0,3,22.34,1,6.4,1,1,0.741,0.1976,0
TX-100310,CUST-1998,RECIP-6594,270.98,2,5,441,1692,0,3,74.99,0,8.5,0,1,0.3356,0.057,0
TX-100311,CUST-2008,RECIP-5016,381.55,8,5,2078,1524,0,6,109.3,2,6.5,0,0,0.2172,0.3915,0
TX-100312,CUST-1178,RECIP-6890,129.41,6,0,1964,1758,0,1,72.72,1,2.6,1,2,0.0893,0.2046,0
TX-100313,CUST-1421,RECIP-6461,394.1,11,2,337,22,1,0,239.41,1,9.7,0,0,0.0799,0.2039,1
TX-100314,CUST-1365,RECIP-7370,434.97,1,6,246,1129,0,4,139.05,3,3.7,0,0,0.0714,0.1543,0
TX-100315,CUST-1989,RECIP-7652,61.39,18,2,1909,161,0,4,23.77,0,3.5,0,0,0.2962,0.2241,0
TX-100316,CUST-2095,RECIP-6387,47.18,10,1,993,10,1,0,75.0,1,26.0,0,0,0.5703,0.1087,0
TX-100317,CUST-2090,RECIP-7048,201.62,7,4,840,29,1,0,100.85,2,21.0,0,0,0.0118,0.0394,0
TX-100318,CUST-2408,RECIP-5351,37.01,21,1,1009,1648,0,5,54.43,1,2633.7,0,1,0.271,0.2077,0
TX-100319,CUST-2152,RECIP-6357,53.78,17,1,2172,43,1,0,165.16,2,1725.7,0,0,0.2427,0.3382,0
TX-100320,CUST-1481,RECIP-9401,10.75,3,5,928,1981,0,1,150.27,1,17.6,0,0,0.4011,0.5061,0
TX-100321,CUST-1161,RECIP-9460,76.61,3,0,944,1869,0,2,132.61,3,2756.2,1,0,0.0776,0.2559,0
TX-100322,CUST-1921,RECIP-7186,458.34,0,6,1016,385,0,8,171.54,2,39.4,0,0,0.2577,0.5739,0
TX-100323,CUST-2374,RECIP-9227,93.53,13,1,164,38,1,0,270.86,1,7.5,0,0,0.1872,0.014,0
TX-100324,CUST-2462,RECIP-7255,14.67,8,0,122,118,0,4,184.78,4,4.7,0,0,0.032,0.0368,0
TX-100325,CUST-1345,RECIP-5565,877.19,9,5,1053,945,0,1,181.95,1,648.6,0,0,0.9215,0.2973,0
TX-100326,CUST-1354,RECIP-8905,44.24,12,1,71,13,1,0,98.06,1,29.1,1,0,0.0835,0.3194,1
TX-100327,CUST-1056,RECIP-6867,95.05,12,2,1899,1247,0,0,64.37,1,18.6,1,1,0.1419,0.0297,0
TX-100328,CUST-1211,RECIP-7755,130.35,0,2,1078,11,1,0,461.36,2,5.8,0,1,0.0067,0.2276,0
TX-100329,CUST-1832,RECIP-7919,234.07,2,3,1267,1141,0,2,135.69,0,6.3,0,0,0.0959,0.4163,0
TX-100330,CUST-1820,RECIP-6386,151.75,18,3,860,1382,0,1,48.25,1,23.7,0,0,0.1834,0.4527,0
TX-100331,CUST-1556,RECIP-8300,77.31,22,1,1916,1095,0,3,93.84,2,0.6,0,0,0.4036,0.1242,0
TX-100332,CUST-1464,RECIP-7255,88.91,20,1,1085,1858,0,11,76.54,0,2994.6,0,0,0.1963,0.0703,0
TX-100333,CUST-2244,RECIP-6648,41.81,21,1,117,282,0,2,185.06,1,0.9,0,0,0.4421,0.0258,0
TX-100334,CUST-1690,RECIP-6340,413.47,11,0,1236,815,0,5,78.65,2,15.8,0,0,0.2503,0.1511,0
TX-100335,CUST-2212,RECIP-8358,64.42,19,4,467,1361,0,5,31.32,0,1.0,0,0,0.9765,0.086,0
TX-100336,CUST-2444,RECIP-6122,495.63,21,3,1499,23,1,0,154.31,1,1.2,1,0,0.0882,0.5616,0
TX-100337,CUST-1475,RECIP-5558,27.98,21,0,1422,1932,0,4,66.66,1,1517.8,0,0,0.4992,0.0934,0
TX-100338,CUST-1304,RECIP-8967,21.03,3,2,1202,1189,0,5,17.64,1,1.6,0,0,0.2556,0.0655,0
TX-100339,CUST-2429,RECIP-6493,109.68,3,4,981,305,0,2,196.31,0,988.3,0,0,0.9178,0.1599,0
TX-100340,CUST-1952,RECIP-7884,277.58,9,1,1502,1250,0,4,37.18,2,8.0,1,0,0.1441,0.1133,0
TX-100341,CUST-1436,RECIP-8223,42.93,12,2,1710,16,1,0,47.38,0,2.2,0,0,0.414,0.1399,0
TX-100342,CUST-1932,RECIP-8772,30.84,22,5,2200,11,1,0,105.65,1,9.5,0,0,0.0829,0.1765,0
TX-100343,CUST-1772,RECIP-7815,1954.6,7,4,2407,22,1,0,110.52,0,2395.6,0,0,0.1806,0.0065,1
TX-100344,CUST-2358,RECIP-8185,108.36,19,4,235,1746,0,6,66.21,2,20.6,0,0,0.0632,0.3311,0
TX-100345,CUST-1383,RECIP-8767,7087.88,21,2,1659,42,1,0,130.82,4,0.4,0,0,0.8391,0.2928,1
TX-100346,CUST-2487,RECIP-9245,338.89,23,3,239,8,1,0,186.51,1,10.3,0,0,0.2071,0.0448,0
TX-100347,CUST-2404,RECIP-5210,22.41,4,5,1060,994,0,9,49.88,1,16.8,0,0,0.0784,0.081,0
TX-100348,CUST-1271,RECIP-8344,28.9,5,6,1860,1899,0,3,105.03,2,36.5,0,1,0.2338,0.185,0
TX-100349,CUST-1246,RECIP-5784,46.36,5,0,1369,754,0,4,109.7,1,3.7,0,0,0.9317,0.0237,0
TX-100350,CUST-1799,RECIP-9010,111.43,17,5,2025,24,1,0,244.0,0,17.4,0,0,0.0434,0.1318,0
TX-100351,CUST-1067,RECIP-5218,38.75,16,6,2284,24,1,0,116.53,1,4.9,0,1,0.1165,0.2034,0
TX-100352,CUST-1448,RECIP-6110,797.69,9,6,2435,126,0,6,24.92,1,68.4,0,0,0.169,0.1995,0
TX-100353,CUST-1652,RECIP-5864,51.87,2,1,1692,1617,0,3,560.42,1,12.8,1,2,0.0945,0.0239,0
TX-100354,CUST-2454,RECIP-7715,62.49,12,3,1693,1842,0,1,107.66,1,79.9,0,0,0.8705,0.1588,0
TX-100355,CUST-2488,RECIP-5019,41.57,17,0,2013,475,0,3,119.85,1,0.0,0,0,0.2468,0.063,0
TX-100356,CUST-1227,RECIP-5076,99.31,11,0,605,162,0,5,91.27,2,21.3,0,0,0.5424,0.0386,0
TX-100357,CUST-2337,RECIP-7268,397.35,6,3,774,1530,0,2,121.28,0,2010.6,0,0,0.1167,0.1769,0
TX-100358,CUST-1136,RECIP-9372,8.86,14,1,872,1396,0,4,135.96,2,7.6,0,0,0.2995,0.1109,0
TX-100359,CUST-2122,RECIP-7377,307.93,15,1,1868,5,1,0,176.31,2,0.6,0,0,0.1457,0.034,1
TX-100360,CUST-2268,RECIP-7006,10.39,14,2,897,1164,0,2,87.92,1,5.2,0,0,0.4786,0.1075,0
TX-100361,CUST-2336,RECIP-7960,65.05,20,3,374,1187,0,1,16.45,4,29.8,0,1,0.115,0.0646,0
TX-100362,CUST-1335,RECIP-7483,27.31,7,1,2002,32,1,0,70.92,0,82.5,0,0,0.169,0.2179,0
TX-100363,CUST-2340,RECIP-6732,28.91,14,5,1881,671,0,2,83.9,3,2.9,0,0,0.272,0.3743,0
TX-100364,CUST-1173,RECIP-7648,19.56,20,4,1497,1284,0,7,58.8,2,11.4,0,0,0.0758,0.0653,0
TX-100365,CUST-1778,RECIP-5014,138.41,5,5,2207,1876,0,9,43.58,3,1438.5,0,3,0.2486,0.3211,0
TX-100366,CUST-1704,RECIP-6100,54.91,6,6,1985,660,0,1,68.61,0,5.6,0,0,0.2071,0.0821,0
TX-100367,CUST-1473,RECIP-8032,161.8,1,4,2253,765,0,2,186.79,1,30.9,0,0,0.1991,0.2103,0
TX-100368,CUST-1033,RECIP-6536,185.59,8,2,671,1202,0,3,124.43,1,29.0,0,0,0.1995,0.4819,0
TX-100369,CUST-2158,RECIP-5244,66.29,1,6,317,156,0,4,35.6,0,27.5,1,0,0.0856,0.1935,0
TX-100370,CUST-1503,RECIP-5559,792.81,17,3,873,1326,0,10,26.37,1,1022.3,0,0,0.055,0.2182,0
TX-100371,CUST-1992,RECIP-8897,97.43,2,3,2079,35,1,0,26.11,1,33.6,1,0,0.0628,0.1079,1
TX-100372,CUST-1615,RECIP-6483,53.04,16,2,2313,5,1,0,117.73,3,21.1,0,1,0.7809,0.0591,0
TX-100373,CUST-1560,RECIP-5101,246.19,13,0,301,27,1,0,31.63,1,4.2,0,0,0.2496,0.5181,1
TX-100374,CUST-2329,RECIP-8279,455.69,23,6,2143,11,1,0,91.72,2,1.6,0,0,0.3331,0.1152,1
TX-100375,CUST-1141,RECIP-7387,358.62,8,5,1211,350,0,4,159.52,1,7.1,0,0,0.9174,0.0498,0
TX-100376,CUST-2104,RECIP-7031,13.83,8,4,2050,1218,0,6,131.55,2,0.4,0,0,0.6678,0.0925,0
TX-100377,CUST-2120,RECIP-9027,96.45,5,1,1715,927,0,5,75.33,0,4.9,0,3,0.584,0.0428,0
TX-100378,CUST-1569,RECIP-6411,377.49,12,6,178,1011,0,5,313.38,2,1.0,0,3,0.1264,0.3468,0
TX-100379,CUST-1393,RECIP-7576,23.33,5,1,1226,14,1,0,61.7,2,18.0,0,1,0.2741,0.1043,0
TX-100380,CUST-1007,RECIP-8352,81.05,2,1,249,1982,0,2,107.81,2,23.5,0,0,0.5199,0.0948,0
TX-100381,CUST-2405,RECIP-7737,39.41,22,0,869,1172,0,2,73.06,1,5.2,0,1,0.0153,0.0874,0
TX-100382,CUST-2421,RECIP-5935,120.96,16,2,1901,21,1,0,83.99,0,26.6,0,0,0.2283,0.1994,0
TX-100383,CUST-1361,RECIP-8067,2237.45,2,2,1719,26,1,0,180.3,1,22.9,0,0,0.7597,0.0752,1
TX-100384,CUST-1047,RECIP-8345,89.13,14,5,1770,1039,0,2,158.18,2,16.2,0,0,0.0121,0.0186,0
TX-100385,CUST-1184,RECIP-5550,74.83,7,2,1662,736,0,4,24.95,1,12.0,0,1,0.3575,0.0644,0
TX-100386,CUST-1101,RECIP-5744,1040.16,4,6,66,1657,0,3,45.01,0,12.0,0,0,0.1441,0.0786,0
TX-100387,CUST-2246,RECIP-8037,111.9,11,2,1469,1344,0,2,180.98,2,4.2,0,0,0.1023,0.3374,0
TX-100388,CUST-2337,RECIP-5535,45.11,18,3,1227,1156,0,2,36.44,2,2.8,0,0,0.0485,0.2124,0
TX-100389,CUST-1229,RECIP-8961,14.64,0,4,1335,77,0,9,45.43,1,1.7,0,0,0.1419,0.2319,0
TX-100390,CUST-2120,RECIP-5493,2655.48,8,5,555,594,0,3,125.91,2,3.8,0,2,0.6552,0.2958,0
TX-100391,CUST-1268,RECIP-9383,24.34,22,5,1773,570,0,6,201.59,2,3.8,0,0,0.1578,0.2758,0
TX-100392,CUST-1550,RECIP-8021,72.31,9,6,1530,13,1,0,183.46,1,27.8,0,0,0.2707,0.0509,0
TX-100393,CUST-1899,RECIP-6993,144.34,2,6,1025,299,0,4,29.04,0,5.0,0,0,0.8355,0.1382,0
TX-100394,CUST-2079,RECIP-6207,2394.89,10,0,169,800,0,4,79.3,3,4.2,0,1,0.199,0.1534,0
TX-100395,CUST-2311,RECIP-6550,14.75,16,0,199,943,0,3,73.08,2,1.9,0,0,0.0513,0.3702,0
TX-100396,CUST-1067,RECIP-8368,27.4,23,3,916,1496,0,2,61.96,2,1.8,0,0,0.0729,0.0387,0
TX-100397,CUST-1294,RECIP-8389,114.5,15,1,1357,342,0,2,29.83,1,2.0,0,0,0.1664,0.2329,0
TX-100398,CUST-1420,RECIP-5938,15.71,1,3,2492,1235,0,2,271.14,2,25.8,0,0,0.4563,0.2277,0
TX-100399,CUST-1465,RECIP-7442,190.17,19,4,1816,1121,0,2,89.22,1,1.8,0,0,0.2769,0.2144,0
TX-100400,CUST-2497,RECIP-9468,20.74,18,1,1228,1493,0,1,46.74,1,1810.0,0,0,0.2317,0.1076,0
TX-100401,CUST-2166,RECIP-6157,64.96,15,0,768,410,0,5,127.22,1,5.5,0,0,0.3247,0.0157,0
TX-100402,CUST-1480,RECIP-8120,51.28,21,6,446,1223,0,4,85.58,1,21.5,0,0,0.2669,0.1075,0
TX-100403,CUST-2457,RECIP-5774,214.15,18,2,377,863,0,1,182.32,0,7.0,0,0,0.2053,0.0107,0
TX-100404,CUST-1748,RECIP-8753,50.39,5,5,207,562,0,11,67.24,2,1.4,1,0,0.1108,0.2445,0
TX-100405,CUST-1751,RECIP-5766,195.58,10,4,2282,203,0,4,70.15,1,298.9,0,0,0.1007,0.118,0
TX-100406,CUST-1650,RECIP-6339,317.42,12,4,69,798,0,5,99.24,0,0.6,1,0,0.6846,0.0817,0
TX-100407,CUST-1215,RECIP-7066,85.62,11,5,2163,913,0,2,163.33,0,2252.3,0,0,0.0621,0.0981,0
TX-100408,CUST-2401,RECIP-6667,708.42,15,1,1471,158,0,4,46.74,2,28.0,0,0,0.0331,0.4824,0
TX-100409,CUST-1020,RECIP-5765,41.6,16,1,1557,1627,0,3,34.14,2,14.2,0,2,0.0814,0.1668,0
TX-100410,CUST-1261,RECIP-7884,26.48,2,6,2397,1400,0,4,143.21,1,2.8,0,0,0.2075,0.0084,0
TX-100411,CUST-1344,RECIP-5088,21.74,13,4,1972,674,0,4,120.66,0,1.1,0,0,0.4958,0.1235,0
TX-100412,CUST-1418,RECIP-9425,100.08,0,2,393,151,0,3,101.57,2,3.1,1,0,0.3143,0.1342,0
TX-100413,CUST-1197,RECIP-5234,47.64,12,4,2422,1430,0,4,104.08,1,6.6,0,0,0.3101,0.0622,0
TX-100414,CUST-1026,RECIP-6502,142.61,10,2,464,106,0,3,100.09,1,6.8,1,0,0.1077,0.0526,0
TX-100415,CUST-2016,RECIP-9184,64.8,4,6,1436,886,0,8,269.28,1,16.7,0,0,0.2404,0.3291,0
TX-100416,CUST-2453,RECIP-5697,299.13,23,3,1612,461,0,2,114.53,0,17.3,0,0,0.3251,0.2092,0
TX-100417,CUST-1182,RECIP-5328,72.32,6,2,633,514,0,2,84.61,2,1754.3,1,0,0.3263,0.1664,1
TX-100418,CUST-1444,RECIP-8347,8.62,1,4,1586,1525,0,2,45.01,0,3321.1,1,0,0.0137,0.1649,1
TX-100419,CUST-1759,RECIP-5329,245.81,8,5,1607,648,0,6,73.43,3,0.7,0,0,0.1291,0.32,0
TX-100420,CUST-2391,RECIP-9048,60.3,18,2,2450,536,0,3,148.58,1,1.4,0,0,0.2825,0.0923,0
TX-100421,CUST-2041,RECIP-7030,58.12,0,5,2289,647,0,4,170.95,0,1.8,0,0,0.0685,0.0585,0
TX-100422,CUST-2149,RECIP-8911,516.15,11,1,1017,348,0,0,32.74,2,2.7,0,0,0.3113,0.3264,0
TX-100423,CUST-1871,RECIP-6102,63.06,10,1,1734,1500,0,5,190.62,3,1.3,1,0,0.1175,0.2166,0
TX-100424,CUST-1625,RECIP-5635,170.93,20,5,2057,31,1,0,89.56,1,2875.0,0,0,0.0226,0.0156,0
TX-100425,CUST-1299,RECIP-9332,10.27,0,4,94,24,1,0,572.67,1,4.3,0,0,0.0805,0.2284,0
TX-100426,CUST-2296,RECIP-8429,44.52,0,0,1721,657,0,3,244.26,1,26.6,1,4,0.0819,0.4358,0
TX-100427,CUST-2206,RECIP-9099,318.0,13,4,2295,1956,0,4,85.35,2,2208.4,0,1,0.1551,0.1146,0
TX-100428,CUST-1037,RECIP-6439,233.63,4,2,327,33,1,0,40.7,0,7.0,0,1,0.2305,0.5091,0
TX-100429,CUST-2073,RECIP-6821,187.94,16,1,1891,1393,0,0,45.02,0,8.6,0,1,0.0431,0.0529,0
TX-100430,CUST-1126,RECIP-7597,36.78,6,2,179,1721,0,2,65.24,1,25.8,0,0,0.8657,0.027,0
TX-100431,CUST-2108,RECIP-7019,115.53,13,3,1022,2,1,0,374.2,2,1390.1,0,0,0.105,0.0931,0
TX-100432,CUST-2238,RECIP-6091,58.43,0,6,2054,735,0,5,77.02,1,31.3,0,0,0.0947,0.1651,0
TX-100433,CUST-1196,RECIP-6688,131.27,16,3,2469,1996,0,5,114.13,1,15.6,0,0,0.5626,0.034,0
TX-100434,CUST-1650,RECIP-7739,237.49,12,2,1827,1158,0,2,87.03,2,1.2,0,0,0.1109,0.1768,0
TX-100435,CUST-1185,RECIP-5170,111.39,0,5,1812,479,0,3,83.62,2,12.8,0,0,0.9432,0.1368,0
TX-100436,CUST-1850,RECIP-6511,285.08,6,3,670,4,1,0,70.7,1,18.2,0,0,0.2523,0.0694,0
TX-100437,CUST-2391,RECIP-6317,304.85,1,0,2068,1540,0,4,289.6,0,14.5,1,0,0.3083,0.0338,0
TX-100438,CUST-1121,RECIP-5316,24.41,1,4,1657,17,1,0,184.94,0,1.6,0,0,0.0321,0.0628,0
TX-100439,CUST-1596,RECIP-5552,10.67,16,3,2359,585,0,5,33.15,0,4.6,0,0,0.0453,0.1175,0
TX-100440,CUST-2459,RECIP-7230,279.01,10,4,1519,8,1,0,27.96,1,0.3,0,0,0.2302,0.2111,0
TX-100441,CUST-1451,RECIP-5460,98.3,19,1,127,27,1,0,177.92,1,5.7,0,0,0.0549,0.1203,0
TX-100442,CUST-1198,RECIP-6552,424.7,6,3,1292,519,0,3,217.1,1,11.5,0,0,0.0526,0.1175,0
TX-100443,CUST-1732,RECIP-7523,131.7,17,4,1942,165,0,3,48.41,0,12.5,0,0,0.3756,0.2988,0
TX-100444,CUST-1762,RECIP-8932,519.22,14,4,1976,1649,0,2,70.14,2,9.0,0,0,0.042,0.2041,0
TX-100445,CUST-1994,RECIP-5444,208.97,15,4,984,1702,0,4,221.25,3,10.6,0,2,0.0389,0.0383,0
TX-100446,CUST-1470,RECIP-6955,138.61,19,6,452,1818,0,2,156.68,1,14.8,0,0,0.6609,0.3649,0
TX-100447,CUST-2433,RECIP-5463,58.0,16,3,2176,770,0,5,97.37,1,11.0,0,0,0.3113,0.0503,0
TX-100448,CUST-1781,RECIP-6928,50.56,17,3,2063,29,1,0,149.39,2,2.6,0,0,0.0219,0.1715,0
TX-100449,CUST-1429,RECIP-7162,12.69,17,3,2200,1193,0,6,80.84,1,0.5,0,0,0.2829,0.3801,0
TX-100450,CUST-2440,RECIP-8596,179.62,10,2,1686,11,1,0,71.99,0,17.7,1,0,0.7904,0.1192,1
TX-100451,CUST-2387,RECIP-6990,36.14,17,2,2076,35,1,0,217.25,0,10.0,0,0,0.0351,0.0905,0
TX-100452,CUST-1748,RECIP-9209,66.55,20,4,1024,711,0,4,59.37,1,1.6,0,0,0.1224,0.2918,0
TX-100453,CUST-1037,RECIP-5619,85.97,17,2,1954,14,1,0,68.76,2,0.7,0,0,0.2687,0.1342,0
TX-100454,CUST-1895,RECIP-5239,48.89,14,5,1236,19,1,0,349.45,2,10.7,0,0,0.0307,0.2917,0
TX-100455,CUST-1832,RECIP-5020,109.58,1,5,1991,1937,0,3,51.34,0,5.5,0,0,0.1974,0.2751,0
TX-100456,CUST-1222,RECIP-6605,6.08,10,6,391,193,0,5,341.3,1,9.0,1,0,0.0124,0.1133,0
TX-100457,CUST-1950,RECIP-5868,92.24,1,0,762,40,1,0,111.72,1,0.8,0,0,0.0881,0.3698,1
TX-100458,CUST-2261,RECIP-5412,185.88,2,2,559,1001,0,4,98.23,1,0.3,0,0,0.054,0.1202,0
TX-100459,CUST-1158,RECIP-6061,12.68,8,5,1034,1574,0,0,144.69,3,1.8,0,0,0.9261,0.198,0
TX-100460,CUST-2084,RECIP-9387,41.25,11,3,2041,33,1,0,183.62,1,3.8,0,0,0.0184,0.287,0
TX-100461,CUST-1210,RECIP-8601,418.98,12,4,314,977,0,2,272.03,1,7.4,1,0,0.434,0.2097,0
TX-100462,CUST-2123,RECIP-5083,80.61,21,5,1834,20,1,0,82.72,2,18.5,1,0,0.0913,0.1765,0
TX-100463,CUST-1628,RECIP-9119,40.49,18,6,2081,1642,0,2,136.69,1,2.6,0,0,0.8759,0.0738,0
TX-100464,CUST-1009,RECIP-5923,208.63,10,1,1687,17,1,0,70.02,1,34.5,0,0,0.0213,0.1759,0
TX-100465,CUST-2449,RECIP-6826,25.32,8,1,1625,1768,0,9,64.94,1,8.3,0,2,0.0471,0.0451,0
TX-100466,CUST-1248,RECIP-6474,27.95,17,3,371,1432,0,3,107.21,0,13.7,0,0,0.0287,0.1511,0
TX-100467,CUST-1894,RECIP-6822,30.99,6,3,1543,800,0,2,169.87,0,18.9,0,0,0.1276,0.037,0
TX-100468,CUST-1272,RECIP-8423,421.49,21,6,589,34,1,0,49.03,0,6.0,0,1,0.1378,0.0808,0
TX-100469,CUST-2399,RECIP-8206,28.12,18,0,637,1461,0,3,29.53,2,7.3,0,0,0.651,0.1195,0
TX-100470,CUST-2107,RECIP-7673,911.29,16,1,2157,635,0,5,45.45,1,22.4,0,0,0.0625,0.0017,0
TX-100471,CUST-2206,RECIP-7821,325.61,5,6,1549,1997,0,4,68.26,1,8.0,0,0,0.027,0.1645,0
TX-100472,CUST-1648,RECIP-8273,28.71,14,4,2483,35,1,0,256.66,1,1149.2,0,0,0.4224,0.4524,1
TX-100473,CUST-1701,RECIP-5828,12.33,19,4,1152,18,1,0,51.96,0,18.6,0,0,0.3691,0.2329,0
TX-100474,CUST-1951,RECIP-6780,972.57,1,1,913,1041,0,0,141.9,0,12.4,0,0,0.0139,0.0803,0
TX-100475,CUST-2177,RECIP-5484,104.09,4,4,2488,37,1,0,228.9,2,2338.6,0,0,0.1034,0.1317,0
TX-100476,CUST-2270,RECIP-8168,43.33,12,2,1567,1355,0,5,54.86,0,21.5,1,3,0.0472,0.0508,0
TX-100477,CUST-1026,RECIP-6969,74.94,8,5,2161,43,1,0,271.12,0,9.6,0,0,0.4407,0.1391,0
TX-100478,CUST-1995,RECIP-7867,208.49,17,0,139,42,1,0,150.64,0,1958.1,0,1,0.5345,0.3071,0
TX-100479,CUST-1163,RECIP-7541,15.48,9,1,1329,699,0,4,47.29,0,0.8,1,0,0.2119,0.0338,0
TX-100480,CUST-1431,RECIP-6231,432.88,23,4,2047,737,0,4,72.75,3,2.9,0,0,0.0808,0.0822,0
TX-100481,CUST-2244,RECIP-5624,221.61,7,4,2026,41,1,0,53.94,3,2.2,0,1,0.0005,0.1112,0
TX-100482,CUST-1375,RECIP-9378,4356.28,8,5,1796,43,1,0,80.48,1,17.6,0,3,0.0348,0.0507,0
TX-100483,CUST-2195,RECIP-6319,466.75,0,5,436,18,1,0,131.5,0,7.7,0,0,0.8113,0.0378,0
TX-100484,CUST-1694,RECIP-5493,101.63,5,0,1380,15,1,0,59.84,0,3.8,0,0,0.1422,0.0588,0
TX-100485,CUST-1348,RECIP-6376,492.07,5,0,280,14,1,0,128.61,2,2507.8,0,0,0.3054,0.273,0
TX-100486,CUST-1501,RECIP-9060,13.18,18,2,2010,974,0,3,111.38,1,3.0,0,0,0.0766,0.1994,0
TX-100487,CUST-1796,RECIP-6175,105.94,8,6,1587,7,1,0,43.95,0,3.6,0,0,0.139,0.1296,1
TX-100488,CUST-2147,RECIP-9440,5.0,4,3,508,228,0,4,129.07,1,7.9,0,0,0.6533,0.4181,0
TX-100489,CUST-1909,RECIP-7073,447.71,7,6,1825,566,0,4,218.42,1,5.5,0,0,0.0013,0.2691,0
TX-100490,CUST-2399,RECIP-8878,147.54,13,0,1806,627,0,6,81.55,1,10.2,0,0,0.0689,0.2568,0
TX-100491,CUST-2301,RECIP-7938,658.59,18,6,161,1502,0,1,169.5,0,49.4,0,0,0.7168,0.0087,0
TX-100492,CUST-2130,RECIP-5197,45.53,23,0,250,549,0,5,45.31,0,31.7,0,0,0.3216,0.375,0
TX-100493,CUST-1904,RECIP-7292,19.75,1,5,526,5,1,0,309.87,2,7.1,0,0,0.3352,0.109,0
TX-100494,CUST-1434,RECIP-6876,219.27,20,6,203,37,1,0,153.9,1,37.3,0,0,0.2891,0.3271,0
TX-100495,CUST-1618,RECIP-5906,74.88,9,2,1357,42,1,0,165.77,2,7.7,0,2,0.0839,0.227,0
TX-100496,CUST-1178,RECIP-7474,305.99,19,2,2203,28,1,0,59.54,1,14.8,0,2,0.0342,0.1152,1
TX-100497,CUST-1561,RECIP-5463,215.58,0,4,185,190,0,2,166.11,0,3.4,0,0,0.3708,0.0631,0
TX-100498,CUST-2389,RECIP-8142,63.92,15,5,1547,274,0,3,133.41,2,11.9,0,1,0.7662,0.3594,0
TX-100499,CUST-1638,RECIP-8698,86.88,22,0,1077,199,0,2,170.8,2,36.0,0,0,0.1252,0.2787,0
TX-100500,CUST-1170,RECIP-5416,69.2,0,1,2095,856,0,6,259.61,4,1.9,0,0,0.3001,0.2002,0
TX-100501,CUST-1977,RECIP-7156,92.73,18,5,1220,640,0,5,67.97,2,15.7,0,1,0.3415,0.2066,0
TX-100502,CUST-2443,RECIP-7948,51.13,2,5,1681,149,0,3,259.57,2,19.7,0,0,0.0636,0.1111,0
TX-100503,CUST-2301,RECIP-5279,176.41,23,1,2306,1381,0,4,173.66,1,8.5,1,0,0.2472,0.2502,0
TX-100504,CUST-1411,RECIP-6751,13.24,17,6,366,1714,0,0,40.71,1,15.2,0,0,0.035,0.1188,0
TX-100505,CUST-1680,RECIP-6161,10.63,21,6,809,30,1,0,339.24,1,2.0,0,0,0.2899,0.2151,0
TX-100506,CUST-1796,RECIP-5176,54.72,21,6,696,352,0,4,66.24,1,11.2,0,0,0.115,0.0593,0
TX-100507,CUST-1371,RECIP-8618,44.84,7,1,446,1746,0,5,115.06,1,4.5,0,0,0.3766,0.0902,0
TX-100508,CUST-1403,RECIP-7001,50.26,9,4,1630,885,0,3,118.86,2,6.1,0,0,0.0476,0.063,0
TX-100509,CUST-1354,RECIP-8382,351.69,16,1,48,462,0,1,48.31,1,26.0,0,0,0.1777,0.1236,0
TX-100510,CUST-2491,RECIP-7641,103.55,4,1,983,318,0,3,189.55,1,3.6,0,0,0.2788,0.0298,0
TX-100511,CUST-2119,RECIP-8941,210.8,7,0,330,1548,0,0,71.35,0,0.7,0,1,0.2827,0.3194,0
TX-100512,CUST-2261,RECIP-9486,159.03,2,3,1549,557,0,5,38.1,1,6.4,0,0,0.2766,0.2016,0
TX-100513,CUST-2224,RECIP-7709,472.52,21,4,1884,1303,0,5,53.63,0,26.9,0,0,0.4543,0.1163,0
TX-100514,CUST-2438,RECIP-6584,44.36,5,1,1183,34,1,0,25.45,2,9.5,0,0,0.2842,0.0754,0
TX-100515,CUST-1157,RECIP-6903,168.95,9,1,1128,1857,0,1,36.49,2,11.2,1,0,0.0999,0.1744,0
TX-100516,CUST-2322,RECIP-8714,70.75,10,1,1140,1448,0,5,208.38,2,11.5,0,0,0.1183,0.2212,0
TX-100517,CUST-1099,RECIP-6919,26.47,9,1,520,1559,0,3,31.44,2,19.5,0,0,0.0317,0.0149,0
TX-100518,CUST-1713,RECIP-7338,23.5,18,5,957,31,1,0,128.32,1,14.1,0,1,0.0093,0.2131,0
TX-100519,CUST-1891,RECIP-5873,70.39,21,1,2334,3,1,0,64.08,3,21.5,0,0,0.2392,0.2458,0
TX-100520,CUST-1536,RECIP-9455,286.61,13,1,131,39,1,0,223.1,2,2.9,0,0,0.0804,0.2136,0
TX-100521,CUST-1219,RECIP-7928,47.24,20,2,1975,1579,0,4,97.65,1,1002.5,0,0,0.064,0.0131,0
TX-100522,CUST-1288,RECIP-6485,51.44,2,1,436,1519,0,2,40.2,3,10.1,0,0,0.4069,0.1748,0
TX-100523,CUST-2236,RECIP-7632,41.82,23,6,312,658,0,3,153.8,0,2.3,0,1,0.1152,0.108,0
TX-100524,CUST-1478,RECIP-6805,23.96,2,1,735,27,1,0,74.42,1,0.4,0,0,0.0886,0.2163,0
TX-100525,CUST-1465,RECIP-5696,52.62,1,3,694,8,1,0,163.88,1,0.2,0,0,0.1476,0.0368,0
TX-100526,CUST-2385,RECIP-8936,311.57,0,3,811,1555,0,3,126.46,0,59.1,0,0,0.4495,0.1048,0
TX-100527,CUST-1215,RECIP-8985,119.95,5,1,2128,1575,0,6,44.9,0,2821.7,0,0,0.0345,0.1361,0
TX-100528,CUST-2372,RECIP-8757,446.21,20,3,2264,44,1,0,89.91,5,3095.2,1,0,0.9285,0.2274,1
TX-100529,CUST-2381,RECIP-6658,59.16,7,1,1740,30,1,0,64.59,2,2.5,0,0,0.2123,0.2807,0
TX-100530,CUST-1897,RECIP-6153,129.71,18,3,391,28,1,0,81.61,0,0.0,0,0,0.1172,0.0617,0
TX-100531,CUST-1248,RECIP-5223,46.21,10,0,2365,36,1,0,89.32,0,4.5,0,0,0.3507,0.0244,0
TX-100532,CUST-1233,RECIP-8291,238.66,2,3,2123,7,1,0,29.97,2,8.1,0,2,0.15,0.1021,1
TX-100533,CUST-1427,RECIP-6475,351.36,11,2,218,1707,0,9,123.85,0,2664.6,0,0,0.1646,0.1396,0
TX-100534,CUST-1866,RECIP-9014,25.22,5,2,986,26,1,0,77.26,4,5.8,0,1,0.2636,0.0964,0
TX-100535,CUST-1230,RECIP-8914,64.37,6,0,1945,387,0,3,38.01,1,3.8,0,0,0.0428,0.2326,0
TX-100536,CUST-1683,RECIP-5576,139.63,12,6,250,1954,0,2,41.37,0,4.5,0,0,0.1979,0.0955,0
TX-100537,CUST-1173,RECIP-9126,376.55,18,0,218,1557,0,0,26.88,1,4.3,0,0,0.2438,0.193,0
TX-100538,CUST-1810,RECIP-5631,5.1,14,1,1526,1870,0,6,427.08,2,28.0,0,0,0.0249,0.0391,0
TX-100539,CUST-1031,RECIP-7206,44.56,5,0,861,1864,0,6,96.48,2,0.7,0,0,0.035,0.0926,0
TX-100540,CUST-2063,RECIP-7132,5.46,17,6,1120,40,1,0,130.63,2,21.6,0,0,0.9105,0.2237,0
TX-100541,CUST-1083,RECIP-9303,206.97,16,2,1884,129,0,6,291.12,2,2.9,0,3,0.0139,0.0248,0
TX-100542,CUST-1292,RECIP-7957,90.1,5,3,1375,25,1,0,766.6,0,2.2,0,0,0.103,0.1754,0
TX-100543,CUST-1261,RECIP-8938,278.25,20,5,1786,38,1,0,58.05,4,6.5,0,0,0.9087,0.1579,1
TX-100544,CUST-2246,RECIP-7681,69.23,20,0,341,32,1,0,66.88,0,2557.0,0,0,0.1528,0.1123,0
TX-100545,CUST-1080,RECIP-8713,69.96,14,0,35,1339,0,6,46.49,2,13.4,0,1,0.2708,0.1465,0
TX-100546,CUST-1643,RECIP-8834,133.35,7,1,651,260,0,2,88.28,1,3495.7,0,0,0.2333,0.1447,0
TX-100547,CUST-1886,RECIP-8868,98.29,8,4,528,1641,0,5,25.48,0,891.0,0,0,0.2078,0.1136,0
TX-100548,CUST-1773,RECIP-6852,50.4,10,6,830,6,1,0,263.76,1,60.0,0,0,0.1733,0.4176,0
TX-100549,CUST-2021,RECIP-6718,235.28,4,4,1953,259,0,1,144.03,2,16.6,0,0,0.0639,0.2541,0
TX-100550,CUST-2204,RECIP-9431,304.34,7,6,405,24,1,0,84.76,0,1.6,0,0,0.3444,0.0409,0
TX-100551,CUST-1590,RECIP-8404,128.16,3,6,341,17,1,0,33.08,3,58.1,0,0,0.5524,0.053,0
TX-100552,CUST-2242,RECIP-9127,411.61,3,1,525,1130,0,4,291.44,1,5.1,0,0,0.0742,0.2128,0
TX-100553,CUST-1476,RECIP-7598,455.41,17,1,836,4,1,0,71.13,0,16.7,0,0,0.1908,0.0532,0
TX-100554,CUST-2476,RECIP-9180,289.53,3,1,517,561,0,6,364.56,0,3422.9,0,0,0.1709,0.0913,0
TX-100555,CUST-1756,RECIP-8238,91.38,11,5,484,1363,0,1,79.17,1,15.2,0,0,0.3173,0.0781,0
TX-100556,CUST-2104,RECIP-8341,135.38,10,4,1461,422,0,5,104.83,1,7.7,0,0,0.1269,0.2061,0
TX-100557,CUST-2312,RECIP-5800,15.44,1,6,305,894,0,4,38.9,0,67.3,0,0,0.0075,0.0993,0
TX-100558,CUST-2188,RECIP-7550,100.39,19,3,410,6,1,0,245.44,0,25.3,0,0,0.2706,0.3875,0
TX-100559,CUST-2276,RECIP-8291,77.44,23,6,2096,26,1,0,28.3,1,1398.7,1,0,0.1481,0.2588,0
TX-100560,CUST-1804,RECIP-8424,39.51,15,6,74,1366,0,0,177.76,1,28.1,0,3,0.3699,0.2513,0
TX-100561,CUST-1065,RECIP-9309,117.22,16,5,181,18,1,0,279.71,2,32.6,0,0,0.1144,0.3108,0
TX-100562,CUST-1739,RECIP-6471,31.64,5,5,201,1409,0,5,28.53,2,6.4,0,0,0.3311,0.1009,0
TX-100563,CUST-1272,RECIP-6361,16.16,20,0,1354,1520,0,3,199.83,2,10.2,0,0,0.0291,0.0279,0
TX-100564,CUST-2333,RECIP-9362,6.45,18,5,1746,800,0,1,292.5,2,14.0,0,0,0.3543,0.3297,0
TX-100565,CUST-1355,RECIP-9437,13.42,10,6,1740,195,0,3,137.52,1,11.2,0,0,0.7481,0.1779,0
TX-100566,CUST-1342,RECIP-5809,23.44,16,2,1734,41,1,0,154.53,0,2.8,0,0,0.3159,0.1728,1
TX-100567,CUST-1374,RECIP-6702,91.64,22,5,172,685,0,3,132.67,1,3.9,0,0,0.2892,0.1444,0
TX-100568,CUST-1963,RECIP-9266,127.11,14,2,881,43,1,0,104.61,3,10.1,1,0,0.0314,0.1114,0
TX-100569,CUST-1856,RECIP-5898,45.62,4,1,1594,23,1,0,46.13,0,1.7,0,0,0.9052,0.0512,0
TX-100570,CUST-2423,RECIP-8524,172.42,7,5,1714,635,0,5,95.51,1,11.8,0,0,0.1832,0.0996,0
TX-100571,CUST-1624,RECIP-5505,125.14,4,1,855,3,1,0,79.26,2,1396.7,0,1,0.0019,0.111,0
TX-100572,CUST-1423,RECIP-5802,141.79,7,3,2121,9,1,0,406.79,0,28.9,1,0,0.2858,0.0676,0
TX-100573,CUST-1073,RECIP-8532,30.67,21,6,2088,1213,0,4,94.61,3,1390.5,0,2,0.2407,0.0804,0
TX-100574,CUST-1010,RECIP-7733,340.79,4,1,1921,64,0,3,97.15,2,38.2,1,2,0.1059,0.1976,0
TX-100575,CUST-1560,RECIP-7496,49.6,21,1,2000,42,1,0,114.64,1,3.2,0,0,0.6742,0.1081,0
TX-100576,CUST-2388,RECIP-8854,597.66,6,6,2438,120,0,2,139.53,1,3.1,0,2,0.681,0.0489,1
TX-100577,CUST-1785,RECIP-6382,21.81,11,5,1990,185,0,9,55.64,1,1.7,0,0,0.1494,0.0735,0
TX-100578,CUST-2340,RECIP-7264,66.47,12,3,1476,1355,0,1,203.01,1,16.5,0,0,0.0632,0.1461,0
TX-100579,CUST-1152,RECIP-7738,16.45,3,2,1014,778,0,3,93.65,2,32.3,0,0,0.9537,0.215,0
TX-100580,CUST-1139,RECIP-8329,9.8,4,6,924,112,0,3,172.59,0,12.6,0,0,0.023,0.1166,0
TX-100581,CUST-2250,RECIP-6494,41.13,7,5,2061,31,1,0,50.56,1,11.4,0,0,0.2042,0.1843,0
TX-100582,CUST-1160,RECIP-7851,192.18,1,6,760,795,0,3,89.84,0,3.8,0,0,0.2619,0.1356,0
TX-100583,CUST-1077,RECIP-7017,42.95,18,0,1586,35,1,0,303.48,2,9.3,0,0,0.093,0.3796,0
TX-100584,CUST-1606,RECIP-7438,164.97,13,3,1271,1891,0,2,442.61,1,3.0,0,0,0.3186,0.3175,0
TX-100585,CUST-2387,RECIP-8881,32.89,20,5,965,258,0,1,164.48,5,11.4,0,4,0.0458,0.1028,0
TX-100586,CUST-2034,RECIP-6771,383.44,20,0,1143,27,1,0,43.02,2,2.4,0,0,0.1744,0.2915,0
TX-100587,CUST-1148,RECIP-8006,34.91,8,3,229,1315,0,2,25.01,0,26.1,0,0,0.1185,0.1105,0
TX-100588,CUST-2255,RECIP-9238,437.4,19,0,1782,1955,0,5,164.41,1,29.1,0,0,0.2058,0.2411,0
TX-100589,CUST-2265,RECIP-8430,91.58,1,6,195,44,1,0,440.08,1,1.2,1,0,0.4388,0.1533,0
TX-100590,CUST-2201,RECIP-9449,324.29,10,4,212,373,0,1,74.46,0,0.7,0,0,0.2826,0.0695,0
TX-100591,CUST-2353,RECIP-7625,33.59,15,1,650,1817,0,1,86.43,3,1.2,1,0,0.0616,0.2318,0
TX-100592,CUST-1359,RECIP-6268,132.05,11,3,1342,157,0,1,122.52,0,15.8,0,0,0.2364,0.0824,0
TX-100593,CUST-2469,RECIP-9461,24.71,17,0,769,932,0,4,657.99,4,2932.6,1,0,0.0377,0.0573,0
TX-100594,CUST-1481,RECIP-7900,117.13,20,5,2204,31,1,0,114.99,3,4.8,0,0,0.0803,0.2189,0
TX-100595,CUST-2203,RECIP-6086,38.81,10,1,2320,12,1,0,116.48,0,38.9,0,2,0.291,0.3186,0
TX-100596,CUST-1869,RECIP-6427,26.04,6,4,1001,635,0,3,75.45,1,19.2,0,0,0.0728,0.3358,0
TX-100597,CUST-2169,RECIP-6180,33.81,13,0,2499,260,0,2,108.36,1,21.0,0,0,0.1593,0.2015,0
TX-100598,CUST-1941,RECIP-8751,15.32,20,1,249,1700,0,4,233.71,1,12.4,0,2,0.8648,0.4398,0
TX-100599,CUST-1963,RECIP-5416,98.23,23,6,384,553,0,2,61.62,0,1.7,0,0,0.2711,0.114,0
TX-100600,CUST-1924,RECIP-8329,106.15,19,2,887,1230,0,2,205.19,1,333.2,1,0,0.3919,0.1998,0
TX-100601,CUST-2168,RECIP-7493,36.71,5,0,2358,34,1,0,211.95,1,601.7,1,0,0.0178,0.1222,0
TX-100602,CUST-2108,RECIP-5330,35.38,4,4,1273,1406,0,1,55.31,1,0.1,0,0,0.3139,0.2153,0
TX-100603,CUST-1201,RECIP-7760,16.21,13,1,1775,1605,0,3,182.32,1,1.2,0,2,0.2107,0.1243,0
TX-100604,CUST-2239,RECIP-8389,41.53,9,4,1642,138,0,5,468.43,0,1754.7,0,0,0.1895,0.1364,0
TX-100605,CUST-1804,RECIP-8266,137.43,14,5,1261,1461,0,4,40.1,1,0.3,0,3,0.4652,0.0619,0
TX-100606,CUST-1484,RECIP-7378,38.63,22,4,2331,1342,0,1,89.65,2,55.6,0,0,0.1131,0.1851,0
TX-100607,CUST-1771,RECIP-6509,109.09,13,1,2388,208,0,4,121.54,1,3029.3,0,0,0.2216,0.1366,0
TX-100608,CUST-2450,RECIP-5737,158.36,8,1,1136,572,0,5,133.86,6,9.6,0,0,0.1012,0.3172,0
TX-100609,CUST-2286,RECIP-5055,22.39,20,1,1792,1711,0,4,49.12,0,9.4,0,0,0.0158,0.1003,0
TX-100610,CUST-2250,RECIP-6617,927.46,10,4,1571,920,0,1,39.13,2,2.8,0,1,0.1102,0.1582,0
TX-100611,CUST-1694,RECIP-7845,227.48,14,4,1496,246,0,4,57.5,2,9.9,0,0,0.6742,0.1364,0
TX-100612,CUST-2176,RECIP-5169,56.19,3,3,280,1305,0,3,107.79,1,60.2,0,0,0.1726,0.1799,0
TX-100613,CUST-1577,RECIP-9494,12.06,12,2,547,1584,0,5,70.35,0,14.8,0,0,0.4463,0.3084,0
TX-100614,CUST-2029,RECIP-7636,26.95,10,0,2475,900,0,7,191.97,1,28.5,0,0,0.0563,0.0382,0
TX-100615,CUST-1959,RECIP-6325,713.97,2,5,633,276,0,4,247.59,1,10.0,0,0,0.3227,0.0127,0
TX-100616,CUST-1374,RECIP-9329,137.21,5,4,1639,312,0,5,52.47,2,35.8,0,0,0.0064,0.1069,0
TX-100617,CUST-1399,RECIP-5827,45.81,16,4,2281,790,0,4,128.28,0,29.4,0,0,0.1355,0.1949,0
TX-100618,CUST-1091,RECIP-9309,51.09,4,0,1518,999,0,5,107.66,0,10.6,0,0,0.1069,0.4056,0
TX-100619,CUST-1209,RECIP-6267,392.23,3,2,561,35,1,0,673.86,0,1357.6,0,0,0.0309,0.1166,0
TX-100620,CUST-1650,RECIP-6708,134.59,1,2,2153,28,1,0,72.75,2,16.4,0,0,0.944,0.0936,0
TX-100621,CUST-1716,RECIP-6914,54.37,0,4,109,552,0,4,135.93,0,0.7,0,0,0.288,0.4676,0
TX-100622,CUST-1247,RECIP-9476,13.79,10,5,1816,7,1,0,446.22,0,998.4,1,0,0.1475,0.0427,0
TX-100623,CUST-1625,RECIP-6129,68.15,11,6,687,24,1,0,22.44,1,23.5,0,0,0.2539,0.0584,0
TX-100624,CUST-1906,RECIP-9377,162.22,14,3,1611,417,0,6,302.73,3,2.1,1,1,0.122,0.031,0
TX-100625,CUST-1348,RECIP-6561,146.16,13,2,1216,10,1,0,62.92,1,2187.7,0,1,0.069,0.1574,0
TX-100626,CUST-1507,RECIP-6283,27.56,12,2,1435,1807,0,5,33.61,1,10.2,0,2,0.3898,0.4975,0
TX-100627,CUST-1551,RECIP-7871,83.06,23,5,973,1400,0,5,126.47,0,17.1,0,2,0.1253,0.2785,0
TX-100628,CUST-1757,RECIP-8121,157.36,5,2,1336,16,1,0,116.43,1,12.5,0,2,0.2007,0.0802,0
TX-100629,CUST-1549,RECIP-6552,409.51,17,2,2341,1789,0,0,158.97,1,35.9,0,4,0.4366,0.1766,0
TX-100630,CUST-2105,RECIP-5603,56.98,1,5,2071,8,1,0,176.07,1,30.8,0,0,0.0364,0.0807,0
TX-100631,CUST-1491,RECIP-6782,612.92,20,3,1063,1304,0,7,92.41,1,7.5,0,0,0.663,0.0742,0
TX-100632,CUST-1650,RECIP-7431,148.71,8,3,2354,1390,0,1,374.25,4,25.1,0,0,0.1847,0.0688,0
TX-100633,CUST-1569,RECIP-5180,45.14,8,5,2225,203,0,5,284.8,0,10.8,0,0,0.1272,0.0305,0
TX-100634,CUST-1274,RECIP-5353,269.8,3,2,1579,1920,0,6,140.55,2,36.8,0,0,0.0589,0.0231,0
TX-100635,CUST-2028,RECIP-9130,7.75,12,0,1498,1298,0,1,131.2,0,5.1,0,0,0.1957,0.2604,0
TX-100636,CUST-1353,RECIP-5161,28.41,9,5,117,527,0,6,243.83,1,3.8,1,0,0.083,0.0589,0
TX-100637,CUST-1445,RECIP-6830,448.44,23,3,1324,1655,0,2,103.76,0,7.4,0,0,0.0969,0.0458,0
TX-100638,CUST-2189,RECIP-8437,52.48,4,2,555,34,1,0,39.96,0,7.8,0,0,0.3513,0.064,1
TX-100639,CUST-2423,RECIP-6476,14.3,10,0,425,222,0,6,92.86,3,5.0,0,0,0.3017,0.0364,0
TX-100640,CUST-2006,RECIP-7226,34.01,21,6,2150,1370,0,3,78.04,0,4.5,0,0,0.8588,0.0872,0
TX-100641,CUST-2374,RECIP-5389,89.95,19,5,699,323,0,4,111.6,1,6.3,0,0,0.17,0.1043,0
TX-100642,CUST-2281,RECIP-8574,58.73,18,1,1550,43,1,0,41.46,0,25.4,0,0,0.433,0.2577,0
TX-100643,CUST-1721,RECIP-7853,129.92,12,4,2171,1374,0,1,45.75,3,49.0,0,0,0.1248,0.135,0
TX-100644,CUST-2155,RECIP-8832,59.41,20,3,1506,364,0,5,238.86,3,12.2,0,1,0.121,0.0551,0
TX-100645,CUST-1492,RECIP-8887,44.55,5,2,1956,1595,0,2,106.6,0,47.6,0,2,0.1191,0.0208,0
TX-100646,CUST-1690,RECIP-6578,683.19,19,2,1944,946,0,2,81.73,2,0.6,0,0,0.1026,0.0602,0
TX-100647,CUST-1803,RECIP-5185,24.59,13,0,1135,745,0,3,73.32,1,0.3,0,0,0.8869,0.0781,0
TX-100648,CUST-2440,RECIP-6558,103.59,8,6,2306,257,0,6,90.07,0,12.9,0,0,0.0742,0.0275,0
TX-100649,CUST-2272,RECIP-5653,28.64,5,6,2275,1486,0,6,114.99,0,2.2,1,0,0.436,0.2786,0
TX-100650,CUST-1733,RECIP-7399,69.59,12,6,864,378,0,7,29.32,0,3233.7,0,0,0.1335,0.0805,0
TX-100651,CUST-1978,RECIP-5658,120.94,0,2,2053,384,0,6,75.19,1,20.3,0,0,0.0669,0.3201,0
TX-100652,CUST-1303,RECIP-9148,57.03,17,6,482,575,0,5,117.7,0,2.8,0,0,0.0597,0.3851,0
TX-100653,CUST-2206,RECIP-7710,82.92,5,1,306,26,1,0,90.86,1,5.0,1,0,0.0769,0.1568,0
TX-100654,CUST-1829,RECIP-6138,182.05,9,5,1339,1765,0,3,27.49,3,6.7,0,1,0.0355,0.3049,0
TX-100655,CUST-1799,RECIP-9145,505.0,4,0,1526,1511,0,5,103.45,0,7.5,0,1,0.189,0.2789,0
TX-100656,CUST-2149,RECIP-8463,541.64,11,2,1471,32,1,0,98.89,0,16.2,0,0,0.0756,0.0717,0
TX-100657,CUST-1949,RECIP-6969,287.89,8,4,2003,446,0,4,60.38,1,12.3,0,0,0.1725,0.2397,0
TX-100658,CUST-1108,RECIP-5659,329.26,4,6,995,1317,0,4,50.79,2,1.9,0,2,0.05,0.1875,0
TX-100659,CUST-1432,RECIP-6547,136.58,21,1,2026,736,0,5,118.09,0,18.7,0,0,0.1934,0.0617,0
TX-100660,CUST-1265,RECIP-7628,142.53,18,3,2258,19,1,0,110.4,1,21.8,0,0,0.0529,0.1121,0
TX-100661,CUST-2102,RECIP-8446,259.09,9,5,255,1280,0,4,144.11,0,8.8,0,0,0.5788,0.1624,0
TX-100662,CUST-1052,RECIP-6178,87.21,1,3,1139,383,0,3,484.68,1,16.0,0,0,0.2567,0.1899,0
TX-100663,CUST-1303,RECIP-8341,106.63,20,4,584,731,0,4,156.69,1,64.7,0,0,0.3763,0.0879,0
TX-100664,CUST-1896,RECIP-6272,94.04,16,2,1651,826,0,2,59.11,1,11.2,1,0,0.7912,0.2193,0
TX-100665,CUST-2042,RECIP-6110,221.85,13,0,1050,1755,0,3,261.43,1,6.9,0,0,0.0509,0.4405,0
TX-100666,CUST-1754,RECIP-7011,270.26,14,1,725,1936,0,2,84.28,0,18.3,0,0,0.7231,0.1741,0
TX-100667,CUST-2291,RECIP-5723,87.1,0,3,651,1916,0,2,84.52,1,9.0,0,0,0.173,0.1408,0
TX-100668,CUST-2378,RECIP-6820,59.18,11,0,906,1083,0,0,51.77,4,14.9,0,0,0.3514,0.1603,0
TX-100669,CUST-1198,RECIP-6610,27.76,4,1,299,1306,0,2,156.64,2,36.3,1,0,0.001,0.3621,0
TX-100670,CUST-2428,RECIP-6260,108.67,15,6,288,13,1,0,81.4,0,1917.0,0,0,0.0454,0.3455,0
TX-100671,CUST-1921,RECIP-8490,51.48,22,0,1583,1577,0,4,198.02,1,15.3,0,0,0.0073,0.2635,0
TX-100672,CUST-1954,RECIP-6492,12.37,12,1,2358,33,1,0,159.2,2,34.0,0,0,0.1982,0.4573,0
TX-100673,CUST-1142,RECIP-8127,75.82,14,4,1283,1818,0,4,54.54,1,7.2,0,0,0.1127,0.2205,0
TX-100674,CUST-1932,RECIP-8241,92.55,16,3,2320,3,1,0,50.28,0,20.5,0,0,0.3365,0.2858,1
TX-100675,CUST-2088,RECIP-7996,210.33,22,1,412,1421,0,4,123.61,1,1.4,0,0,0.3021,0.3142,0
TX-100676,CUST-1871,RECIP-6211,84.89,0,0,2433,1244,0,3,261.21,0,7.2,0,4,0.0276,0.3796,0
TX-100677,CUST-1126,RECIP-8732,27.98,7,6,1478,1560,0,3,227.74,0,7.8,0,0,0.0627,0.2242,0
TX-100678,CUST-1784,RECIP-6064,266.98,6,3,1867,1863,0,7,322.53,3,7.8,0,0,0.0017,0.0836,0
TX-100679,CUST-2403,RECIP-6247,8.81,17,4,183,215,0,8,116.75,0,32.8,0,0,0.015,0.1125,0
TX-100680,CUST-2085,RECIP-8937,15.94,10,0,1522,1714,0,6,204.21,0,325.1,0,0,0.2072,0.1167,0
TX-100681,CUST-1206,RECIP-6528,64.52,18,1,976,33,1,0,242.97,4,0.0,1,0,0.0641,0.3303,0
TX-100682,CUST-2439,RECIP-8136,60.75,11,0,2249,1748,0,4,468.03,3,1.8,1,0,0.0676,0.2058,0
TX-100683,CUST-2438,RECIP-5190,64.99,23,6,1987,592,0,2,141.44,1,30.5,0,1,0.1253,0.0332,0
TX-100684,CUST-1254,RECIP-7764,33.8,18,5,2164,38,1,0,78.49,1,22.2,0,0,0.1129,0.1282,0
TX-100685,CUST-2201,RECIP-8909,238.41,0,3,2228,197,0,2,249.3,0,44.4,0,2,0.1805,0.172,0
TX-100686,CUST-1610,RECIP-8189,67.05,23,4,1810,178,0,2,38.88,0,16.0,0,0,0.0556,0.2253,0
TX-100687,CUST-1890,RECIP-7620,162.68,22,1,635,1203,0,4,236.47,2,17.9,0,0,0.3894,0.1552,0
TX-100688,CUST-1667,RECIP-8820,124.62,1,6,728,1943,0,5,287.86,1,21.9,0,0,0.8781,0.0215,0
TX-100689,CUST-2173,RECIP-6341,34.79,9,3,2152,499,0,4,225.7,1,35.2,0,2,0.6796,0.0973,0
TX-100690,CUST-2494,RECIP-6695,28.87,23,3,1515,1593,0,1,52.09,2,4.9,0,0,0.0214,0.0604,0
TX-100691,CUST-2192,RECIP-5312,74.44,20,6,2232,214,0,3,124.67,0,472.1,0,0,0.1768,0.1301,0
TX-100692,CUST-2397,RECIP-8142,479.59,11,0,1993,185,0,4,239.0,0,3.9,0,0,0.3259,0.1159,0
TX-100693,CUST-2419,RECIP-8255,7.5,13,2,1528,1242,0,3,156.75,2,7.8,0,0,0.2313,0.4472,0
TX-100694,CUST-1135,RECIP-8381,13.31,0,0,406,6,1,0,108.66,2,2.7,0,0,0.6716,0.2644,1
TX-100695,CUST-1380,RECIP-8369,29.61,13,2,2455,34,1,0,124.14,0,1881.9,0,0,0.7364,0.1601,0
TX-100696,CUST-2082,RECIP-5573,500.25,15,1,630,1834,0,7,1065.11,0,5.3,0,0,0.8091,0.0732,0
TX-100697,CUST-1885,RECIP-7997,23.39,8,3,638,1781,0,3,50.23,1,1.0,0,0,0.0457,0.042,0
TX-100698,CUST-1075,RECIP-8434,247.99,7,4,390,87,0,5,40.77,2,985.4,0,0,0.7563,0.1202,0
TX-100699,CUST-1142,RECIP-5917,205.03,19,1,200,1940,0,8,52.07,2,24.8,0,0,0.3791,0.1748,0
TX-100700,CUST-1780,RECIP-7144,270.26,10,0,956,95,0,4,521.47,3,14.0,1,0,0.1008,0.2845,0
TX-100701,CUST-1924,RECIP-9109,28.9,6,1,2113,24,1,0,181.32,1,2.0,1,0,0.3384,0.0089,0
TX-100702,CUST-1251,RECIP-6866,87.23,8,5,2168,1580,0,1,69.46,2,11.1,0,0,0.2279,0.0258,0
TX-100703,CUST-1256,RECIP-8389,170.45,11,4,1242,12,1,0,561.85,1,2.4,0,0,0.1902,0.2774,0
TX-100704,CUST-1194,RECIP-7386,121.53,6,6,807,7,1,0,44.96,1,72.1,0,1,0.8034,0.072,0
TX-100705,CUST-1847,RECIP-7959,1791.39,13,6,885,1151,0,2,67.63,1,482.8,0,0,0.8153,0.1358,0
TX-100706,CUST-1011,RECIP-7819,648.6,20,1,2299,23,1,0,43.51,1,4.0,0,0,0.1006,0.3071,0
TX-100707,CUST-1858,RECIP-7929,289.27,17,5,166,42,1,0,111.16,3,20.4,0,4,0.1348,0.0575,0
TX-100708,CUST-1713,RECIP-8507,176.42,5,0,171,1711,0,5,149.71,2,39.6,0,0,0.0663,0.1521,0
TX-100709,CUST-1698,RECIP-9069,192.13,11,0,189,1265,0,7,117.48,2,1.8,1,2,0.5469,0.0724,0
TX-100710,CUST-2018,RECIP-6330,272.17,13,5,2223,1974,0,4,258.03,0,13.8,0,0,0.0779,0.1035,0
TX-100711,CUST-1783,RECIP-9177,577.55,16,2,254,12,1,0,77.9,2,16.7,1,0,0.4209,0.1152,1
TX-100712,CUST-2091,RECIP-7825,248.11,18,6,2355,1310,0,3,84.83,3,3005.6,0,0,0.7346,0.2262,0
TX-100713,CUST-2145,RECIP-7680,308.96,11,0,483,942,0,6,131.82,1,36.3,0,0,0.7534,0.1134,0
TX-100714,CUST-2380,RECIP-6474,113.21,7,3,1384,1291,0,7,416.6,1,4.7,0,0,0.2664,0.0736,0
TX-100715,CUST-2198,RECIP-6875,269.47,15,2,2426,40,1,0,148.6,1,1.0,0,0,0.8804,0.3509,0
TX-100716,CUST-1776,RECIP-7932,93.7,3,6,316,1025,0,3,84.57,0,2.7,0,0,0.6527,0.0059,0
TX-100717,CUST-1738,RECIP-6636,52.28,16,4,725,1973,0,4,191.55,1,4.7,0,0,0.1021,0.1727,0
TX-100718,CUST-1353,RECIP-6292,53.27,21,5,1827,25,1,0,89.39,1,32.7,0,0,0.0359,0.1815,0
TX-100719,CUST-1899,RECIP-8685,98.08,17,2,2048,462,0,1,127.08,3,3.6,1,0,0.2032,0.2323,0
TX-100720,CUST-1208,RECIP-6869,2009.64,10,6,2271,30,1,0,91.82,1,11.8,0,0,0.0999,0.0884,0
TX-100721,CUST-2396,RECIP-7900,54.78,19,5,77,868,0,3,41.85,3,0.2,0,0,0.4113,0.1302,0
TX-100722,CUST-2267,RECIP-5140,17.4,12,5,1949,503,0,7,64.3,0,13.9,0,0,0.2526,0.2657,0
TX-100723,CUST-1179,RECIP-5347,181.23,12,3,824,553,0,3,329.53,0,5.5,0,1,0.5432,0.1733,0
TX-100724,CUST-2178,RECIP-8816,76.79,20,6,1407,413,0,7,131.11,0,5.2,0,0,0.1109,0.3203,0
TX-100725,CUST-1175,RECIP-5639,8.84,4,4,2268,17,1,0,117.0,1,25.4,0,0,0.2598,0.1687,0
TX-100726,CUST-2081,RECIP-8581,14.96,18,0,2258,30,1,0,107.01,0,14.1,0,0,0.2879,0.0907,0
TX-100727,CUST-1131,RECIP-9050,119.44,16,6,487,1816,0,4,83.9,2,6.5,0,2,0.0756,0.1872,0
TX-100728,CUST-1732,RECIP-7166,179.68,12,0,1192,119,0,4,107.8,1,35.8,0,0,0.0837,0.1967,0
TX-100729,CUST-1986,RECIP-8980,298.17,1,4,731,376,0,4,78.58,2,24.1,0,0,0.219,0.0881,0
TX-100730,CUST-2093,RECIP-6922,578.53,18,1,1548,1150,0,3,125.95,1,3201.1,0,2,0.2554,0.1008,0
TX-100731,CUST-1627,RECIP-9283,43.31,5,6,2071,333,0,4,47.18,1,3.3,0,1,0.2308,0.0704,0
TX-100732,CUST-2382,RECIP-6067,160.82,21,5,815,20,1,0,174.59,1,1368.4,0,0,0.0559,0.0833,0
TX-100733,CUST-2161,RECIP-6925,34.19,19,5,329,19,1,0,98.21,1,34.7,1,0,0.3077,0.1614,0
TX-100734,CUST-1312,RECIP-6750,35.44,8,4,188,35,1,0,39.68,0,65.9,0,0,0.3431,0.0233,0
TX-100735,CUST-2006,RECIP-8528,108.27,10,3,161,1203,0,7,83.35,0,0.9,0,0,0.1908,0.0838,0
TX-100736,CUST-2095,RECIP-5196,1349.91,0,6,935,649,0,4,77.19,1,9.0,0,0,0.0491,0.0707,0
TX-100737,CUST-1500,RECIP-8727,159.96,11,2,2415,1228,0,3,219.91,2,56.9,0,0,0.0343,0.1908,0
TX-100738,CUST-2107,RECIP-5105,99.13,1,3,651,1109,0,2,91.13,1,11.3,0,0,0.0079,0.25,0
TX-100739,CUST-2347,RECIP-6420,318.65,23,2,1029,44,1,0,57.23,2,2644.1,1,0,0.2563,0.2508,1
TX-100740,CUST-2225,RECIP-7682,59.08,15,0,1697,37,1,0,23.15,2,23.0,0,0,0.301,0.2202,0
TX-100741,CUST-2143,RECIP-5654,95.57,5,6,1654,11,1,0,66.65,4,1.8,1,3,0.442,0.1213,1
TX-100742,CUST-1951,RECIP-7205,352.77,19,3,696,13,1,0,249.49,1,1.1,0,0,0.4357,0.437,0
TX-100743,CUST-1405,RECIP-9486,186.8,0,0,343,257,0,5,145.92,0,0.9,1,2,0.786,0.0959,1
TX-100744,CUST-2192,RECIP-8704,105.42,13,5,416,1552,0,3,53.77,3,10.2,0,0,0.2208,0.1583,0
TX-100745,CUST-1546,RECIP-5135,178.87,2,6,573,1826,0,5,90.36,2,23.4,0,1,0.2879,0.228,0
TX-100746,CUST-1798,RECIP-7662,362.82,1,4,242,444,0,5,109.61,1,13.2,0,0,0.019,0.2746,0
TX-100747,CUST-1471,RECIP-7688,21.19,5,2,1166,1669,0,5,334.9,1,7.9,0,0,0.0341,0.0677,0
TX-100748,CUST-1469,RECIP-5307,91.23,7,6,1625,37,1,0,103.68,0,11.9,0,3,0.0777,0.003,0
TX-100749,CUST-1236,RECIP-7925,14.74,17,5,1697,1315,0,1,69.33,2,2059.5,0,0,0.2396,0.3474,0
TX-100750,CUST-2441,RECIP-7344,956.76,21,1,2275,10,1,0,134.01,2,23.8,0,0,0.4515,0.1213,0
TX-100751,CUST-1221,RECIP-8068,52.05,18,2,754,23,1,0,165.91,3,11.1,0,0,0.0792,0.3004,0
TX-100752,CUST-1129,RECIP-6338,391.14,17,6,1647,1801,0,6,182.47,1,1.1,0,0,0.3805,0.1528,0
TX-100753,CUST-2404,RECIP-6150,316.09,13,6,2215,1506,0,3,179.84,0,30.4,0,0,0.2663,0.0049,0
TX-100754,CUST-1832,RECIP-8311,843.81,8,4,100,910,0,5,512.91,2,3.6,0,0,0.0287,0.1778,0
TX-100755,CUST-1656,RECIP-8247,65.79,6,0,1959,1264,0,4,41.57,0,5.8,0,1,0.0448,0.3587,0
TX-100756,CUST-2106,RECIP-5727,118.02,22,1,247,26,1,0,93.27,0,12.9,0,0,0.7154,0.1104,0
TX-100757,CUST-1574,RECIP-5973,84.65,12,2,1392,744,0,4,101.89,2,2466.7,0,0,0.2223,0.1409,0
TX-100758,CUST-1191,RECIP-7638,382.8,13,3,2081,18,1,0,39.24,0,22.9,0,0,0.4784,0.1136,0
TX-100759,CUST-2094,RECIP-8730,87.28,0,6,1164,85,0,5,44.52,3,12.6,0,0,0.6805,0.2888,0
TX-100760,CUST-1263,RECIP-5908,31.44,10,5,1412,1599,0,1,84.7,1,2.1,0,0,0.0564,0.4257,0
TX-100761,CUST-1829,RECIP-5986,13.87,16,1,1560,19,1,0,78.17,3,11.8,0,1,0.0615,0.1361,0
TX-100762,CUST-2423,RECIP-8635,360.15,11,0,1457,1437,0,6,69.83,2,8.3,0,0,0.4594,0.1215,0
TX-100763,CUST-2404,RECIP-8135,129.4,14,1,1837,9,1,0,26.74,0,9.7,0,0,0.0476,0.0782,0
TX-100764,CUST-1541,RECIP-9060,111.48,19,1,2152,988,0,4,44.31,1,6.7,1,2,0.2499,0.3498,0
TX-100765,CUST-2170,RECIP-8525,490.62,0,6,363,37,1,0,66.89,2,9.3,0,0,0.3847,0.1806,0
TX-100766,CUST-1919,RECIP-9289,106.13,21,0,1057,531,0,6,85.17,3,42.6,0,0,0.3545,0.1218,0
TX-100767,CUST-1719,RECIP-5850,17.65,19,5,2136,1818,0,5,126.92,3,0.6,0,0,0.1473,0.055,0
TX-100768,CUST-1209,RECIP-6223,205.2,10,4,972,848,0,2,83.72,1,27.6,0,0,0.21,0.3122,0
TX-100769,CUST-1564,RECIP-6070,175.44,18,0,1238,42,1,0,61.67,1,10.4,0,0,0.4212,0.3933,0
TX-100770,CUST-1977,RECIP-5249,197.95,1,4,1863,309,0,3,132.86,3,9.3,1,0,0.122,0.3704,0
TX-100771,CUST-2479,RECIP-8505,1054.16,7,4,2340,616,0,1,123.26,2,8.1,0,0,0.0072,0.1308,0
TX-100772,CUST-1007,RECIP-7977,98.66,2,0,651,35,1,0,50.64,1,3133.1,0,0,0.1521,0.1249,0
TX-100773,CUST-2076,RECIP-5386,736.52,15,1,2390,21,1,0,442.72,2,2464.9,0,0,0.0498,0.045,0
TX-100774,CUST-2269,RECIP-5891,27.33,20,2,1783,894,0,4,18.36,1,3258.6,0,0,0.1543,0.1792,0
TX-100775,CUST-2426,RECIP-5858,321.84,14,1,105,1384,0,7,167.06,2,22.7,1,0,0.3951,0.1208,0
TX-100776,CUST-1635,RECIP-6813,28.52,17,4,2158,1234,0,4,200.75,1,3.9,0,0,0.29,0.1215,0
TX-100777,CUST-1177,RECIP-7049,121.49,3,4,979,6,1,0,221.24,3,18.7,0,0,0.0775,0.0664,0
TX-100778,CUST-1406,RECIP-6300,361.26,22,1,727,819,0,4,129.72,1,13.9,1,0,0.3331,0.2104,0
TX-100779,CUST-2275,RECIP-9185,79.45,4,0,1329,1422,0,1,36.38,3,31.2,0,0,0.1304,0.1276,0
TX-100780,CUST-2316,RECIP-5957,423.04,12,4,1453,1436,0,4,439.51,1,28.0,0,0,0.6671,0.0504,0
TX-100781,CUST-1955,RECIP-7528,193.15,16,3,1362,9,1,0,36.55,1,1021.5,0,1,0.5382,0.1316,1
TX-100782,CUST-1184,RECIP-6970,83.99,20,1,166,26,1,0,45.39,0,17.0,0,0,0.4857,0.24,0
TX-100783,CUST-1182,RECIP-6744,197.01,22,1,2061,414,0,4,67.68,3,39.6,0,0,0.1212,0.3548,0
TX-100784,CUST-1717,RECIP-8716,87.71,14,0,874,234,0,5,39.19,1,2199.5,0,0,0.0996,0.2358,0
TX-100785,CUST-1882,RECIP-9402,87.27,13,5,378,277,0,3,39.43,1,0.8,0,1,0.1657,0.3257,0
TX-100786,CUST-1048,RECIP-5026,9579.13,10,5,1427,1941,0,3,52.0,0,10.6,0,1,0.0929,0.0719,0
TX-100787,CUST-2029,RECIP-7086,30.44,13,3,1567,36,1,0,23.47,0,3.9,0,0,0.0252,0.3382,0
TX-100788,CUST-1816,RECIP-5536,152.98,16,2,285,681,0,1,109.86,2,0.7,0,0,0.054,0.1196,0
TX-100789,CUST-1018,RECIP-6951,213.41,15,1,2358,925,0,2,72.41,0,1.4,0,0,0.287,0.2006,0
TX-100790,CUST-1143,RECIP-7776,308.7,14,2,1513,1063,0,9,83.51,0,9.6,0,0,0.2286,0.2758,0
TX-100791,CUST-1681,RECIP-6852,28.96,10,6,2491,326,0,0,124.26,2,9.8,0,0,0.1471,0.0566,0
TX-100792,CUST-2083,RECIP-6390,148.8,4,0,1686,1814,0,2,91.36,1,23.8,1,0,0.0841,0.0917,0
TX-100793,CUST-2238,RECIP-6404,57.07,1,5,54,39,1,0,61.62,0,2.8,1,0,0.1304,0.196,0
TX-100794,CUST-1646,RECIP-6349,88.64,10,2,544,1151,0,1,141.37,1,1.2,0,0,0.0486,0.0412,0
TX-100795,CUST-1443,RECIP-6465,59.34,9,1,2432,1034,0,6,81.77,2,2.0,0,0,0.4498,0.1411,0
TX-100796,CUST-2452,RECIP-6682,53.79,14,5,1412,1878,0,6,54.64,1,4.9,1,0,0.1328,0.2669,0
TX-100797,CUST-1687,RECIP-8095,526.92,21,6,331,1963,0,6,89.96,0,33.9,0,0,0.0749,0.0084,0
TX-100798,CUST-1473,RECIP-5432,2949.01,16,6,213,304,0,3,259.79,1,11.8,0,1,0.188,0.1039,0
TX-100799,CUST-1663,RECIP-5183,20.63,19,1,1356,1443,0,5,65.31,2,18.0,0,0,0.3145,0.133,0
TX-100800,CUST-1018,RECIP-7325,70.11,13,4,1497,376,0,3,163.43,1,24.1,0,0,0.3535,0.0842,0
TX-100801,CUST-1452,RECIP-8068,82.32,22,2,638,83,0,5,47.74,0,16.3,0,4,0.235,0.2568,0
TX-100802,CUST-1773,RECIP-6164,422.7,22,1,511,1131,0,4,101.9,2,13.1,0,0,0.0872,0.2088,0
TX-100803,CUST-2377,RECIP-5905,26.41,3,2,1527,985,0,7,122.94,2,36.8,0,0,0.4408,0.0168,0
TX-100804,CUST-2107,RECIP-7811,43.93,15,0,1105,1014,0,3,52.19,1,7.0,0,0,0.3604,0.1229,0
TX-100805,CUST-2171,RECIP-6728,41.13,12,1,121,35,1,0,76.75,0,9.0,1,0,0.3593,0.0692,0
TX-100806,CUST-1817,RECIP-8312,10.73,23,4,172,1308,0,6,49.21,1,2.9,0,0,0.715,0.1023,0
TX-100807,CUST-1165,RECIP-5659,10.86,14,4,618,1051,0,5,52.73,1,3.4,0,0,0.2808,0.0677,0
TX-100808,CUST-1586,RECIP-5545,121.87,0,1,1423,172,0,3,98.8,2,3.4,0,0,0.3052,0.1513,0
TX-100809,CUST-2495,RECIP-7487,245.59,5,3,772,715,0,6,333.38,0,25.6,0,0,0.4393,0.1188,0
TX-100810,CUST-1066,RECIP-6766,117.38,3,5,66,24,1,0,136.46,1,19.8,0,0,0.2002,0.103,0
TX-100811,CUST-2318,RECIP-8282,199.4,4,6,2291,4,1,0,102.4,2,15.4,0,0,0.0283,0.0877,1
TX-100812,CUST-2026,RECIP-7277,25.87,2,3,1742,1499,0,5,289.84,1,68.2,0,0,0.352,0.0445,0
TX-100813,CUST-1425,RECIP-6595,794.66,18,1,1471,1016,0,6,37.5,0,6.8,0,0,0.3769,0.1479,0
TX-100814,CUST-2166,RECIP-5718,85.35,11,4,633,228,0,6,275.31,0,27.6,0,1,0.1223,0.1748,0
TX-100815,CUST-2255,RECIP-5735,64.66,16,1,1779,41,1,0,75.99,4,1404.6,0,1,0.2727,0.2101,0
TX-100816,CUST-1064,RECIP-8401,899.99,23,0,2367,748,0,4,124.35,0,16.5,0,0,0.1223,0.0383,0
TX-100817,CUST-1159,RECIP-6019,57.81,15,2,1699,1192,0,2,167.69,0,14.3,0,0,0.8065,0.3446,0
TX-100818,CUST-1998,RECIP-7261,19.87,11,2,760,8,1,0,145.04,1,3383.4,0,0,0.9216,0.0722,0
TX-100819,CUST-2498,RECIP-8681,326.83,6,1,998,829,0,3,77.11,3,1.8,0,0,0.1907,0.1627,0
TX-100820,CUST-1035,RECIP-9040,23.7,18,0,2324,1946,0,1,188.83,0,0.9,0,2,0.1349,0.1978,0
TX-100821,CUST-1998,RECIP-6204,73.72,12,6,64,505,0,3,74.6,1,6.4,1,0,0.1013,0.2596,0
TX-100822,CUST-1204,RECIP-5493,74.2,18,4,576,726,0,6,74.32,2,8.6,0,0,0.4223,0.0376,0
TX-100823,CUST-1975,RECIP-8486,92.7,0,5,294,415,0,4,97.63,0,1.0,1,0,0.2458,0.2216,0
TX-100824,CUST-1934,RECIP-8092,19.52,3,0,1613,17,1,0,147.96,2,20.7,1,0,0.1687,0.1929,0
TX-100825,CUST-1135,RECIP-6490,120.72,3,5,1163,30,1,0,48.02,0,4.1,0,0,0.1135,0.0641,0
TX-100826,CUST-2021,RECIP-7671,41.41,16,2,358,21,1,0,52.22,0,19.8,0,0,0.0166,0.6092,0
TX-100827,CUST-2345,RECIP-5849,160.29,12,5,2354,1772,0,1,27.76,0,2.4,0,0,0.3944,0.4693,0
TX-100828,CUST-2295,RECIP-8153,241.72,7,3,1392,1787,0,1,82.24,2,11.9,0,1,0.0665,0.004,0
TX-100829,CUST-1043,RECIP-8272,94.29,7,1,644,688,0,4,224.07,0,23.1,0,1,0.0772,0.0471,0
TX-100830,CUST-1368,RECIP-6347,47.7,14,1,2366,1602,0,1,1132.09,0,20.8,0,1,0.25,0.2365,0
TX-100831,CUST-1361,RECIP-7108,521.58,23,0,1754,1019,0,1,122.12,2,25.6,0,0,0.023,0.0555,0
TX-100832,CUST-1679,RECIP-6503,140.93,23,5,350,881,0,8,348.71,1,311.5,0,0,0.0393,0.2067,0
TX-100833,CUST-1214,RECIP-5140,37.9,11,3,2071,2,1,0,104.34,3,1.0,0,0,0.1242,0.0124,0
TX-100834,CUST-2281,RECIP-5572,25.51,16,5,175,189,0,6,110.19,1,1.9,0,0,0.0621,0.0496,0
TX-100835,CUST-2165,RECIP-9319,135.62,2,5,2269,943,0,5,92.64,2,10.1,1,0,0.3422,0.0093,0
TX-100836,CUST-2212,RECIP-7052,62.05,22,1,1001,1356,0,3,98.44,2,6.4,0,2,0.0552,0.5423,0
TX-100837,CUST-1297,RECIP-5664,26.59,0,2,754,1746,0,1,98.85,0,2.2,1,0,0.0174,0.1852,0
TX-100838,CUST-1021,RECIP-5199,98.04,8,0,162,859,0,6,79.66,1,1704.3,0,0,0.5043,0.1381,0
TX-100839,CUST-2365,RECIP-6590,22.54,17,0,2330,327,0,1,384.48,0,38.1,0,0,0.0638,0.091,0
TX-100840,CUST-1433,RECIP-9422,98.04,23,6,1412,969,0,0,153.87,1,26.6,0,0,0.0579,0.3653,0
TX-100841,CUST-1984,RECIP-6731,120.2,4,4,1531,625,0,1,59.65,0,38.5,0,0,0.1802,0.1922,0
TX-100842,CUST-2364,RECIP-9497,35.09,15,3,2130,1842,0,5,164.49,2,10.4,0,0,0.0323,0.1907,0
TX-100843,CUST-1054,RECIP-7202,129.48,4,1,1285,1408,0,2,215.15,2,4.1,0,0,0.0987,0.3469,0
TX-100844,CUST-1008,RECIP-8437,38.62,1,4,745,1816,0,1,40.41,2,21.2,0,0,0.1708,0.0312,0
TX-100845,CUST-1008,RECIP-8534,85.73,10,3,1952,662,0,4,221.68,0,15.9,0,2,0.058,0.2404,0
TX-100846,CUST-1234,RECIP-5126,110.43,13,1,1339,924,0,4,200.45,2,8.8,0,0,0.0054,0.0774,0
TX-100847,CUST-1077,RECIP-5027,97.61,6,0,619,217,0,3,134.91,1,13.5,0,1,0.0378,0.1753,0
TX-100848,CUST-2229,RECIP-9151,285.96,23,3,2116,322,0,2,334.02,2,16.3,0,0,0.0593,0.1379,0
TX-100849,CUST-1908,RECIP-9196,17.01,14,3,2037,786,0,1,216.9,0,47.5,0,0,0.1406,0.051,0
TX-100850,CUST-2470,RECIP-5596,198.15,10,5,640,36,1,0,75.21,1,20.4,1,0,0.0031,0.0146,0
TX-100851,CUST-2202,RECIP-7906,47.59,11,2,1635,1372,0,2,113.81,2,22.1,0,0,0.1118,0.0043,0
TX-100852,CUST-2444,RECIP-9156,237.03,11,0,2304,477,0,1,296.34,1,4.3,0,0,0.081,0.2961,0
TX-100853,CUST-1357,RECIP-9277,598.37,2,6,2004,1968,0,3,72.45,2,12.7,0,3,0.5568,0.2328,0
TX-100854,CUST-1431,RECIP-6333,98.02,14,2,520,1573,0,5,76.75,2,1.8,0,2,0.3507,0.1843,0
TX-100855,CUST-2274,RECIP-8678,161.83,18,5,2143,21,1,0,128.12,1,12.3,0,0,0.229,0.0686,0
TX-100856,CUST-1367,RECIP-7908,133.74,10,0,169,654,0,0,87.84,2,25.2,0,1,0.4865,0.0112,0
TX-100857,CUST-1085,RECIP-9175,256.99,10,0,1554,5,1,0,664.03,1,0.1,0,0,0.4059,0.1832,0
TX-100858,CUST-2003,RECIP-5660,69.71,21,0,1293,1064,0,1,289.03,1,35.3,0,1,0.0216,0.0324,0
TX-100859,CUST-2201,RECIP-7704,185.91,14,5,120,1568,0,3,536.38,1,45.1,0,0,0.3356,0.1906,0
TX-100860,CUST-2452,RECIP-5110,41.18,7,1,1823,32,1,0,260.64,2,842.2,0,0,0.3759,0.458,0
TX-100861,CUST-2391,RECIP-6607,1778.91,0,5,765,1168,0,5,121.9,1,19.0,0,0,0.0271,0.1026,0
TX-100862,CUST-1180,RECIP-5051,27.83,19,6,2135,1950,0,5,23.35,0,8.2,0,0,0.067,0.0028,0
TX-100863,CUST-2158,RECIP-6993,53.53,15,4,2198,1018,0,2,135.01,0,72.4,0,0,0.335,0.0656,0
TX-100864,CUST-2269,RECIP-8649,44.35,15,6,1488,592,0,1,44.6,1,36.5,0,0,0.077,0.4085,0
TX-100865,CUST-2047,RECIP-7961,136.25,6,6,1578,391,0,6,31.9,0,54.8,0,0,0.3637,0.0958,0
TX-100866,CUST-2229,RECIP-6425,207.95,4,5,158,791,0,5,249.43,0,20.4,0,0,0.1115,0.0078,0
TX-100867,CUST-2256,RECIP-6921,161.04,11,5,2228,626,0,7,44.99,1,5.7,0,0,0.3437,0.1734,0
TX-100868,CUST-1669,RECIP-6653,49.98,18,4,1713,448,0,5,59.96,1,64.8,0,0,0.0625,0.1193,0
TX-100869,CUST-1060,RECIP-8292,447.45,7,1,979,937,0,3,71.55,2,433.5,0,1,0.0225,0.3442,0
TX-100870,CUST-1684,RECIP-6197,323.83,12,0,241,567,0,6,114.04,3,21.0,0,0,0.4722,0.2198,0
TX-100871,CUST-1302,RECIP-5413,120.33,23,2,1276,28,1,0,97.59,0,693.5,0,0,0.1624,0.0675,0
TX-100872,CUST-1170,RECIP-7280,45.88,5,3,2255,2,1,0,179.13,3,14.2,0,0,0.3188,0.2528,0
TX-100873,CUST-1187,RECIP-8734,20.28,5,2,2160,1240,0,10,157.66,2,0.9,0,0,0.0249,0.2092,0
TX-100874,CUST-2046,RECIP-7147,2183.83,5,0,273,1519,0,7,31.41,1,24.8,0,2,0.8254,0.1763,0
TX-100875,CUST-1756,RECIP-5918,63.71,21,3,1912,4,1,0,322.85,0,37.5,0,0,0.4084,0.0696,0
TX-100876,CUST-1809,RECIP-5207,256.94,12,3,232,1392,0,4,43.18,2,8.7,0,0,0.0117,0.1066,0
TX-100877,CUST-2117,RECIP-9247,278.54,22,6,962,43,1,0,47.69,2,13.3,0,0,0.1852,0.2409,0
TX-100878,CUST-1822,RECIP-8423,55.21,22,6,1134,1138,0,4,380.21,0,38.7,0,0,0.334,0.2087,0
TX-100879,CUST-1945,RECIP-5699,91.05,10,4,85,193,0,5,95.53,2,10.2,0,0,0.0292,0.118,0
TX-100880,CUST-1129,RECIP-5332,1161.08,1,5,369,584,0,1,236.13,1,4.3,1,0,0.3018,0.2684,0
TX-100881,CUST-2276,RECIP-5581,441.19,7,2,2204,1958,0,0,172.67,3,4.5,0,0,0.4703,0.1488,0
TX-100882,CUST-1673,RECIP-6694,59.94,13,6,1584,36,1,0,141.32,0,848.7,1,0,0.0656,0.3735,1
TX-100883,CUST-1232,RECIP-8653,183.74,9,6,1972,699,0,7,59.15,2,0.8,0,0,0.2207,0.1297,0
TX-100884,CUST-2219,RECIP-5719,97.1,0,0,1441,163,0,3,86.21,1,11.6,0,0,0.1944,0.1609,0
TX-100885,CUST-2101,RECIP-8684,492.29,23,4,1139,42,1,0,352.25,0,9.1,0,0,0.555,0.2009,0
TX-100886,CUST-1079,RECIP-5008,43.32,7,3,74,1517,0,3,59.59,2,5.8,0,1,0.1443,0.0161,0
TX-100887,CUST-1289,RECIP-8324,28.58,14,1,1379,198,0,2,105.21,0,11.2,1,0,0.1904,0.2919,0
TX-100888,CUST-1023,RECIP-6270,100.34,22,2,1933,33,1,0,147.09,1,403.4,0,0,0.7728,0.1494,0
TX-100889,CUST-1406,RECIP-9322,107.77,13,6,534,1729,0,1,74.18,2,0.7,0,0,0.1964,0.0297,0
TX-100890,CUST-1149,RECIP-7141,116.79,16,6,1242,601,0,5,59.32,3,3.0,0,1,0.0171,0.0782,0
TX-100891,CUST-2064,RECIP-6217,70.8,0,2,1047,61,0,3,87.14,2,10.6,0,0,0.1325,0.07,0
TX-100892,CUST-1783,RECIP-6093,243.96,16,3,2181,250,0,2,85.75,0,11.3,0,0,0.3157,0.1439,0
TX-100893,CUST-2470,RECIP-8719,478.66,20,3,433,1817,0,1,32.32,0,18.1,0,0,0.1235,0.2773,0
TX-100894,CUST-2124,RECIP-6813,38.28,22,5,290,1851,0,2,122.5,3,6.0,0,0,0.3294,0.0379,0
TX-100895,CUST-1917,RECIP-6584,69.94,2,3,550,380,0,3,269.72,0,22.0,0,0,0.3012,0.2272,0
TX-100896,CUST-1763,RECIP-8310,13.98,5,2,415,603,0,3,8.08,2,2.7,0,2,0.7592,0.0426,0
TX-100897,CUST-1081,RECIP-7418,95.97,1,6,2120,415,0,2,114.21,0,21.2,0,0,0.2105,0.291,0
TX-100898,CUST-1105,RECIP-7987,44.59,22,2,673,33,1,0,10.47,3,0.7,0,2,0.4291,0.0624,0
TX-100899,CUST-1924,RECIP-7005,56.0,6,1,925,1662,0,2,301.22,1,4.9,0,1,0.6393,0.0236,0
TX-100900,CUST-1006,RECIP-5288,75.9,12,2,665,1533,0,3,63.86,1,34.3,0,1,0.4735,0.0483,0
TX-100901,CUST-1063,RECIP-5026,1417.39,11,2,2042,33,1,0,100.29,0,6.4,0,0,0.0264,0.1028,0
TX-100902,CUST-1328,RECIP-5175,66.49,16,3,1670,1408,0,3,46.59,2,26.9,0,0,0.0459,0.1759,0
TX-100903,CUST-2326,RECIP-7585,779.32,21,4,1200,556,0,3,437.97,1,22.9,0,2,0.2621,0.2171,0
TX-100904,CUST-1688,RECIP-7311,79.0,7,0,2003,1823,0,2,474.72,0,1.7,0,0,0.7157,0.316,0
TX-100905,CUST-2064,RECIP-8363,18.43,18,6,204,1217,0,6,43.22,0,47.5,0,1,0.5547,0.0908,0
TX-100906,CUST-1617,RECIP-9025,38.51,6,1,1705,12,1,0,39.62,2,35.9,0,0,0.0849,0.1147,0
TX-100907,CUST-1259,RECIP-5785,170.3,4,0,922,41,1,0,186.53,1,9.8,0,1,0.1626,0.1275,0
TX-100908,CUST-1556,RECIP-9307,178.76,2,4,966,8,1,0,189.82,2,8.7,0,0,0.0578,0.0288,0
TX-100909,CUST-1137,RECIP-9192,84.77,8,1,420,615,0,3,74.35,0,6.9,0,1,0.0516,0.1104,0
TX-100910,CUST-2155,RECIP-7771,871.03,13,5,269,1387,0,2,45.02,2,1700.7,0,0,0.2974,0.1363,0
TX-100911,CUST-1275,RECIP-7386,104.89,18,6,1743,148,0,4,306.86,3,3013.9,0,0,0.0643,0.5248,0
TX-100912,CUST-1564,RECIP-5794,177.15,20,4,2129,507,0,5,81.23,1,27.1,0,0,0.099,0.1767,0
TX-100913,CUST-2470,RECIP-5802,81.9,12,5,2281,1106,0,4,77.76,0,5.1,0,0,0.7348,0.1242,0
TX-100914,CUST-1887,RECIP-5083,21.4,9,3,631,5,1,0,108.75,1,10.2,1,0,0.2514,0.2441,0
TX-100915,CUST-1687,RECIP-7906,38.87,4,2,1914,11,1,0,32.72,1,0.5,1,1,0.0922,0.1351,1
TX-100916,CUST-1814,RECIP-6949,44.33,21,4,304,79,0,1,61.85,0,41.0,0,0,0.1034,0.153,0
TX-100917,CUST-2176,RECIP-5863,23.19,9,2,1952,16,1,0,46.52,2,0.6,0,0,0.0307,0.1179,0
TX-100918,CUST-1381,RECIP-5602,22.02,18,6,1428,534,0,4,22.35,0,30.2,1,0,0.3019,0.1834,0
TX-100919,CUST-1954,RECIP-5285,120.58,15,3,2158,36,1,0,51.9,1,7.1,0,0,0.516,0.1165,0
TX-100920,CUST-2309,RECIP-7884,79.25,22,3,196,396,0,4,94.83,1,16.1,0,1,0.3024,0.166,0
TX-100921,CUST-1858,RECIP-8083,176.91,23,4,1948,613,0,6,54.25,0,392.1,0,0,0.1837,0.2789,0
TX-100922,CUST-1669,RECIP-7842,565.06,16,1,1183,92,0,6,88.63,1,1.5,0,0,0.0068,0.1135,0
TX-100923,CUST-1217,RECIP-5498,192.5,15,3,1434,1095,0,10,44.23,0,3.5,0,1,0.0986,0.2344,0
TX-100924,CUST-1372,RECIP-5186,173.94,3,5,1361,1062,0,4,155.64,2,8.6,1,0,0.5251,0.0945,0
TX-100925,CUST-2419,RECIP-5477,16.34,0,5,1794,6,1,0,206.28,0,1214.3,0,0,0.0364,0.1387,0
TX-100926,CUST-1811,RECIP-8382,156.61,13,1,1509,1512,0,3,161.68,2,22.7,0,2,0.026,0.0297,0
TX-100927,CUST-1452,RECIP-8329,79.79,16,0,1057,31,1,0,110.84,0,7.3,0,0,0.2196,0.0921,0
TX-100928,CUST-1627,RECIP-6326,301.52,17,1,1105,2,1,0,182.0,1,2.2,0,0,0.5144,0.0853,0
TX-100929,CUST-1867,RECIP-5248,21.02,6,5,204,872,0,1,62.06,3,8.2,1,0,0.2826,0.1429,0
TX-100930,CUST-1806,RECIP-6438,217.51,12,1,1818,32,1,0,54.32,1,27.9,0,0,0.3806,0.1915,0
TX-100931,CUST-2049,RECIP-8643,43.89,20,0,1772,10,1,0,93.38,0,2.6,0,0,0.1418,0.1587,0
TX-100932,CUST-1386,RECIP-5645,27.66,2,4,1430,828,0,4,65.52,2,1.8,0,0,0.0516,0.1502,0
TX-100933,CUST-1973,RECIP-8582,778.27,9,6,1812,388,0,2,275.9,1,5.0,0,0,0.6593,0.0179,0
TX-100934,CUST-1664,RECIP-7085,90.82,22,1,694,1763,0,6,450.11,2,44.6,0,0,0.1808,0.0167,0
TX-100935,CUST-2410,RECIP-5636,74.05,4,0,582,15,1,0,712.55,1,36.2,0,0,0.2389,0.3694,0
TX-100936,CUST-1236,RECIP-9202,240.0,7,0,2314,161,0,4,198.14,0,5.9,0,0,0.3696,0.3585,0
TX-100937,CUST-1222,RECIP-7332,59.15,11,0,2386,242,0,3,130.18,0,6.0,0,0,0.4893,0.08,0
TX-100938,CUST-1692,RECIP-8021,53.89,16,1,2136,625,0,9,22.77,3,80.3,0,0,0.5008,0.109,0
TX-100939,CUST-1762,RECIP-5434,63.97,6,1,159,1885,0,3,72.59,0,5.2,0,1,0.1644,0.2196,0
TX-100940,CUST-2036,RECIP-6672,71.29,19,4,1385,250,0,4,57.04,2,11.6,0,3,0.2596,0.0859,0
TX-100941,CUST-1606,RECIP-7846,63.17,5,1,1847,838,0,2,60.27,1,9.5,0,0,0.0945,0.1502,0
TX-100942,CUST-2370,RECIP-7904,25.7,8,3,121,831,0,8,274.16,1,1.0,1,0,0.0448,0.3068,0
TX-100943,CUST-1711,RECIP-5283,84.93,13,2,2422,27,1,0,295.16,1,10.3,0,0,0.3507,0.3569,0
TX-100944,CUST-1194,RECIP-7719,112.04,0,4,1974,1222,0,4,72.43,0,24.3,0,0,0.7138,0.213,0
TX-100945,CUST-1178,RECIP-9250,195.78,18,4,793,3,1,0,62.74,0,50.2,0,1,0.7944,0.0798,1
TX-100946,CUST-2460,RECIP-8538,2203.22,16,4,1280,1625,0,1,84.29,2,39.3,0,0,0.006,0.0607,0
TX-100947,CUST-1201,RECIP-5934,276.76,20,6,2283,112,0,4,25.21,2,0.8,0,0,0.6655,0.1071,0
TX-100948,CUST-2421,RECIP-9106,121.38,6,1,2138,4,1,0,261.36,1,36.3,0,1,0.2068,0.1755,0
TX-100949,CUST-1417,RECIP-8073,188.93,9,3,2071,16,1,0,185.0,3,2.2,0,0,0.1013,0.1687,0
TX-100950,CUST-1140,RECIP-5256,45.24,21,2,2460,643,0,1,39.34,1,46.8,0,0,0.0916,0.1105,0
TX-100951,CUST-1457,RECIP-5577,105.67,1,3,1867,573,0,5,39.92,1,762.7,1,0,0.3376,0.0354,0
TX-100952,CUST-1922,RECIP-9145,120.3,11,0,2340,1774,0,6,346.21,0,62.9,1,0,0.3978,0.3739,0
TX-100953,CUST-1641,RECIP-5943,11.56,11,2,2385,1369,0,4,187.77,1,3.1,0,2,0.6667,0.2191,0
TX-100954,CUST-2178,RECIP-5435,82.98,10,6,78,525,0,4,400.33,1,3004.7,0,0,0.133,0.3209,0
TX-100955,CUST-1916,RECIP-7029,97.27,10,5,1645,1304,0,3,56.72,0,1.0,0,0,0.1098,0.0767,0
TX-100956,CUST-1601,RECIP-7365,39.25,17,2,854,1674,0,9,391.59,0,26.0,0,1,0.2505,0.0474,0
TX-100957,CUST-1951,RECIP-7578,233.66,4,0,1252,424,0,6,50.11,1,20.0,0,0,0.1508,0.1878,0
TX-100958,CUST-2457,RECIP-7964,4561.35,21,4,444,21,1,0,115.06,0,14.5,0,0,0.124,0.0296,1
TX-100959,CUST-1617,RECIP-9494,124.14,21,2,1698,6,1,0,27.86,1,2.4,1,0,0.1506,0.0181,0
TX-100960,CUST-1230,RECIP-8416,23.5,4,2,2091,1833,0,7,70.17,1,9.5,0,0,0.07,0.2815,0
TX-100961,CUST-1613,RECIP-5116,67.35,23,0,1047,772,0,2,118.49,0,17.3,1,0,0.5718,0.0573,0
TX-100962,CUST-2260,RECIP-5398,31.57,6,2,1754,1376,0,7,75.71,1,0.3,0,0,0.104,0.1141,0
TX-100963,CUST-1326,RECIP-5001,786.76,1,1,832,44,1,0,165.94,2,18.0,0,0,0.2863,0.0914,0
TX-100964,CUST-2423,RECIP-6778,47.48,9,0,1881,686,0,4,56.15,4,7.6,0,0,0.0482,0.0376,0
TX-100965,CUST-1882,RECIP-6576,103.69,19,4,233,709,0,2,103.44,1,19.0,0,2,0.1012,0.3717,0
TX-100966,CUST-1902,RECIP-9200,285.99,20,6,2203,1732,0,5,80.54,0,6.5,0,0,0.2733,0.1391,0
TX-100967,CUST-1475,RECIP-6647,34.13,15,0,963,1798,0,9,79.8,2,9.6,0,0,0.0576,0.08,0
TX-100968,CUST-2380,RECIP-5137,38.78,19,0,1276,20,1,0,188.98,2,50.2,0,1,0.3812,0.0712,0
TX-100969,CUST-1054,RECIP-8977,330.18,6,0,2013,976,0,3,61.14,0,0.8,0,1,0.2607,0.0566,0
TX-100970,CUST-1448,RECIP-6171,318.94,21,3,103,14,1,0,89.87,0,1322.0,0,0,0.1223,0.0144,0
TX-100971,CUST-1627,RECIP-9106,29.92,15,5,2365,8,1,0,71.67,1,4.4,0,0,0.6244,0.3984,1
TX-100972,CUST-1715,RECIP-8485,28.46,3,2,1547,31,1,0,341.55,0,11.0,0,0,0.0982,0.037,0
TX-100973,CUST-1711,RECIP-8962,162.43,3,0,2438,1424,0,1,99.39,0,1059.6,1,0,0.8786,0.2526,1
TX-100974,CUST-1221,RECIP-8688,160.96,6,0,1391,24,1,0,100.01,1,3265.4,1,0,0.7448,0.0921,1
TX-100975,CUST-1338,RECIP-5644,46.39,1,4,540,1574,0,1,82.54,1,22.0,0,0,0.0682,0.1856,0
TX-100976,CUST-1142,RECIP-7817,117.56,6,2,1468,1132,0,6,140.03,1,51.6,0,0,0.0737,0.2116,0
TX-100977,CUST-1858,RECIP-6854,25.67,23,2,1441,908,0,4,73.81,2,12.5,0,0,0.7939,0.3669,0
TX-100978,CUST-1526,RECIP-7829,701.45,5,1,2304,92,0,2,71.37,0,1.1,0,0,0.3533,0.0964,0
TX-100979,CUST-1848,RECIP-8356,1219.36,15,6,1452,271,0,7,71.41,2,31.5,0,0,0.0901,0.1166,0
TX-100980,CUST-1884,RECIP-7254,165.61,23,2,1033,1105,0,3,105.26,1,14.7,0,0,0.1438,0.237,0
TX-100981,CUST-2053,RECIP-6406,58.06,6,4,464,225,0,5,225.7,5,21.4,0,0,0.2802,0.1075,0
TX-100982,CUST-1820,RECIP-9123,61.21,16,5,835,82,0,4,78.75,0,11.5,0,0,0.2293,0.0542,0
TX-100983,CUST-1971,RECIP-7984,173.27,10,0,1466,694,0,4,37.43,1,2.1,0,0,0.0509,0.1876,0
TX-100984,CUST-1880,RECIP-8984,27.98,6,1,941,35,1,0,32.73,1,40.9,0,1,0.1139,0.0141,0
TX-100985,CUST-1978,RECIP-6067,293.79,22,6,926,1481,0,6,881.24,1,22.6,0,0,0.2574,0.3882,0
TX-100986,CUST-1924,RECIP-8772,92.14,15,6,65,1933,0,4,53.87,0,20.8,0,0,0.8586,0.0434,0
TX-100987,CUST-1474,RECIP-6455,275.02,10,2,2357,1328,0,4,414.76,3,25.0,0,0,0.1693,0.2724,0
TX-100988,CUST-1369,RECIP-7072,19.26,19,1,2096,1951,0,6,83.33,1,11.5,0,2,0.2521,0.123,0
TX-100989,CUST-2181,RECIP-8871,117.72,21,2,660,618,0,5,48.53,0,10.6,1,1,0.7253,0.3214,0
TX-100990,CUST-1514,RECIP-6596,105.07,18,6,369,1335,0,1,93.86,0,2342.0,0,1,0.2259,0.0183,0
TX-100991,CUST-1823,RECIP-6127,109.02,20,4,2092,68,0,2,159.34,0,2052.2,0,0,0.4311,0.0119,0
TX-100992,CUST-1295,RECIP-9119,127.71,7,0,2096,323,0,5,84.11,1,621.1,0,0,0.0795,0.2832,0
TX-100993,CUST-1647,RECIP-9339,117.9,8,5,2245,1306,0,1,63.38,1,4.7,0,0,0.724,0.2489,0
TX-100994,CUST-1794,RECIP-6399,7.61,5,1,1382,672,0,5,30.9,1,38.8,0,0,0.0778,0.2129,0
TX-100995,CUST-1939,RECIP-6378,544.09,16,2,1847,34,1,0,62.21,0,20.7,0,0,0.1715,0.3361,0
TX-100996,CUST-1789,RECIP-6024,43.65,19,3,1831,1889,0,4,134.68,0,17.9,0,0,0.0443,0.1304,0
TX-100997,CUST-1540,RECIP-5105,46.68,15,2,560,26,1,0,31.24,1,15.4,0,0,0.1725,0.1221,0
TX-100998,CUST-2442,RECIP-7487,95.79,14,4,1324,742,0,8,71.7,3,4.8,1,0,0.0372,0.3899,0
TX-100999,CUST-1769,RECIP-6147,151.47,18,1,673,23,1,0,121.48,0,12.7,0,0,0.6639,0.1378,1
TX-101000,CUST-2212,RECIP-8820,21.0,4,6,1892,13,1,0,243.9,2,60.4,0,0,0.2054,0.1431,0
TX-101001,CUST-2105,RECIP-5770,17.33,8,4,2428,538,0,3,43.27,0,40.5,0,0,0.1722,0.2862,0
TX-101002,CUST-1837,RECIP-7858,454.86,16,2,219,11,1,0,458.93,0,53.2,0,0,0.2175,0.2346,0
TX-101003,CUST-2329,RECIP-7280,61.33,1,6,217,1481,0,2,140.41,1,7.4,0,4,0.295,0.185,0
TX-101004,CUST-1192,RECIP-7753,124.68,21,3,682,1338,0,2,41.44,0,21.7,0,0,0.1129,0.1285,0
TX-101005,CUST-2381,RECIP-5507,29.35,4,2,319,9,1,0,111.16,2,3382.6,0,0,0.1708,0.1831,0
TX-101006,CUST-2275,RECIP-7099,528.95,18,0,52,900,0,3,57.84,1,25.8,0,1,0.157,0.0853,0
TX-101007,CUST-1755,RECIP-7817,224.77,14,6,2447,36,1,0,30.73,0,5.8,0,1,0.287,0.0691,0
TX-101008,CUST-2100,RECIP-6534,48.58,20,5,1468,1023,0,2,88.17,2,3.7,0,0,0.1312,0.3067,0
TX-101009,CUST-1780,RECIP-8937,485.75,18,1,1948,752,0,6,89.96,5,10.4,0,0,0.0583,0.0962,0
TX-101010,CUST-1403,RECIP-7382,187.21,12,6,1428,1756,0,6,122.66,2,45.7,0,0,0.7198,0.0497,0
TX-101011,CUST-2199,RECIP-6631,219.74,18,5,1873,1593,0,3,48.83,0,1.9,1,0,0.0612,0.0347,0
TX-101012,CUST-1368,RECIP-5138,238.24,8,2,1724,1303,0,5,51.5,1,5.6,0,0,0.1151,0.0317,0
TX-101013,CUST-1471,RECIP-5758,59.76,14,6,425,440,0,5,201.51,3,2863.7,0,0,0.6356,0.0176,0
TX-101014,CUST-1778,RECIP-7144,654.47,21,3,401,1057,0,5,176.1,0,21.6,0,0,0.1019,0.1989,0
TX-101015,CUST-2256,RECIP-6800,619.5,2,4,1237,456,0,3,39.1,1,10.4,0,1,0.0835,0.2399,0
TX-101016,CUST-1575,RECIP-8921,646.21,8,1,946,375,0,2,28.41,1,15.0,0,3,0.9146,0.1294,0
TX-101017,CUST-1741,RECIP-8536,7.08,0,0,2106,520,0,4,42.93,1,12.4,0,2,0.0479,0.1756,0
TX-101018,CUST-1062,RECIP-5715,93.87,12,3,786,365,0,4,230.19,2,29.8,0,0,0.0245,0.0869,0
TX-101019,CUST-1173,RECIP-7661,134.3,18,2,842,22,1,0,11.39,2,533.0,0,0,0.085,0.2302,0
TX-101020,CUST-1083,RECIP-7044,63.63,0,6,1336,1057,0,3,64.15,1,13.9,0,0,0.2118,0.1486,0
TX-101021,CUST-1108,RECIP-5455,91.23,13,0,506,28,1,0,198.89,2,16.9,0,0,0.1366,0.1998,0
TX-101022,CUST-2302,RECIP-7996,87.25,9,5,2150,20,1,0,114.98,1,12.1,0,0,0.5224,0.0649,0
TX-101023,CUST-2262,RECIP-7417,396.53,18,4,57,582,0,3,88.78,0,2.3,0,0,0.2402,0.1421,0
TX-101024,CUST-2232,RECIP-5393,340.94,5,6,2123,24,1,0,198.59,1,25.9,0,0,0.0398,0.2048,1
TX-101025,CUST-1083,RECIP-7106,132.46,3,6,1567,339,0,1,84.17,2,338.3,0,0,0.1248,0.2488,0
TX-101026,CUST-1116,RECIP-8292,146.93,2,6,2223,96,0,3,66.07,2,33.0,0,0,0.4938,0.1603,0
TX-101027,CUST-1420,RECIP-6472,93.33,9,2,755,42,1,0,174.76,0,45.8,0,0,0.2466,0.0512,0
TX-101028,CUST-1847,RECIP-6606,824.71,11,4,2253,36,1,0,418.31,0,41.5,0,0,0.1016,0.1124,0
TX-101029,CUST-1501,RECIP-5495,1640.82,22,1,2163,37,1,0,18.03,2,29.4,0,0,0.2587,0.2476,1
TX-101030,CUST-1731,RECIP-5919,617.97,11,3,1158,627,0,2,55.22,0,33.7,0,1,0.8471,0.2009,0
TX-101031,CUST-1259,RECIP-9415,2417.27,4,1,730,1105,0,1,79.0,0,14.8,0,0,0.0866,0.1957,0
TX-101032,CUST-2096,RECIP-7793,173.65,16,1,516,461,0,4,65.17,0,63.1,0,0,0.3143,0.0902,0
TX-101033,CUST-1470,RECIP-5792,17.06,1,3,404,1422,0,2,104.1,1,7.4,0,0,0.6529,0.0399,0
TX-101034,CUST-1099,RECIP-7172,351.77,8,0,1470,1439,0,2,97.88,1,19.1,0,0,0.8826,0.1261,0
TX-101035,CUST-2114,RECIP-5867,13.59,15,3,2402,2,1,0,39.8,0,21.2,0,0,0.0883,0.264,0
TX-101036,CUST-2354,RECIP-6992,73.55,6,2,1427,1053,0,5,152.79,2,67.7,1,0,0.1263,0.0693,0
TX-101037,CUST-1022,RECIP-5655,159.1,14,1,2412,1698,0,3,90.82,1,1.4,0,0,0.4192,0.1414,0
TX-101038,CUST-1655,RECIP-7784,266.12,10,3,1896,221,0,3,254.07,1,18.9,0,0,0.5315,0.1304,0
TX-101039,CUST-2240,RECIP-7565,57.89,22,5,1722,866,0,0,221.55,1,4.1,0,0,0.2125,0.1416,0
TX-101040,CUST-2059,RECIP-7850,2382.43,6,4,1820,42,1,0,84.82,2,12.5,0,0,0.1124,0.2291,0
TX-101041,CUST-2284,RECIP-6996,9.03,21,0,2323,11,1,0,148.11,1,30.7,0,0,0.4162,0.432,0
TX-101042,CUST-1622,RECIP-6286,243.41,15,3,2149,202,0,4,17.79,1,4.8,0,0,0.7777,0.0546,0
TX-101043,CUST-1558,RECIP-6123,227.85,17,4,429,905,0,8,20.17,0,2.9,0,0,0.3081,0.4578,0
TX-101044,CUST-2063,RECIP-5968,29.38,4,4,1474,420,0,3,225.57,2,25.7,0,2,0.9286,0.1705,0
TX-101045,CUST-1230,RECIP-6932,49.82,0,2,1167,1433,0,2,89.72,3,3.0,0,0,0.0175,0.0207,0
TX-101046,CUST-1359,RECIP-7031,396.34,17,0,2201,22,1,0,257.76,2,620.9,0,0,0.527,0.0843,0
TX-101047,CUST-1901,RECIP-8030,123.14,11,0,534,1129,0,6,226.53,2,2934.3,0,2,0.1952,0.1027,0
TX-101048,CUST-2002,RECIP-5235,231.75,7,2,2055,1926,0,3,31.46,2,9.1,0,0,0.1196,0.0234,0
TX-101049,CUST-1179,RECIP-6267,109.57,21,4,1212,1847,0,6,162.36,1,13.4,1,2,0.0866,0.2032,0
TX-101050,CUST-1762,RECIP-8836,75.8,7,5,2332,891,0,3,55.24,1,19.6,0,0,0.2566,0.1073,0
TX-101051,CUST-1547,RECIP-9118,281.88,10,4,1984,778,0,5,79.21,1,2315.3,0,0,0.3921,0.0239,0
TX-101052,CUST-1752,RECIP-9189,40.77,17,2,882,640,0,3,38.22,4,20.8,0,0,0.098,0.1764,0
TX-101053,CUST-2437,RECIP-6378,44.55,23,3,2116,30,1,0,209.64,0,17.2,0,0,0.3019,0.012,0
TX-101054,CUST-1114,RECIP-5617,706.53,21,0,492,1989,0,7,143.49,3,2.6,0,0,0.0234,0.1896,0
TX-101055,CUST-2493,RECIP-5891,39.14,15,5,40,5,1,0,63.32,0,17.3,0,0,0.1172,0.3758,0
TX-101056,CUST-1674,RECIP-5593,436.41,2,2,1281,1156,0,1,55.47,2,2788.1,0,0,0.0452,0.1198,0
TX-101057,CUST-2158,RECIP-9295,201.81,2,3,992,39,1,0,177.68,1,8.8,0,0,0.1687,0.1108,0
TX-101058,CUST-1636,RECIP-8975,90.77,16,3,340,428,0,0,55.11,3,10.3,0,0,0.1953,0.1039,0
TX-101059,CUST-1466,RECIP-8647,925.88,12,2,2485,209,0,1,63.03,0,4.7,0,0,0.0318,0.0702,0
TX-101060,CUST-2155,RECIP-8284,80.36,3,1,126,244,0,2,57.4,1,30.1,0,0,0.8493,0.0776,1
TX-101061,CUST-2031,RECIP-6544,159.08,16,6,1485,1220,0,4,56.96,1,2.2,1,0,0.2546,0.0198,0
TX-101062,CUST-1216,RECIP-7140,33.5,22,0,674,1798,0,3,165.56,0,14.0,0,0,0.0153,0.3626,0
TX-101063,CUST-2058,RECIP-8786,88.01,1,6,761,510,0,5,117.95,3,0.2,0,0,0.8812,0.028,0
TX-101064,CUST-2129,RECIP-8664,197.43,19,0,551,1464,0,5,65.22,2,3.4,0,0,0.7048,0.0333,0
TX-101065,CUST-1581,RECIP-7334,190.26,8,0,990,40,1,0,45.15,2,34.2,1,0,0.1286,0.1365,1
TX-101066,CUST-2388,RECIP-8769,33.98,9,6,1678,1837,0,3,98.12,0,2668.5,0,0,0.0585,0.1713,0
TX-101067,CUST-1961,RECIP-6560,21.97,17,6,826,1601,0,5,81.28,3,12.4,0,0,0.6846,0.191,0
TX-101068,CUST-1500,RECIP-6860,100.22,5,6,1812,12,1,0,178.28,1,10.4,0,0,0.1402,0.2023,0
TX-101069,CUST-1016,RECIP-8778,141.68,3,5,1135,1343,0,4,57.7,1,5.3,0,0,0.2082,0.1309,0
TX-101070,CUST-2012,RECIP-6693,10.5,23,3,1969,1136,0,7,137.32,3,6.8,0,0,0.1508,0.0799,0
TX-101071,CUST-1313,RECIP-8384,986.38,8,0,1127,991,0,6,82.1,0,13.6,0,0,0.2931,0.1571,0
TX-101072,CUST-2134,RECIP-7039,129.3,4,4,932,3,1,0,123.51,2,4.7,0,1,0.2347,0.2428,0
TX-101073,CUST-1787,RECIP-6340,9.86,16,3,1281,1381,0,4,336.34,2,8.9,0,0,0.214,0.114,0
TX-101074,CUST-1700,RECIP-5984,145.62,5,5,1725,1628,0,5,81.69,0,16.0,0,0,0.0342,0.119,0
TX-101075,CUST-1245,RECIP-7730,15.56,18,0,1177,1135,0,3,507.75,0,1629.3,0,0,0.5073,0.058,0
TX-101076,CUST-2067,RECIP-7158,29.58,1,0,2268,1337,0,4,84.65,1,250.8,0,0,0.1368,0.2622,0
TX-101077,CUST-1248,RECIP-6662,152.31,12,4,1304,617,0,1,45.53,1,11.7,0,1,0.2917,0.3131,0
TX-101078,CUST-1626,RECIP-8344,275.75,9,5,761,978,0,3,322.17,3,10.4,0,0,0.2225,0.0554,0
TX-101079,CUST-2254,RECIP-5004,32.09,22,6,99,29,1,0,387.87,1,18.9,0,2,0.0785,0.1177,0
TX-101080,CUST-2380,RECIP-5414,233.2,12,3,999,18,1,0,49.28,0,19.6,0,0,0.0405,0.1517,0
TX-101081,CUST-2483,RECIP-9328,80.76,22,2,164,1054,0,1,55.04,2,11.8,1,0,0.1173,0.0578,0
TX-101082,CUST-2437,RECIP-7985,55.43,5,3,118,1159,0,1,183.8,2,11.0,1,0,0.2361,0.0737,0
TX-101083,CUST-1833,RECIP-7473,75.53,11,3,946,26,1,0,152.83,0,17.5,1,0,0.2398,0.1609,0
TX-101084,CUST-1300,RECIP-5066,592.37,19,4,747,802,0,4,54.2,3,1834.4,0,0,0.2909,0.0819,0
TX-101085,CUST-2258,RECIP-7692,1012.11,3,1,2215,1348,0,3,50.84,3,9.5,0,0,0.5971,0.0176,0
TX-101086,CUST-2202,RECIP-6956,19.87,22,2,1833,31,1,0,123.2,1,0.9,1,0,0.2413,0.0959,0
TX-101087,CUST-2485,RECIP-7699,474.79,18,3,1983,23,1,0,89.85,2,2.3,0,0,0.0429,0.1967,0
TX-101088,CUST-1976,RECIP-5184,56.99,16,5,1377,1223,0,5,153.4,1,2.9,0,0,0.1005,0.2948,0
TX-101089,CUST-1212,RECIP-7477,82.69,5,5,302,1456,0,7,152.98,0,20.6,0,3,0.2203,0.0721,0
TX-101090,CUST-1754,RECIP-7600,31.21,19,5,2131,11,1,0,197.47,3,0.3,0,0,0.4228,0.0736,0
TX-101091,CUST-1672,RECIP-6305,54.44,20,1,1252,972,0,3,21.48,1,0.7,0,1,0.8261,0.2276,0
TX-101092,CUST-2264,RECIP-5245,705.72,7,2,1089,299,0,4,402.69,0,29.3,0,0,0.0425,0.1812,0
TX-101093,CUST-1588,RECIP-9372,98.16,14,3,1523,1290,0,5,146.76,1,2335.6,0,0,0.1604,0.1695,0
TX-101094,CUST-1492,RECIP-8192,606.2,1,6,434,657,0,5,71.91,0,28.5,0,0,0.2181,0.1097,0
TX-101095,CUST-1120,RECIP-7797,25.95,9,2,1218,365,0,5,91.88,4,1.3,0,0,0.1944,0.0276,0
TX-101096,CUST-2253,RECIP-8451,76.82,3,6,1526,1265,0,6,161.84,0,1773.5,0,0,0.2579,0.1772,0
TX-101097,CUST-2132,RECIP-8019,53.86,13,5,1752,23,1,0,118.66,0,16.5,0,0,0.4343,0.0623,0
TX-101098,CUST-1061,RECIP-5604,48.13,13,4,1265,166,0,7,119.92,2,1.3,0,0,0.2184,0.0364,0
TX-101099,CUST-1650,RECIP-7046,283.37,12,4,2493,7,1,0,92.83,0,11.5,0,0,0.2325,0.0485,0
TX-101100,CUST-1719,RECIP-8999,474.1,16,5,2475,29,1,0,347.69,0,16.7,0,0,0.5285,0.2079,0
TX-101101,CUST-1703,RECIP-6295,520.0,22,4,268,1498,0,2,128.38,2,3.2,0,0,0.1481,0.0752,0
TX-101102,CUST-2378,RECIP-9374,59.34,4,4,234,1282,0,2,233.59,0,2.5,0,2,0.1325,0.2769,0
TX-101103,CUST-1226,RECIP-5289,64.05,5,2,1303,966,0,2,511.34,2,620.4,0,0,0.6609,0.0129,0
TX-101104,CUST-1459,RECIP-6488,31.07,5,2,2074,41,1,0,204.84,2,4.4,0,0,0.2527,0.1272,0
TX-101105,CUST-1271,RECIP-6576,328.46,22,4,1295,1302,0,6,124.68,0,3.4,0,0,0.5417,0.0557,0
TX-101106,CUST-1366,RECIP-7778,329.86,2,5,566,447,0,1,25.03,0,5.0,0,0,0.0141,0.0284,0
TX-101107,CUST-2360,RECIP-5792,225.14,0,4,1419,12,1,0,73.18,1,441.4,0,0,0.2642,0.2628,0
TX-101108,CUST-2411,RECIP-6031,51.53,3,6,2359,1520,0,5,488.17,2,27.9,0,0,0.0169,0.0687,0
TX-101109,CUST-1066,RECIP-7979,63.06,18,4,442,42,1,0,127.49,1,31.5,0,0,0.0545,0.115,0
TX-101110,CUST-1948,RECIP-6280,65.64,13,2,1130,43,1,0,36.59,1,1925.1,0,0,0.1714,0.0803,0
TX-101111,CUST-1349,RECIP-8955,49.36,22,4,1606,104,0,2,84.78,1,17.2,0,0,0.2836,0.1486,0
TX-101112,CUST-1288,RECIP-8915,116.37,4,4,1001,1136,0,3,41.07,0,31.0,0,0,0.1355,0.4869,0
TX-101113,CUST-1438,RECIP-6362,203.27,9,6,139,862,0,3,70.58,0,42.6,0,0,0.1016,0.3154,0
TX-101114,CUST-1291,RECIP-7519,1132.24,13,1,1684,38,1,0,73.55,1,11.8,0,0,0.1955,0.1011,0
TX-101115,CUST-1735,RECIP-6497,91.21,1,1,1860,1640,0,5,64.11,1,3.1,0,1,0.0253,0.1213,0
TX-101116,CUST-2493,RECIP-6551,193.44,22,1,1648,1959,0,2,105.43,0,3.0,0,0,0.3002,0.0138,0
TX-101117,CUST-1879,RECIP-8016,29.63,19,0,1668,23,1,0,21.5,2,0.9,0,2,0.065,0.1831,0
TX-101118,CUST-2084,RECIP-6319,101.23,3,4,1652,278,0,4,163.41,2,4.5,0,0,0.2305,0.0388,0
TX-101119,CUST-1739,RECIP-5671,75.86,20,6,846,1513,0,2,291.46,1,9.9,0,0,0.1015,0.5185,0
TX-101120,CUST-1020,RECIP-6166,187.33,10,4,71,97,0,1,25.02,1,1054.3,0,0,0.172,0.0072,0
TX-101121,CUST-1126,RECIP-9182,154.34,8,0,2472,1300,0,6,220.8,1,2.9,0,0,0.0316,0.2008,0
TX-101122,CUST-1403,RECIP-6166,192.07,22,2,535,593,0,3,162.61,1,14.7,0,0,0.5127,0.2915,0
TX-101123,CUST-1365,RECIP-6637,77.3,12,6,2077,745,0,6,130.81,0,6.2,0,0,0.0048,0.3226,0
TX-101124,CUST-2260,RECIP-7829,61.73,5,0,1365,300,0,6,103.14,0,13.9,0,0,0.3549,0.4192,0
TX-101125,CUST-2265,RECIP-5455,23.98,19,4,1362,36,1,0,117.8,0,6.1,0,0,0.0068,0.1574,0
TX-101126,CUST-2281,RECIP-6208,113.21,17,3,81,436,0,4,190.54,2,0.2,0,0,0.3361,0.0365,0
TX-101127,CUST-1956,RECIP-5786,80.74,4,6,2476,896,0,6,117.22,1,18.7,0,0,0.2133,0.0745,0
TX-101128,CUST-1834,RECIP-9159,405.26,16,3,1335,4,1,0,749.07,2,22.2,0,0,0.6596,0.0822,0
TX-101129,CUST-1973,RECIP-9197,75.28,15,3,2080,822,0,5,61.84,1,4.0,0,1,0.5037,0.1337,0
TX-101130,CUST-1610,RECIP-8400,49.73,6,5,1951,5,1,0,341.73,2,7.9,1,0,0.0214,0.0216,0
TX-101131,CUST-2005,RECIP-6112,168.4,10,5,370,329,0,3,90.38,0,0.1,0,0,0.2766,0.0118,0
TX-101132,CUST-2191,RECIP-7773,19.89,20,3,2370,1510,0,2,73.96,1,32.1,0,0,0.3223,0.0432,0
TX-101133,CUST-2144,RECIP-7980,123.75,4,5,1489,1648,0,1,211.85,0,6.1,0,4,0.6558,0.1989,0
TX-101134,CUST-1920,RECIP-8912,45.4,17,5,487,1495,0,4,79.02,1,13.7,0,0,0.4242,0.1426,0
TX-101135,CUST-1087,RECIP-5702,23.65,19,3,1464,32,1,0,367.03,0,1.0,0,1,0.2989,0.1123,1
TX-101136,CUST-2087,RECIP-8313,616.48,22,5,1552,1479,0,3,56.81,1,29.6,0,1,0.7224,0.0937,0
TX-101137,CUST-1549,RECIP-5873,6.51,7,2,1642,37,1,0,257.82,2,11.3,0,0,0.0156,0.1824,0
TX-101138,CUST-2115,RECIP-7559,169.55,6,2,824,1489,0,5,156.26,1,881.1,0,0,0.0205,0.1962,0
TX-101139,CUST-1809,RECIP-8956,99.08,22,0,2353,508,0,2,87.96,1,33.4,0,0,0.32,0.1097,0
TX-101140,CUST-2321,RECIP-5279,46.47,11,4,615,34,1,0,47.62,0,15.4,0,0,0.0506,0.1332,0
TX-101141,CUST-1507,RECIP-5666,255.18,13,1,1245,39,1,0,47.48,2,16.1,1,0,0.048,0.3136,0
TX-101142,CUST-2397,RECIP-8659,157.59,12,5,2101,36,1,0,52.61,2,44.4,1,0,0.2066,0.1322,0
TX-101143,CUST-2266,RECIP-5084,22.22,12,6,221,1904,0,6,228.32,0,12.6,0,1,0.0334,0.2284,0
TX-101144,CUST-1496,RECIP-8083,172.73,14,6,1026,9,1,0,102.95,3,23.1,0,0,0.1285,0.1748,0
TX-101145,CUST-1723,RECIP-7255,2095.22,10,1,1213,1871,0,2,179.92,0,7.8,0,0,0.1732,0.1056,0
TX-101146,CUST-1797,RECIP-6559,55.31,9,4,1939,4,1,0,111.58,1,30.5,0,0,0.5615,0.04,0
TX-101147,CUST-2152,RECIP-8882,70.48,9,5,1975,13,1,0,43.67,2,9.2,0,0,0.4058,0.2207,0
TX-101148,CUST-2033,RECIP-8820,5376.87,15,3,1998,232,0,6,129.87,0,22.6,1,2,0.0846,0.1887,0
TX-101149,CUST-2278,RECIP-6466,141.53,19,3,915,913,0,6,157.63,0,12.9,0,0,0.1325,0.2289,0
TX-101150,CUST-1554,RECIP-5019,23.24,13,3,1244,39,1,0,26.81,0,0.3,0,0,0.1294,0.096,0
TX-101151,CUST-1757,RECIP-5576,103.64,16,2,96,4,1,0,63.66,3,6.2,0,0,0.1709,0.0836,0
TX-101152,CUST-1646,RECIP-5483,16.79,9,4,2062,1746,0,3,54.04,2,2.9,0,0,0.0721,0.1345,0
TX-101153,CUST-2364,RECIP-9420,159.02,18,6,779,767,0,3,38.82,2,5.8,0,0,0.6581,0.0445,0
TX-101154,CUST-1457,RECIP-7686,48.6,9,1,1184,1278,0,2,110.91,0,5.6,0,0,0.001,0.2224,0
TX-101155,CUST-1880,RECIP-8045,54.09,10,0,1714,228,0,3,122.28,2,1.1,0,0,0.0305,0.014,0
TX-101156,CUST-1180,RECIP-6039,32.67,1,0,1948,284,0,6,266.4,2,2.9,1,0,0.2671,0.0545,0
TX-101157,CUST-2275,RECIP-8828,908.26,6,4,242,1426,0,5,182.2,4,3.1,0,0,0.2833,0.0945,0
TX-101158,CUST-1576,RECIP-8252,117.03,17,1,1925,2,1,0,79.13,2,15.3,0,0,0.1977,0.3629,0
TX-101159,CUST-1510,RECIP-8384,44.47,2,3,958,43,1,0,79.25,1,9.1,0,0,0.1979,0.0437,0
TX-101160,CUST-1874,RECIP-7107,39.43,5,6,1061,460,0,5,375.92,4,6.5,0,0,0.2686,0.1108,0
TX-101161,CUST-1748,RECIP-8142,98.51,18,0,358,1610,0,2,145.45,1,10.4,0,0,0.2043,0.1488,0
TX-101162,CUST-2271,RECIP-7448,64.3,20,1,1800,18,1,0,235.59,2,15.1,0,0,0.0771,0.0339,0
TX-101163,CUST-1797,RECIP-6730,69.13,9,1,1205,1264,0,1,34.5,2,2.1,0,0,0.1162,0.3995,0
TX-101164,CUST-1775,RECIP-7675,42.52,9,3,286,1373,0,4,30.32,1,4.6,1,0,0.1087,0.1259,0
TX-101165,CUST-1157,RECIP-6459,31.75,12,4,379,1652,0,5,72.92,3,5.9,0,0,0.2328,0.0856,0
TX-101166,CUST-1032,RECIP-9287,78.29,18,1,1812,555,0,4,207.07,1,7.8,1,1,0.0225,0.2962,0
TX-101167,CUST-1597,RECIP-8226,199.63,11,0,299,727,0,3,328.25,0,19.3,0,1,0.1371,0.1316,0
TX-101168,CUST-2497,RECIP-8325,83.24,4,0,1317,1138,0,1,56.13,0,1636.9,0,0,0.1795,0.1424,0
TX-101169,CUST-2376,RECIP-8225,64.59,10,5,1753,618,0,3,147.79,1,6.7,0,0,0.1991,0.3348,0
TX-101170,CUST-1943,RECIP-7017,18.71,6,0,2282,1488,0,3,135.67,2,3.5,0,0,0.0294,0.03,0
TX-101171,CUST-1946,RECIP-9277,53.35,16,4,420,1529,0,4,41.57,3,2999.6,0,0,0.0188,0.4363,0
TX-101172,CUST-1587,RECIP-5935,49.91,3,4,760,1526,0,4,52.53,3,2.3,1,0,0.1787,0.0509,0
TX-101173,CUST-1266,RECIP-7558,98.92,14,0,412,1025,0,2,91.62,2,12.8,0,0,0.3309,0.2094,0
TX-101174,CUST-1012,RECIP-5312,94.72,3,3,2203,1277,0,2,38.18,0,39.0,0,0,0.2558,0.0694,0
TX-101175,CUST-1508,RECIP-6325,1163.99,23,2,1493,31,1,0,665.52,2,6.6,0,0,0.2752,0.3229,0
TX-101176,CUST-1474,RECIP-7585,60.55,15,3,2458,443,0,3,44.9,0,32.2,1,0,0.0936,0.1865,0
TX-101177,CUST-1287,RECIP-7202,218.03,3,0,137,787,0,2,70.61,0,40.2,0,0,0.2784,0.0434,0
TX-101178,CUST-1388,RECIP-9235,1007.44,23,4,1773,461,0,5,130.94,0,47.3,0,1,0.107,0.207,0
TX-101179,CUST-1037,RECIP-7761,179.52,13,5,111,1613,0,1,119.29,0,9.3,0,0,0.1368,0.2558,0
TX-101180,CUST-1911,RECIP-6851,90.71,14,0,299,559,0,1,158.0,2,23.1,0,0,0.0734,0.0777,0
TX-101181,CUST-2391,RECIP-6920,1456.61,1,3,1095,37,1,0,46.55,2,3349.3,0,0,0.4432,0.2035,1
TX-101182,CUST-2036,RECIP-7752,35.41,4,4,935,857,0,0,35.98,1,55.1,0,0,0.1965,0.1352,0
TX-101183,CUST-1672,RECIP-8560,1130.21,19,0,931,14,1,0,107.22,1,7.5,0,1,0.2252,0.2439,0
TX-101184,CUST-1630,RECIP-6244,946.32,11,5,197,14,1,0,50.38,0,4.5,0,1,0.0217,0.0925,0
TX-101185,CUST-1461,RECIP-7630,14.76,14,3,1375,20,1,0,57.57,1,5.1,0,0,0.3602,0.1872,1
TX-101186,CUST-1213,RECIP-7586,19.07,23,2,871,944,0,3,54.52,0,2799.6,0,0,0.6974,0.0362,0
TX-101187,CUST-1897,RECIP-5042,350.26,10,3,2483,6,1,0,54.46,1,26.1,0,0,0.4048,0.0963,0
TX-101188,CUST-1849,RECIP-9107,125.33,9,4,1980,411,0,5,33.48,1,18.4,0,0,0.1291,0.1251,0
TX-101189,CUST-1010,RECIP-7564,25.46,19,4,1103,449,0,4,44.61,2,0.1,0,0,0.2167,0.3231,0
TX-101190,CUST-1623,RECIP-6089,342.71,1,5,1920,1733,0,2,75.57,1,22.7,0,2,0.2131,0.2093,0
TX-101191,CUST-1417,RECIP-7851,74.02,10,0,1452,1184,0,5,232.66,1,3.8,0,0,0.3118,0.1193,0
TX-101192,CUST-1255,RECIP-8050,253.75,20,5,1253,1150,0,6,456.23,2,10.5,0,0,0.3836,0.3905,0
TX-101193,CUST-2054,RECIP-9118,581.93,5,0,2300,35,1,0,199.07,0,20.5,0,0,0.1952,0.0834,0
TX-101194,CUST-1788,RECIP-5153,72.8,7,4,1481,754,0,7,119.21,0,0.8,0,0,0.0383,0.0563,0
TX-101195,CUST-1950,RECIP-6861,10.73,11,2,1223,1895,0,6,214.08,2,3.6,1,0,0.049,0.063,0
TX-101196,CUST-2070,RECIP-5810,38.35,1,0,1429,1135,0,5,88.49,2,2869.3,1,0,0.0052,0.2332,0
TX-101197,CUST-2472,RECIP-7585,73.33,1,4,1959,31,1,0,120.58,0,6.5,0,0,0.277,0.0475,0
TX-101198,CUST-2204,RECIP-7257,33.16,6,3,1861,615,0,1,170.5,2,0.5,0,0,0.3422,0.5209,0
TX-101199,CUST-1930,RECIP-7137,411.04,21,4,1385,1942,0,8,149.37,0,19.2,1,0,0.2537,0.1402,0
TX-101200,CUST-2318,RECIP-9419,40.12,5,2,466,1003,0,7,203.95,1,2463.4,0,2,0.3318,0.0744,0
TX-101201,CUST-1716,RECIP-7392,26.43,17,1,1603,23,1,0,165.47,2,22.3,0,0,0.1442,0.1407,0
TX-101202,CUST-2477,RECIP-6849,6788.98,10,4,1093,96,0,0,57.37,3,1070.3,0,0,0.0194,0.0314,1
TX-101203,CUST-2142,RECIP-5302,72.29,18,1,2333,9,1,0,161.12,3,5.8,0,0,0.3185,0.1875,0
TX-101204,CUST-1976,RECIP-6303,115.02,7,5,2273,456,0,4,56.74,0,15.0,0,0,0.1792,0.2621,0
TX-101205,CUST-2354,RECIP-9037,26.89,20,4,31,32,1,0,172.25,1,2407.7,0,0,0.187,0.2505,0
TX-101206,CUST-1772,RECIP-7032,345.68,8,6,2497,1242,0,5,73.17,3,10.2,0,0,0.3397,0.2254,0
TX-101207,CUST-2081,RECIP-9096,93.08,18,0,2255,195,0,4,37.76,0,2.8,1,0,0.1251,0.1648,0
TX-101208,CUST-1427,RECIP-7396,212.01,19,4,2270,1838,0,4,34.81,3,1.0,0,0,0.212,0.0778,0
TX-101209,CUST-2444,RECIP-7466,18.06,10,3,1259,1230,0,4,502.16,1,14.4,0,0,0.1681,0.3918,0
TX-101210,CUST-1935,RECIP-6934,370.8,16,6,698,741,0,5,45.26,3,10.5,0,0,0.0815,0.1532,0
TX-101211,CUST-2173,RECIP-7504,126.96,2,2,1528,40,1,0,202.47,1,0.1,0,2,0.0121,0.5621,0
TX-101212,CUST-1691,RECIP-5300,39.79,11,6,2211,1041,0,3,165.11,2,6.6,0,0,0.0409,0.019,0
TX-101213,CUST-2300,RECIP-5259,55.83,8,1,1141,1558,0,3,198.58,1,2398.4,0,0,0.7413,0.1242,0
TX-101214,CUST-1111,RECIP-7140,49.67,22,5,2463,240,0,4,46.72,0,3246.5,0,0,0.2017,0.045,0
TX-101215,CUST-1171,RECIP-7690,117.89,22,3,674,13,1,0,72.64,1,1042.5,0,0,0.2166,0.1562,0
TX-101216,CUST-1760,RECIP-7478,101.41,18,6,2137,1074,0,8,47.94,1,2802.2,0,0,0.8694,0.0384,0
TX-101217,CUST-2098,RECIP-6931,512.56,22,1,193,1585,0,3,208.16,0,2159.5,1,0,0.7684,0.0425,1
TX-101218,CUST-2213,RECIP-6323,9.52,23,1,2103,758,0,3,302.02,0,21.9,0,0,0.7943,0.0592,0
TX-101219,CUST-1660,RECIP-8190,173.13,18,3,2364,775,0,2,95.98,1,1687.8,0,2,0.3651,0.2126,0
TX-101220,CUST-1974,RECIP-7721,14.98,14,3,1765,1626,0,6,495.96,1,0.5,0,1,0.8126,0.196,0
TX-101221,CUST-1829,RECIP-5212,1425.79,4,1,1570,10,1,0,120.81,1,15.2,0,2,0.1933,0.0836,1
TX-101222,CUST-2442,RECIP-7035,461.82,19,4,1046,1657,0,2,85.03,0,2037.7,0,1,0.1724,0.1071,0
TX-101223,CUST-1981,RECIP-8198,84.96,4,2,2187,29,1,0,106.88,4,18.6,0,0,0.7534,0.123,0
TX-101224,CUST-1625,RECIP-8528,141.71,4,1,342,258,0,5,142.72,3,1353.2,0,0,0.1379,0.0479,0
TX-101225,CUST-2454,RECIP-6291,96.1,21,3,748,17,1,0,32.77,0,11.5,0,2,0.1825,0.0966,0
TX-101226,CUST-1160,RECIP-9162,45.14,2,4,353,1394,0,5,120.8,2,1510.6,0,0,0.2189,0.1808,0
TX-101227,CUST-2476,RECIP-7932,39.71,3,0,716,35,1,0,88.02,3,15.6,0,0,0.0913,0.2348,0
TX-101228,CUST-1231,RECIP-6969,85.37,12,6,1322,9,1,0,81.41,0,17.4,0,0,0.0383,0.2265,0
TX-101229,CUST-1432,RECIP-7822,30.62,14,4,859,1983,0,5,89.87,0,2.5,0,1,0.282,0.1802,0
TX-101230,CUST-2232,RECIP-8921,3412.92,1,1,1068,11,1,0,206.51,2,1817.2,0,0,0.2031,0.0458,1
TX-101231,CUST-2100,RECIP-6020,584.16,9,5,600,11,1,0,99.49,0,30.0,0,4,0.2448,0.1111,0
TX-101232,CUST-2455,RECIP-5676,67.07,5,5,901,676,0,3,42.3,1,29.5,0,0,0.2789,0.2012,0
TX-101233,CUST-2124,RECIP-6982,435.76,7,6,1259,1712,0,1,104.7,1,3.1,0,0,0.7866,0.1476,0
TX-101234,CUST-1955,RECIP-5377,50.79,4,5,558,1,1,0,82.44,7,1.4,0,0,0.0752,0.0247,0
TX-101235,CUST-1519,RECIP-8760,47.92,16,1,2342,82,0,5,99.36,1,3.9,0,0,0.1035,0.1554,0
TX-101236,CUST-1007,RECIP-9366,111.5,11,1,2245,17,1,0,93.32,0,0.0,0,0,0.0449,0.037,0
TX-101237,CUST-1185,RECIP-7725,158.3,23,1,2193,1662,0,1,128.87,1,3385.2,0,0,0.0263,0.16,0
TX-101238,CUST-1446,RECIP-9409,35.19,0,6,33,1595,0,3,34.85,1,0.7,1,0,0.1426,0.1273,0
TX-101239,CUST-1061,RECIP-5309,1844.75,18,2,1252,482,0,6,35.79,3,11.7,0,0,0.1081,0.4703,0
TX-101240,CUST-1762,RECIP-7846,121.95,21,2,1993,1304,0,2,92.35,2,1378.7,0,0,0.2189,0.0606,0
TX-101241,CUST-2166,RECIP-6993,65.14,11,6,891,1046,0,3,81.2,0,11.3,0,0,0.8091,0.0109,0
TX-101242,CUST-2444,RECIP-6248,65.75,16,1,602,164,0,3,48.19,1,2.7,0,0,0.0312,0.1717,0
TX-101243,CUST-1734,RECIP-6402,69.62,10,2,1540,1426,0,2,21.35,1,34.7,0,0,0.1379,0.0857,0
TX-101244,CUST-2312,RECIP-7453,45.52,14,2,36,369,0,1,119.12,1,16.1,0,0,0.0348,0.0555,0
TX-101245,CUST-2478,RECIP-7887,45.67,21,2,1542,855,0,8,70.42,1,3005.4,0,0,0.0348,0.1768,0
TX-101246,CUST-2289,RECIP-5738,151.68,12,4,1145,75,0,3,126.72,1,1024.0,0,0,0.2286,0.505,0
TX-101247,CUST-1697,RECIP-7765,15.4,13,5,1718,532,0,1,120.96,0,51.6,1,0,0.0281,0.2371,0
TX-101248,CUST-1487,RECIP-9169,294.42,23,1,1716,26,1,0,168.73,3,12.9,0,0,0.6538,0.0837,0
TX-101249,CUST-2466,RECIP-5046,77.63,11,0,1352,6,1,0,44.49,0,4.3,0,0,0.2053,0.1789,0
TX-101250,CUST-1362,RECIP-8952,350.13,4,4,1471,1463,0,3,100.65,3,7.5,0,0,0.3376,0.2699,0
TX-101251,CUST-1617,RECIP-7734,330.9,16,3,96,32,1,0,473.3,2,0.2,1,2,0.0104,0.0727,0
TX-101252,CUST-1111,RECIP-6539,260.4,16,4,2453,16,1,0,118.95,0,834.6,0,0,0.0694,0.0675,0
TX-101253,CUST-2190,RECIP-8306,163.97,5,3,217,1253,0,5,303.3,0,16.8,0,0,0.0518,0.1099,0
TX-101254,CUST-1974,RECIP-7780,12.58,17,5,2442,526,0,1,167.59,0,8.5,0,0,0.7663,0.0684,0
TX-101255,CUST-1127,RECIP-8459,73.23,1,4,2435,5,1,0,50.87,1,5.6,0,0,0.091,0.1543,0
TX-101256,CUST-1332,RECIP-5365,1459.08,7,5,1803,1019,0,3,602.77,0,2.9,1,0,0.0365,0.3438,0
TX-101257,CUST-1833,RECIP-5265,2566.59,20,5,1873,35,1,0,281.05,1,9.4,0,0,0.1716,0.2273,0
TX-101258,CUST-1810,RECIP-7889,178.2,14,3,104,285,0,3,37.77,2,1.4,1,0,0.0391,0.1477,0
TX-101259,CUST-2203,RECIP-6366,53.58,14,2,2372,1207,0,2,88.25,2,23.8,0,0,0.1012,0.1669,0
TX-101260,CUST-1399,RECIP-6072,223.75,14,4,1335,924,0,3,378.2,1,13.7,0,2,0.0807,0.2123,0
TX-101261,CUST-2387,RECIP-6895,130.58,3,4,868,1981,0,2,160.53,3,32.2,0,0,0.0286,0.1286,0
TX-101262,CUST-1666,RECIP-8263,16.99,23,4,1684,232,0,6,24.95,3,2481.8,0,0,0.9182,0.0638,0
TX-101263,CUST-2233,RECIP-5808,12.99,7,3,1351,1021,0,4,58.85,2,1275.5,1,0,0.3382,0.4425,0
TX-101264,CUST-1357,RECIP-9379,196.71,18,2,923,1599,0,6,54.94,1,10.6,0,0,0.9312,0.0454,0
TX-101265,CUST-1055,RECIP-6893,66.0,23,0,825,886,0,6,302.1,0,28.3,0,0,0.3422,0.0607,0
TX-101266,CUST-1082,RECIP-5677,291.7,5,2,321,465,0,2,146.43,0,3.6,0,0,0.1772,0.0503,0
TX-101267,CUST-1559,RECIP-5320,131.2,15,6,2275,1979,0,3,78.99,0,111.3,0,0,0.1171,0.3281,0
TX-101268,CUST-2429,RECIP-8857,36.58,1,5,1674,690,0,3,55.48,3,17.8,1,0,0.38,0.1219,0
TX-101269,CUST-1073,RECIP-5509,86.15,15,5,740,42,1,0,164.35,3,36.0,0,0,0.2583,0.216,0
TX-101270,CUST-1553,RECIP-6885,56.29,10,5,1816,1691,0,6,90.66,2,10.0,0,0,0.2048,0.0824,0
TX-101271,CUST-1163,RECIP-8009,123.67,1,6,1743,1365,0,3,113.88,2,15.2,0,0,0.4331,0.045,0
TX-101272,CUST-2397,RECIP-7308,33.49,16,1,375,1560,0,2,156.8,0,21.5,0,0,0.6884,0.0529,0
TX-101273,CUST-2012,RECIP-6181,16.94,23,5,462,1116,0,1,113.35,2,18.7,0,0,0.188,0.3477,0
TX-101274,CUST-2144,RECIP-5485,75.48,1,0,600,1357,0,6,35.98,0,1.9,0,0,0.107,0.0837,0
TX-101275,CUST-2069,RECIP-8201,35.03,21,1,289,585,0,5,188.82,0,16.2,0,0,0.0617,0.1318,0
TX-101276,CUST-1985,RECIP-7206,254.53,20,0,2062,168,0,1,216.32,3,2.4,0,1,0.0928,0.1828,0
TX-101277,CUST-2160,RECIP-5216,450.25,13,3,414,1270,0,3,483.1,1,13.7,0,0,0.2154,0.0534,0
TX-101278,CUST-1012,RECIP-5815,119.98,21,0,2034,1618,0,4,62.28,0,8.8,0,0,0.407,0.0881,0
TX-101279,CUST-2298,RECIP-7532,59.46,7,2,1337,1,1,0,260.32,0,10.2,0,0,0.0267,0.3135,0
TX-101280,CUST-2109,RECIP-5757,1585.25,17,0,318,1538,0,2,259.55,1,6.8,0,0,0.3784,0.2233,0
TX-101281,CUST-2109,RECIP-6761,1492.87,16,0,2116,41,1,0,221.45,1,7.2,0,1,0.0867,0.0275,0
TX-101282,CUST-1590,RECIP-5560,117.08,13,3,458,1213,0,6,112.1,0,0.8,0,0,0.7651,0.1,0
TX-101283,CUST-2201,RECIP-8586,14.88,20,2,2498,391,0,4,50.03,0,13.2,0,0,0.1672,0.2164,0
TX-101284,CUST-1572,RECIP-7836,55.18,21,2,64,41,1,0,79.97,0,10.4,0,0,0.0404,0.2953,0
TX-101285,CUST-1073,RECIP-8527,851.04,18,2,1568,41,1,0,42.96,2,36.8,0,1,0.2962,0.0026,0
TX-101286,CUST-2361,RECIP-5236,135.55,14,2,804,1952,0,4,32.1,2,2.4,0,0,0.1636,0.1137,0
TX-101287,CUST-1351,RECIP-6690,54.98,23,0,1348,1775,0,3,175.03,1,3.6,0,1,0.2789,0.1807,0
TX-101288,CUST-1152,RECIP-6204,51.33,13,3,2104,1467,0,6,53.02,3,8.3,0,0,0.0708,0.1014,0
TX-101289,CUST-1932,RECIP-7802,421.22,15,5,1973,28,1,0,22.53,3,39.7,0,0,0.0616,0.1853,0
TX-101290,CUST-1350,RECIP-8696,160.94,4,0,725,723,0,2,109.23,2,36.4,0,0,0.0462,0.1019,0
TX-101291,CUST-2287,RECIP-6023,22.42,7,1,187,22,1,0,183.06,1,14.6,0,0,0.4988,0.1247,0
TX-101292,CUST-1665,RECIP-8463,811.34,21,5,730,9,1,0,159.87,1,9.8,0,0,0.0803,0.2002,0
TX-101293,CUST-1006,RECIP-7611,122.8,11,3,2029,22,1,0,47.51,0,15.4,0,0,0.1277,0.3105,0
TX-101294,CUST-2427,RECIP-8708,119.68,12,1,1303,1305,0,3,63.44,1,20.5,0,0,0.0599,0.057,0
TX-101295,CUST-1771,RECIP-5365,458.44,19,5,1903,1430,0,4,135.67,1,41.1,0,0,0.763,0.1541,0
TX-101296,CUST-1394,RECIP-9459,107.66,7,2,1251,1214,0,4,196.47,1,4.1,0,0,0.3136,0.1588,0
TX-101297,CUST-2015,RECIP-6955,143.78,6,4,1337,969,0,5,138.15,2,390.1,0,0,0.4448,0.2745,0
TX-101298,CUST-1795,RECIP-6260,16.91,0,3,189,38,1,0,191.72,2,1.2,0,0,0.0783,0.0668,0
TX-101299,CUST-1044,RECIP-5822,81.61,5,1,86,35,1,0,87.87,3,0.4,0,0,0.1811,0.117,0
TX-101300,CUST-2139,RECIP-9432,22.44,12,5,1767,630,0,3,134.34,1,65.7,0,0,0.2857,0.0335,0
TX-101301,CUST-1602,RECIP-8975,50.87,17,4,529,38,1,0,117.2,1,16.1,0,0,0.1073,0.1298,0
TX-101302,CUST-2049,RECIP-5590,605.52,7,1,920,4,1,0,43.65,1,28.9,0,0,0.1425,0.0855,0
TX-101303,CUST-2343,RECIP-7002,7.65,10,5,943,676,0,2,26.5,0,4.4,0,0,0.1741,0.1315,0
TX-101304,CUST-1915,RECIP-8300,128.64,5,4,1593,16,1,0,52.28,0,1.9,0,3,0.4676,0.0947,0
TX-101305,CUST-2007,RECIP-7658,226.51,19,5,2354,1099,0,5,57.3,1,17.1,0,0,0.0524,0.0081,0
TX-101306,CUST-1381,RECIP-5850,12.0,12,5,1901,857,0,5,270.15,2,2.1,0,0,0.044,0.2338,0
TX-101307,CUST-1356,RECIP-6621,42.64,3,2,1607,374,0,8,91.07,2,1.8,0,0,0.3502,0.0238,0
TX-101308,CUST-1622,RECIP-6656,173.68,14,6,2092,1819,0,6,52.94,1,83.5,0,3,0.2616,0.5795,0
TX-101309,CUST-2279,RECIP-6299,1968.32,8,0,1289,1048,0,4,85.98,3,6.0,0,1,0.2618,0.0146,0
TX-101310,CUST-1786,RECIP-9323,51.79,20,2,388,336,0,1,115.9,0,3.6,0,1,0.156,0.071,0
TX-101311,CUST-1522,RECIP-5913,309.97,6,4,1236,40,1,0,71.49,1,10.2,1,1,0.3108,0.1725,1
TX-101312,CUST-2169,RECIP-8179,21.26,20,3,2445,225,0,5,64.25,2,4.2,0,0,0.1491,0.0563,0
TX-101313,CUST-2280,RECIP-9103,111.81,16,1,1956,8,1,0,73.57,1,2.2,0,0,0.2611,0.253,0
TX-101314,CUST-2353,RECIP-8576,35.9,3,1,893,529,0,2,116.29,3,14.8,0,0,0.7049,0.0768,0
TX-101315,CUST-1448,RECIP-8597,91.68,18,5,829,1922,0,4,87.01,2,2542.9,0,0,0.1528,0.2433,0
TX-101316,CUST-2064,RECIP-5714,62.76,17,6,2297,971,0,4,69.77,3,325.0,0,0,0.1484,0.3048,0
TX-101317,CUST-1885,RECIP-5599,195.05,10,4,263,40,1,0,55.87,0,3.8,0,0,0.2584,0.0277,0
TX-101318,CUST-1673,RECIP-8523,123.58,3,3,2333,6,1,0,127.21,0,6.9,0,0,0.2172,0.0703,1
TX-101319,CUST-1595,RECIP-8360,318.17,11,5,1702,23,1,0,74.11,1,8.2,0,1,0.1652,0.0163,0
TX-101320,CUST-1171,RECIP-8338,80.95,14,1,2025,709,0,4,151.88,1,2.8,0,0,0.3672,0.057,0
TX-101321,CUST-1412,RECIP-6883,32.98,3,6,842,1394,0,5,322.58,1,16.3,0,4,0.2383,0.0685,0
TX-101322,CUST-1824,RECIP-7355,176.73,8,0,1631,1542,0,4,42.92,2,2.4,0,0,0.359,0.1914,0
TX-101323,CUST-2329,RECIP-5069,82.96,16,4,834,40,1,0,82.63,3,2.3,1,0,0.089,0.208,0
TX-101324,CUST-2299,RECIP-6309,67.17,13,2,72,635,0,6,29.93,3,47.7,0,0,0.7052,0.1824,0
TX-101325,CUST-1281,RECIP-7377,130.87,23,6,1153,979,0,3,82.9,0,22.1,0,0,0.2332,0.0998,0
TX-101326,CUST-2018,RECIP-5565,39.08,5,1,2450,29,1,0,409.63,2,2172.7,0,0,0.1139,0.3047,0
TX-101327,CUST-1127,RECIP-5585,638.01,18,4,629,630,0,2,155.16,1,76.5,0,0,0.2317,0.0389,0
TX-101328,CUST-2012,RECIP-5203,286.01,10,1,430,1968,0,4,60.22,1,3.4,0,0,0.0618,0.1579,0
TX-101329,CUST-1512,RECIP-5944,134.58,5,1,2306,1872,0,2,140.42,3,33.2,0,0,0.6532,0.1437,0
TX-101330,CUST-1674,RECIP-9467,119.27,22,2,2278,751,0,2,42.63,1,1042.0,0,0,0.0454,0.1582,0
TX-101331,CUST-2076,RECIP-8132,94.27,14,5,2122,165,0,4,42.62,2,2713.3,1,1,0.0619,0.4857,0
TX-101332,CUST-1637,RECIP-9267,50.86,12,1,2442,756,0,5,162.54,1,7.0,0,0,0.0835,0.2067,0
TX-101333,CUST-2211,RECIP-6157,157.02,7,4,2477,1769,0,5,78.7,1,1343.2,0,0,0.1241,0.4696,0
TX-101334,CUST-1800,RECIP-7694,56.49,21,3,2298,1804,0,6,84.15,0,2.8,0,0,0.1225,0.0906,0
TX-101335,CUST-2498,RECIP-9013,547.89,0,6,2412,1420,0,3,95.87,1,3.1,0,0,0.3462,0.0526,0
TX-101336,CUST-1957,RECIP-6584,436.51,2,2,1869,1370,0,1,82.1,1,8.0,0,1,0.3258,0.0193,0
TX-101337,CUST-1444,RECIP-7957,114.73,4,1,806,763,0,1,264.7,0,1.0,0,0,0.3267,0.0049,0
TX-101338,CUST-2162,RECIP-8117,249.04,15,6,1162,915,0,6,33.3,2,9.1,0,0,0.1207,0.2191,0
TX-101339,CUST-1611,RECIP-8745,17.2,2,2,970,1766,0,5,54.5,0,27.4,0,0,0.04,0.137,0
TX-101340,CUST-1801,RECIP-9362,108.06,19,1,1288,479,0,9,117.88,2,12.9,0,0,0.5195,0.0799,0
TX-101341,CUST-1205,RECIP-7768,13.09,4,5,1754,848,0,2,41.45,0,15.4,1,0,0.0187,0.0755,0
TX-101342,CUST-1179,RECIP-7621,100.88,16,5,627,1761,0,3,56.17,2,1386.0,0,0,0.0541,0.379,0
TX-101343,CUST-1862,RECIP-8909,37.13,19,0,69,1414,0,6,189.6,2,3.9,0,3,0.692,0.034,0
TX-101344,CUST-1280,RECIP-8080,243.63,21,5,1518,272,0,3,52.88,0,33.9,0,0,0.1442,0.1859,0
TX-101345,CUST-2496,RECIP-6627,98.34,7,4,2484,1588,0,8,183.76,2,607.9,0,0,0.181,0.1015,0
TX-101346,CUST-2283,RECIP-7835,59.7,1,1,2158,191,0,4,36.29,2,8.2,0,0,0.1954,0.3286,0
TX-101347,CUST-2051,RECIP-7471,60.79,18,3,56,5,1,0,464.6,5,14.0,0,0,0.2756,0.0746,0
TX-101348,CUST-2102,RECIP-6029,8.03,10,1,1508,24,1,0,165.65,2,3.9,0,0,0.32,0.021,0
TX-101349,CUST-1892,RECIP-7321,237.98,22,1,1342,40,1,0,168.58,2,21.6,0,0,0.3115,0.1061,1
TX-101350,CUST-1090,RECIP-7806,410.12,4,0,1079,32,1,0,74.39,2,9.2,0,3,0.1091,0.0828,0
TX-101351,CUST-1588,RECIP-9067,1092.04,13,1,1681,1744,0,1,100.28,2,9.0,0,0,0.4348,0.1106,0
TX-101352,CUST-1743,RECIP-7612,52.11,2,4,1083,16,1,0,752.37,2,14.6,0,0,0.0336,0.0408,0
TX-101353,CUST-2372,RECIP-5742,34.62,11,5,2287,508,0,2,43.83,1,14.8,0,0,0.0199,0.2764,0
TX-101354,CUST-1329,RECIP-9444,14.25,0,3,2272,727,0,4,65.14,0,20.2,0,0,0.0182,0.0559,0
TX-101355,CUST-1745,RECIP-7601,58.81,18,0,1621,1867,0,7,77.59,0,3134.2,0,0,0.2412,0.2397,0
TX-101356,CUST-1516,RECIP-6291,7.1,14,3,1162,1234,0,2,113.16,1,11.6,0,1,0.0647,0.3421,0
TX-101357,CUST-1201,RECIP-8394,8.57,2,5,1504,671,0,5,166.66,0,1.8,1,0,0.1322,0.0894,0
TX-101358,CUST-1154,RECIP-6731,260.79,11,5,2253,340,0,1,144.4,1,53.9,0,0,0.3343,0.0918,0
TX-101359,CUST-1548,RECIP-6665,524.15,10,5,771,864,0,5,44.36,0,21.3,0,2,0.239,0.1099,0
TX-101360,CUST-1123,RECIP-8777,45.4,16,2,2175,675,0,3,177.26,0,8.0,0,0,0.4696,0.1334,0
TX-101361,CUST-1100,RECIP-8904,151.16,11,4,1489,894,0,4,176.41,1,3.1,0,3,0.3073,0.0926,0
TX-101362,CUST-1526,RECIP-7357,52.31,11,0,186,154,0,4,105.05,3,4.4,0,0,0.1375,0.0258,0
TX-101363,CUST-1302,RECIP-6678,328.79,19,2,1881,967,0,2,62.18,2,30.5,0,3,0.9049,0.258,0
TX-101364,CUST-1832,RECIP-8884,115.58,12,3,529,538,0,4,123.35,0,16.6,0,0,0.0948,0.0419,0
TX-101365,CUST-1026,RECIP-5779,177.34,19,0,1303,1927,0,4,80.67,0,14.7,0,0,0.746,0.1909,0
TX-101366,CUST-1452,RECIP-8362,12.2,21,0,2377,596,0,3,96.06,0,3.7,0,1,0.0393,0.0958,0
TX-101367,CUST-1679,RECIP-7628,81.21,20,5,1955,535,0,4,101.03,1,33.3,1,0,0.5876,0.0707,0
TX-101368,CUST-2444,RECIP-8843,50.44,22,1,1757,19,1,0,51.68,3,8.3,0,0,0.294,0.2405,0
TX-101369,CUST-1951,RECIP-6892,406.51,16,0,201,27,1,0,102.38,3,1.0,0,0,0.9146,0.0054,1
TX-101370,CUST-2321,RECIP-8744,49.38,13,4,2151,1478,0,2,222.09,1,0.7,0,2,0.5763,0.2255,0
TX-101371,CUST-1514,RECIP-5068,68.45,12,1,858,24,1,0,165.57,1,33.3,0,0,0.3678,0.1205,0
TX-101372,CUST-1674,RECIP-8412,169.73,4,6,153,1406,0,2,86.17,2,18.4,0,0,0.4325,0.1295,0
TX-101373,CUST-1630,RECIP-5314,106.54,19,6,2400,314,0,2,82.92,2,4.2,0,0,0.1106,0.1265,0
TX-101374,CUST-2331,RECIP-7890,100.82,16,5,501,431,0,1,372.08,1,6.1,0,0,0.1466,0.3006,0
TX-101375,CUST-2438,RECIP-5878,65.47,20,2,828,620,0,3,51.88,1,9.5,0,0,0.1469,0.1723,0
TX-101376,CUST-2443,RECIP-9335,365.6,16,6,381,1416,0,3,161.68,1,14.1,0,0,0.9768,0.1137,0
TX-101377,CUST-2127,RECIP-8461,92.01,11,1,1565,1131,0,4,248.51,1,1.0,1,0,0.107,0.1694,0
TX-101378,CUST-1754,RECIP-5470,45.06,7,1,2173,955,0,4,43.66,1,11.6,0,0,0.131,0.0075,0
TX-101379,CUST-1811,RECIP-9014,37.32,23,6,1314,1237,0,6,87.86,0,5.0,0,0,0.1339,0.042,0
TX-101380,CUST-2470,RECIP-6133,205.24,17,4,2177,440,0,1,229.01,1,4.5,0,0,0.3739,0.041,0
TX-101381,CUST-1426,RECIP-7455,15.13,20,0,2343,25,1,0,57.73,1,9.3,1,0,0.3412,0.0188,0
TX-101382,CUST-1520,RECIP-5383,43.41,14,6,2185,1429,0,5,111.43,1,21.7,0,0,0.0845,0.5786,0
TX-101383,CUST-2345,RECIP-5475,542.47,12,1,432,1975,0,4,34.96,1,6.5,0,0,0.1859,0.1335,0
TX-101384,CUST-1579,RECIP-6085,57.31,0,4,538,60,0,5,73.67,2,2.3,0,0,0.0544,0.0622,0
TX-101385,CUST-1352,RECIP-7404,83.04,1,3,769,763,0,4,283.96,1,24.6,0,1,0.9645,0.1552,0
TX-101386,CUST-1840,RECIP-7443,312.44,16,0,1606,1773,0,2,39.25,2,2033.6,0,0,0.01,0.2101,0
TX-101387,CUST-1488,RECIP-8850,66.85,5,5,2160,1674,0,8,29.27,2,3.0,0,0,0.131,0.0195,0
TX-101388,CUST-2336,RECIP-5743,292.57,1,4,802,567,0,2,96.85,0,7.6,0,0,0.9309,0.1375,0
TX-101389,CUST-2363,RECIP-8372,489.24,18,6,1675,127,0,8,148.5,0,1.7,0,0,0.0896,0.1755,0
TX-101390,CUST-1459,RECIP-5026,66.36,14,4,492,1161,0,0,69.06,1,4.8,0,0,0.4263,0.1516,0
TX-101391,CUST-1794,RECIP-6309,143.42,2,5,1371,1408,0,2,79.11,2,1124.6,0,0,0.0732,0.0692,0
TX-101392,CUST-2475,RECIP-5787,457.52,11,6,1955,553,0,3,173.67,1,3.5,0,1,0.084,0.0221,0
TX-101393,CUST-2113,RECIP-5557,40.78,11,6,1005,648,0,2,249.66,0,6.8,1,3,0.2287,0.1321,0
TX-101394,CUST-1323,RECIP-7630,640.42,0,3,433,1367,0,6,146.95,1,33.2,0,0,0.0133,0.0186,0
TX-101395,CUST-1886,RECIP-9053,640.15,14,0,1045,1101,0,2,202.63,1,31.2,0,0,0.3387,0.171,0
TX-101396,CUST-1929,RECIP-8001,40.29,9,2,1912,607,0,7,97.37,2,6.3,0,0,0.2717,0.2804,0
TX-101397,CUST-1980,RECIP-8843,47.94,21,4,2339,1683,0,4,62.29,1,18.4,0,0,0.0914,0.3176,0
TX-101398,CUST-1037,RECIP-7661,202.19,2,0,1551,1812,0,1,32.6,0,1315.2,0,0,0.1275,0.1688,0
TX-101399,CUST-1449,RECIP-5241,443.55,20,0,1687,1466,0,4,35.41,1,27.3,0,1,0.0357,0.0329,0
TX-101400,CUST-2281,RECIP-6556,224.04,0,2,1065,1895,0,1,90.59,2,21.3,0,0,0.0209,0.1553,0
TX-101401,CUST-1362,RECIP-8706,86.02,18,6,2324,757,0,5,263.68,2,5.7,0,0,0.1052,0.4821,0
TX-101402,CUST-1449,RECIP-5198,162.14,18,2,2178,275,0,2,49.14,1,532.9,0,0,0.482,0.0484,0
TX-101403,CUST-1483,RECIP-5437,197.17,9,6,2431,1481,0,3,998.4,1,26.4,0,0,0.1875,0.0843,0
TX-101404,CUST-1266,RECIP-8752,127.22,6,5,2162,1146,0,5,87.28,1,15.1,0,0,0.0769,0.0748,0
TX-101405,CUST-1233,RECIP-5284,54.84,3,2,1381,863,0,2,46.9,3,23.3,0,0,0.3279,0.1744,0
TX-101406,CUST-1520,RECIP-9317,221.31,8,1,2402,565,0,2,65.85,0,6.1,0,0,0.0119,0.0619,0
TX-101407,CUST-2311,RECIP-8413,67.49,16,5,1536,183,0,7,94.26,2,3.7,0,2,0.5128,0.2062,0
TX-101408,CUST-1002,RECIP-7993,11.27,17,5,1515,392,0,3,277.28,0,36.9,0,0,0.3298,0.0767,0
TX-101409,CUST-1424,RECIP-7413,20.11,4,4,1651,1351,0,3,108.53,2,2.4,0,0,0.2976,0.1615,0
TX-101410,CUST-1090,RECIP-5402,375.2,0,6,489,502,0,2,39.18,1,1.0,0,0,0.2282,0.0256,0
TX-101411,CUST-1842,RECIP-6865,298.56,13,0,2102,1877,0,3,372.27,1,2.1,0,0,0.6904,0.063,0
TX-101412,CUST-1375,RECIP-8634,101.47,13,2,926,978,0,2,62.75,1,2.0,0,1,0.3049,0.0993,0
TX-101413,CUST-2187,RECIP-9067,368.48,23,4,1657,222,0,1,54.12,1,16.7,0,0,0.0904,0.0348,0
TX-101414,CUST-1877,RECIP-7011,109.84,18,0,2115,1329,0,1,141.41,1,0.7,0,0,0.072,0.2792,0
TX-101415,CUST-2175,RECIP-8776,1136.9,13,6,313,1393,0,3,209.96,1,25.2,0,0,0.0231,0.4169,0
TX-101416,CUST-1952,RECIP-8494,81.2,14,4,773,408,0,6,205.3,1,4.7,0,4,0.1629,0.3378,0
TX-101417,CUST-1657,RECIP-5259,36.53,15,2,2357,1,1,0,26.82,1,0.7,0,0,0.2162,0.0133,0
TX-101418,CUST-2291,RECIP-7790,18.47,10,1,921,1491,0,6,337.14,0,0.6,0,2,0.3581,0.1788,0
TX-101419,CUST-1714,RECIP-7772,11.78,16,0,1662,16,1,0,45.31,1,3.5,0,0,0.1936,0.4696,0
TX-101420,CUST-2424,RECIP-7442,493.68,4,4,1417,36,1,0,160.08,0,8.5,0,0,0.1557,0.0812,0
TX-101421,CUST-2492,RECIP-8475,26.48,19,6,2178,1001,0,6,140.54,2,2.2,1,0,0.9398,0.3342,0
TX-101422,CUST-1883,RECIP-9002,15.34,20,0,1290,1943,0,7,156.22,1,10.0,0,0,0.194,0.1585,0
TX-101423,CUST-2011,RECIP-7477,677.66,10,2,1079,2,1,0,84.58,0,0.1,0,0,0.136,0.1356,0
TX-101424,CUST-1383,RECIP-6441,47.45,10,4,70,1875,0,4,236.68,2,40.3,0,0,0.4613,0.219,0
TX-101425,CUST-2221,RECIP-9423,43.42,11,3,1202,436,0,6,101.95,1,3.4,0,0,0.1258,0.0669,0
TX-101426,CUST-2007,RECIP-9336,374.8,19,4,1475,1236,0,5,284.7,2,2.7,0,0,0.0552,0.0936,0
TX-101427,CUST-2353,RECIP-8087,115.56,4,4,1731,828,0,3,42.85,1,20.1,0,1,0.1591,0.1005,0
TX-101428,CUST-1400,RECIP-7882,235.68,8,6,1957,192,0,2,380.09,1,11.0,0,0,0.4675,0.2928,0
TX-101429,CUST-2181,RECIP-5468,1125.17,14,4,1947,1304,0,5,27.13,0,1.5,0,0,0.2458,0.0503,0
TX-101430,CUST-1705,RECIP-6807,37.69,16,4,1164,978,0,1,361.76,2,0.8,1,1,0.4236,0.1236,1
TX-101431,CUST-1277,RECIP-5892,116.38,7,2,223,670,0,6,68.46,0,1.7,0,0,0.2036,0.2229,0
TX-101432,CUST-1256,RECIP-7317,19.51,2,1,658,511,0,8,137.61,2,690.2,0,0,0.079,0.2617,0
TX-101433,CUST-1843,RECIP-8718,490.12,12,0,1036,1007,0,6,71.64,3,2.6,0,0,0.0242,0.1221,0
TX-101434,CUST-1479,RECIP-6010,71.91,15,0,2448,265,0,3,50.51,1,13.9,0,0,0.2339,0.1119,0
TX-101435,CUST-1152,RECIP-9485,5.0,18,5,1931,1223,0,2,72.72,1,1.7,0,0,0.5308,0.0694,0
TX-101436,CUST-1640,RECIP-5582,20.82,0,0,2239,16,1,0,184.34,1,10.1,0,1,0.0822,0.1879,0
TX-101437,CUST-1979,RECIP-5442,463.99,0,3,2480,467,0,2,135.7,1,1455.1,0,0,0.1175,0.2346,0
TX-101438,CUST-1478,RECIP-9385,12.1,9,4,358,1047,0,6,258.94,1,29.2,0,0,0.0756,0.065,0
TX-101439,CUST-2433,RECIP-5451,80.76,13,4,58,11,1,0,152.82,1,1.2,0,2,0.5369,0.1392,0
TX-101440,CUST-2169,RECIP-8308,155.27,0,0,1447,43,1,0,133.89,0,11.5,0,1,0.2182,0.016,0
TX-101441,CUST-1769,RECIP-8435,167.53,4,6,684,1279,0,9,358.09,1,2616.2,0,0,0.3103,0.2085,0
TX-101442,CUST-2401,RECIP-6485,1504.65,10,3,2176,1867,0,9,145.45,2,2.0,0,0,0.2085,0.2591,0
TX-101443,CUST-1649,RECIP-5289,82.6,6,0,1178,16,1,0,48.69,0,2.7,0,0,0.2516,0.0322,0
TX-101444,CUST-1209,RECIP-6388,31.19,17,0,53,1515,0,4,40.38,0,3.2,0,1,0.3135,0.1613,0
TX-101445,CUST-1053,RECIP-5308,34.3,0,6,580,14,1,0,408.34,1,1257.9,0,0,0.1409,0.1262,0
TX-101446,CUST-2407,RECIP-8025,324.53,21,6,873,564,0,6,95.0,0,3.1,0,0,0.0603,0.1953,0
TX-101447,CUST-2439,RECIP-8999,6.05,4,5,96,767,0,4,106.16,2,0.1,1,0,0.2135,0.1986,0
TX-101448,CUST-2108,RECIP-9486,116.49,10,2,813,742,0,4,65.34,1,10.3,0,0,0.0198,0.1492,0
TX-101449,CUST-1154,RECIP-8602,548.5,23,6,1362,1124,0,3,31.35,1,24.3,0,0,0.0321,0.1398,0
TX-101450,CUST-1440,RECIP-8485,99.43,15,1,2236,353,0,5,444.63,1,30.4,1,0,0.0541,0.4267,0
TX-101451,CUST-1061,RECIP-8967,383.4,23,1,1634,1545,0,8,40.03,0,41.2,0,0,0.0949,0.0262,0
TX-101452,CUST-1076,RECIP-8464,75.03,0,5,260,14,1,0,48.4,0,18.0,0,1,0.1933,0.2724,0
TX-101453,CUST-1369,RECIP-7927,366.44,17,2,1057,31,1,0,79.92,1,1549.2,0,0,0.2414,0.1748,0
TX-101454,CUST-1858,RECIP-9483,112.8,1,3,1928,975,0,3,71.34,0,18.4,0,0,0.0424,0.4952,0
TX-101455,CUST-1098,RECIP-6451,49.71,14,4,943,15,1,0,65.54,1,22.7,0,0,0.4786,0.0834,0
TX-101456,CUST-2476,RECIP-6857,50.59,7,1,1420,399,0,6,170.26,2,17.5,0,0,0.1446,0.1665,0
TX-101457,CUST-1682,RECIP-9078,612.27,18,6,2464,466,0,4,234.85,0,2.8,0,0,0.6767,0.1728,0
TX-101458,CUST-1395,RECIP-6399,36.02,2,1,370,549,0,9,98.01,3,5.9,1,0,0.0926,0.0717,0
TX-101459,CUST-1774,RECIP-6344,218.54,21,6,1209,1572,0,3,126.95,3,26.6,0,0,0.8892,0.0736,0
TX-101460,CUST-2185,RECIP-5684,531.75,11,1,1535,574,0,5,50.9,1,31.0,0,3,0.1761,0.0851,0
TX-101461,CUST-1468,RECIP-6239,125.24,12,2,2001,710,0,2,158.08,1,1.0,1,0,0.4723,0.0347,0
TX-101462,CUST-1071,RECIP-7671,155.4,13,1,2097,16,1,0,83.42,1,0.4,0,0,0.1212,0.0757,0
TX-101463,CUST-1076,RECIP-8988,28.96,0,3,739,512,0,4,77.09,0,2.4,0,0,0.3475,0.1682,0
TX-101464,CUST-2277,RECIP-5613,28.49,7,0,1183,1720,0,3,210.89,0,7.2,0,1,0.1517,0.0384,0
TX-101465,CUST-1167,RECIP-8063,623.71,17,1,2080,295,0,4,34.84,2,2224.1,1,0,0.0192,0.1583,0
TX-101466,CUST-1953,RECIP-8448,130.02,23,3,2102,1829,0,6,222.44,2,3.7,0,0,0.3933,0.351,0
TX-101467,CUST-1576,RECIP-9030,87.26,23,4,2064,1670,0,4,98.14,2,11.1,0,0,0.2053,0.0175,0
TX-101468,CUST-2166,RECIP-8375,62.34,12,6,1678,10,1,0,71.56,2,4.3,0,0,0.3523,0.106,0
TX-101469,CUST-1090,RECIP-5701,761.01,6,5,691,1269,0,6,383.21,3,8.3,0,1,0.1449,0.1847,0
TX-101470,CUST-2346,RECIP-7200,37.64,11,6,939,2,1,0,187.31,0,20.3,0,0,0.0376,0.0106,0
TX-101471,CUST-2047,RECIP-9285,137.39,11,5,1649,1692,0,3,28.67,0,6.1,0,0,0.212,0.1006,0
TX-101472,CUST-1673,RECIP-9087,42.84,9,5,658,43,1,0,211.99,3,13.3,0,0,0.1801,0.1079,0
TX-101473,CUST-1310,RECIP-7757,56.13,8,2,1714,1149,0,4,160.08,0,3224.6,0,0,0.1327,0.0852,0
TX-101474,CUST-2465,RECIP-9334,148.43,20,6,1302,876,0,1,39.39,1,10.6,0,0,0.2767,0.0052,0
TX-101475,CUST-1453,RECIP-8006,421.4,9,6,1123,1728,0,4,97.04,1,10.5,0,0,0.0389,0.2801,0
TX-101476,CUST-1735,RECIP-5292,345.4,0,3,907,673,0,3,187.84,0,3.5,0,0,0.1306,0.3872,0
TX-101477,CUST-1591,RECIP-9113,43.36,17,0,1941,1139,0,1,25.98,1,10.7,0,0,0.0233,0.0991,0
TX-101478,CUST-1345,RECIP-5756,70.23,15,0,1179,176,0,0,184.7,2,6.6,0,1,0.1382,0.1183,0
TX-101479,CUST-1624,RECIP-6713,13.7,9,3,788,1312,0,5,76.79,1,38.2,0,0,0.1141,0.2618,0
TX-101480,CUST-1227,RECIP-6071,175.99,15,4,978,315,0,0,89.83,2,6.1,0,0,0.8347,0.204,0
TX-101481,CUST-1002,RECIP-8238,199.17,22,3,1226,169,0,0,240.96,1,1.0,0,0,0.4361,0.0395,0
TX-101482,CUST-1434,RECIP-5134,88.9,22,6,1555,635,0,6,57.82,0,21.5,0,0,0.223,0.0287,0
TX-101483,CUST-1168,RECIP-7881,355.55,18,3,2475,1359,0,1,44.86,2,13.5,0,0,0.0247,0.0418,1
TX-101484,CUST-1622,RECIP-8889,45.45,14,4,870,34,1,0,174.53,0,14.3,0,0,0.0972,0.2297,0
TX-101485,CUST-2294,RECIP-8544,97.14,0,5,471,27,1,0,110.64,1,1049.9,0,2,0.412,0.3253,0
TX-101486,CUST-1243,RECIP-6381,24.36,12,6,2445,1328,0,4,73.35,0,26.1,0,0,0.1193,0.2036,0
TX-101487,CUST-1001,RECIP-9036,75.27,19,4,395,529,0,5,36.97,2,2.6,0,0,0.1595,0.3069,0
TX-101488,CUST-1166,RECIP-6629,51.57,20,3,2262,27,1,0,75.42,0,1.0,0,0,0.009,0.1907,0
TX-101489,CUST-1762,RECIP-8060,169.67,18,0,381,4,1,0,65.13,5,68.6,0,0,0.386,0.1174,1
TX-101490,CUST-1412,RECIP-7280,57.57,23,4,928,27,1,0,84.28,1,19.4,0,0,0.366,0.0618,0
TX-101491,CUST-1734,RECIP-5304,325.03,12,1,2495,733,0,3,30.6,0,5.2,0,0,0.207,0.1807,0
TX-101492,CUST-1043,RECIP-5013,13.47,2,2,439,7,1,0,59.89,1,10.4,0,0,0.4258,0.1664,0
TX-101493,CUST-1499,RECIP-5824,163.1,11,3,424,176,0,0,136.31,1,12.1,0,2,0.0842,0.115,0
TX-101494,CUST-1615,RECIP-9205,31.81,7,0,1534,732,0,4,94.27,1,32.4,0,0,0.0099,0.2259,0
TX-101495,CUST-1646,RECIP-9292,77.31,20,4,499,1225,0,6,86.52,0,17.3,0,0,0.2897,0.0961,0
TX-101496,CUST-1826,RECIP-6845,321.88,18,1,90,175,0,4,48.9,1,2438.6,0,0,0.147,0.0368,0
TX-101497,CUST-2170,RECIP-9358,77.79,10,3,1746,1119,0,5,50.1,1,3.4,0,0,0.0371,0.1592,0
TX-101498,CUST-1700,RECIP-5222,334.7,9,2,2399,831,0,5,80.89,0,10.1,0,3,0.1614,0.078,0
TX-101499,CUST-2261,RECIP-9353,29.27,3,2,1905,1840,0,5,97.54,2,33.8,0,0,0.0978,0.1474,0
TX-101500,CUST-1794,RECIP-6039,106.72,1,2,2411,1022,0,6,53.15,0,3.0,0,0,0.4082,0.1426,0
TX-101501,CUST-1390,RECIP-5165,35.48,7,0,1331,1064,0,3,114.29,1,18.9,0,0,0.0304,0.0535,0
TX-101502,CUST-1343,RECIP-8410,445.31,5,1,1546,1709,0,2,114.03,2,3058.5,0,0,0.2234,0.0382,0
TX-101503,CUST-1483,RECIP-6721,34.4,6,5,2457,17,1,0,46.0,2,11.0,0,0,0.4247,0.1661,0
TX-101504,CUST-1896,RECIP-6315,29.84,23,0,1274,1123,0,2,249.19,3,3.4,1,0,0.8877,0.1138,0
TX-101505,CUST-1363,RECIP-8418,352.98,16,3,126,1348,0,6,53.67,2,0.0,0,0,0.1415,0.0396,0
TX-101506,CUST-2371,RECIP-6498,21.96,13,0,619,843,0,3,50.83,1,2507.0,0,0,0.0218,0.1165,0
TX-101507,CUST-1719,RECIP-8387,35.13,4,3,1563,1417,0,7,62.03,2,2.0,0,0,0.0985,0.1392,0
TX-101508,CUST-2294,RECIP-5878,160.33,20,4,2147,658,0,1,36.18,0,20.0,0,0,0.3906,0.4103,1
TX-101509,CUST-2024,RECIP-5386,678.77,15,3,1527,668,0,4,26.95,1,36.4,0,0,0.1781,0.2543,0
TX-101510,CUST-1500,RECIP-6462,40.32,12,5,1031,1667,0,4,221.43,1,23.5,0,0,0.2016,0.2285,0
TX-101511,CUST-1342,RECIP-7742,77.0,11,1,823,865,0,3,197.55,1,2436.2,0,0,0.8463,0.1152,0
TX-101512,CUST-2115,RECIP-6012,625.85,13,3,1717,1090,0,1,51.79,1,14.4,0,1,0.1456,0.3497,0
TX-101513,CUST-1496,RECIP-5642,28.65,20,1,2251,292,0,5,161.51,1,11.5,0,0,0.1585,0.2481,0
TX-101514,CUST-1370,RECIP-8371,87.47,17,3,716,726,0,6,61.67,1,1889.1,1,4,0.1331,0.5649,0
TX-101515,CUST-2395,RECIP-7219,63.3,11,0,1395,9,1,0,46.54,1,1.9,0,0,0.0741,0.0213,0
TX-101516,CUST-1723,RECIP-6941,1152.06,16,1,1085,1088,0,3,82.67,1,0.3,0,0,0.4999,0.1895,0
TX-101517,CUST-1072,RECIP-6078,22.54,22,4,638,23,1,0,82.06,1,4.5,0,0,0.472,0.145,0
TX-101518,CUST-1742,RECIP-5079,41.41,7,5,1031,117,0,1,209.17,0,0.9,0,0,0.7357,0.2869,0
TX-101519,CUST-1691,RECIP-5239,60.45,21,1,248,1124,0,2,16.82,1,21.6,0,1,0.8419,0.098,0
TX-101520,CUST-2295,RECIP-8066,41.01,14,1,1339,737,0,1,80.38,0,7.6,0,2,0.0693,0.1497,0
TX-101521,CUST-2067,RECIP-5360,140.11,4,2,294,1847,0,1,541.74,1,4.2,0,0,0.169,0.0052,0
TX-101522,CUST-1287,RECIP-6111,187.89,23,1,1200,144,0,4,18.59,1,17.8,0,3,0.2236,0.3407,0
TX-101523,CUST-1225,RECIP-9099,138.48,16,6,2246,1384,0,2,65.1,0,2.7,0,0,0.0524,0.0988,0
TX-101524,CUST-1905,RECIP-6547,12.45,9,4,389,8,1,0,78.67,3,5.0,0,0,0.4167,0.1177,0
TX-101525,CUST-1071,RECIP-8350,60.29,5,2,648,15,1,0,111.29,1,0.5,0,0,0.2164,0.0638,0
TX-101526,CUST-1478,RECIP-6544,66.25,21,3,1810,40,1,0,172.76,0,11.5,0,0,0.0138,0.0874,0
TX-101527,CUST-1207,RECIP-9193,24.66,19,3,2270,1058,0,3,110.75,0,4.2,0,0,0.1174,0.1829,0
TX-101528,CUST-1030,RECIP-8698,32.88,1,3,2390,204,0,6,325.91,2,7.4,1,2,0.8908,0.1447,0
TX-101529,CUST-2378,RECIP-7114,609.72,15,2,326,1228,0,10,75.12,2,4.1,0,0,0.107,0.377,0
TX-101530,CUST-1134,RECIP-8079,210.93,2,6,620,406,0,5,219.42,4,9.9,0,0,0.4983,0.3007,0
TX-101531,CUST-1013,RECIP-6859,22.9,7,2,2460,1709,0,8,88.92,0,13.0,0,0,0.0675,0.2228,0
TX-101532,CUST-2399,RECIP-9249,177.8,13,2,1278,528,0,2,178.76,1,12.5,0,0,0.0626,0.0336,0
TX-101533,CUST-1282,RECIP-6612,164.53,5,0,2088,1599,0,4,61.53,4,5.1,0,0,0.2058,0.0873,0
TX-101534,CUST-2224,RECIP-8764,36.7,12,3,65,698,0,2,50.91,3,2.9,0,0,0.1627,0.0679,0
TX-101535,CUST-1046,RECIP-7773,149.01,10,5,317,6,1,0,37.14,3,29.0,0,0,0.0072,0.5357,0
TX-101536,CUST-1230,RECIP-7896,52.12,13,6,534,63,0,8,82.14,0,0.9,0,0,0.5317,0.04,0
TX-101537,CUST-1165,RECIP-6582,11.74,19,3,242,1844,0,4,58.54,2,53.9,0,2,0.3836,0.1344,0
TX-101538,CUST-2059,RECIP-8747,230.36,3,0,2230,1131,0,4,128.04,1,2873.3,0,0,0.218,0.0488,0
TX-101539,CUST-1930,RECIP-8358,26.52,19,5,2014,20,1,0,165.41,2,5.9,0,0,0.3097,0.0683,0
TX-101540,CUST-1713,RECIP-8668,44.45,5,4,994,126,0,5,215.54,3,22.2,0,0,0.2497,0.2596,0
TX-101541,CUST-1362,RECIP-8605,153.51,0,6,222,595,0,3,184.37,0,720.6,0,0,0.0591,0.0021,0
TX-101542,CUST-1133,RECIP-5709,153.68,10,3,292,1015,0,3,226.03,1,15.9,0,0,0.5646,0.1539,0
TX-101543,CUST-1853,RECIP-8941,133.51,7,0,677,125,0,2,166.19,0,5.7,0,0,0.2696,0.219,0
TX-101544,CUST-1346,RECIP-8788,123.54,4,6,1825,760,0,0,42.73,2,5.2,0,0,0.0487,0.0607,0
TX-101545,CUST-1885,RECIP-6092,27.44,10,4,2009,663,0,5,122.68,0,25.2,0,0,0.27,0.2027,0
TX-101546,CUST-2031,RECIP-9417,37.07,20,5,1362,1753,0,4,57.76,2,3.9,0,0,0.1183,0.2406,0
TX-101547,CUST-2274,RECIP-7371,318.87,14,0,2271,863,0,4,89.42,3,11.3,0,1,0.4495,0.1436,0
TX-101548,CUST-1740,RECIP-6448,632.52,17,3,2322,262,0,3,96.0,1,12.3,0,0,0.2425,0.0997,0
TX-101549,CUST-1007,RECIP-6005,88.5,3,3,1926,528,0,5,15.38,4,0.6,0,0,0.4759,0.155,0
TX-101550,CUST-1421,RECIP-6641,124.33,1,1,224,1662,0,7,45.56,1,3.1,0,1,0.0381,0.135,0
TX-101551,CUST-2280,RECIP-5169,10744.66,8,5,2228,84,0,3,68.35,2,20.9,0,0,0.0876,0.0452,0
TX-101552,CUST-1799,RECIP-8108,56.02,18,1,2273,318,0,6,12.23,0,2589.7,0,0,0.6781,0.0228,0
TX-101553,CUST-1928,RECIP-8185,107.52,21,0,1412,80,0,5,265.49,2,44.9,0,0,0.2071,0.2683,0
TX-101554,CUST-1686,RECIP-8005,43.28,2,1,1510,18,1,0,109.01,0,2749.9,0,0,0.0652,0.0226,1
TX-101555,CUST-1244,RECIP-7470,8.69,11,6,1955,1852,0,3,108.54,1,14.2,0,0,0.0713,0.3756,0
TX-101556,CUST-2345,RECIP-6632,46.69,9,0,1493,1982,0,2,214.15,0,1.1,0,0,0.0535,0.0817,0
TX-101557,CUST-2159,RECIP-8257,135.47,17,4,880,1485,0,2,169.85,1,39.9,0,0,0.3437,0.2704,0
TX-101558,CUST-2492,RECIP-8921,15.77,4,1,1751,238,0,3,170.18,2,11.2,0,0,0.1864,0.0702,0
TX-101559,CUST-2283,RECIP-5394,155.24,11,2,1969,1414,0,5,214.67,1,37.5,0,0,0.1735,0.2386,0
TX-101560,CUST-1436,RECIP-6722,21.59,20,3,379,1558,0,6,124.72,0,3.9,0,0,0.2032,0.2631,0
TX-101561,CUST-1381,RECIP-9479,45.37,11,0,1708,37,1,0,126.95,0,4.3,0,0,0.2769,0.3982,0
TX-101562,CUST-1372,RECIP-8878,72.23,18,1,457,26,1,0,139.25,1,2036.4,0,0,0.1743,0.0687,0
TX-101563,CUST-2378,RECIP-9474,32.41,14,4,1449,1406,0,4,36.98,0,13.4,0,0,0.0332,0.0358,0
TX-101564,CUST-1835,RECIP-5824,92.63,14,0,296,918,0,3,20.42,1,0.2,0,0,0.1224,0.2466,0
TX-101565,CUST-1681,RECIP-7092,79.07,6,3,2480,35,1,0,21.18,0,26.4,0,2,0.2275,0.1385,1
TX-101566,CUST-2452,RECIP-5586,96.78,23,4,1679,43,1,0,168.33,2,14.9,0,0,0.0283,0.0113,0
TX-101567,CUST-1905,RECIP-8897,452.52,5,1,1190,1855,0,6,66.86,2,26.0,0,0,0.242,0.175,0
TX-101568,CUST-2364,RECIP-7334,36.38,22,1,1274,1030,0,3,81.07,3,9.5,0,3,0.2608,0.2289,0
TX-101569,CUST-2476,RECIP-6096,151.3,23,3,1559,41,1,0,112.09,3,22.9,0,0,0.0358,0.0772,0
TX-101570,CUST-1119,RECIP-5406,39.36,12,5,337,1840,0,3,288.64,1,12.0,0,0,0.9506,0.011,0
TX-101571,CUST-1542,RECIP-8319,91.03,20,0,1289,41,1,0,163.31,1,7.0,0,0,0.1839,0.2103,0
TX-101572,CUST-2101,RECIP-8653,258.76,17,2,1798,39,1,0,115.72,0,25.5,0,0,0.14,0.0361,0
TX-101573,CUST-2219,RECIP-8956,267.03,17,6,673,1779,0,8,135.76,1,5.1,0,0,0.2087,0.1217,0
TX-101574,CUST-1222,RECIP-9371,54.06,1,2,1214,1858,0,5,533.57,0,3.8,0,1,0.2809,0.1824,0
TX-101575,CUST-1477,RECIP-8665,244.48,3,2,846,456,0,5,47.29,1,7.7,0,0,0.0792,0.1517,0
TX-101576,CUST-1822,RECIP-8538,122.99,1,5,427,594,0,2,282.4,3,1.6,0,1,0.2896,0.2779,0
TX-101577,CUST-2198,RECIP-8652,102.9,0,3,2447,666,0,4,101.18,0,4.8,0,0,0.2132,0.266,0
TX-101578,CUST-1169,RECIP-9494,122.02,20,2,1494,369,0,2,93.8,0,23.8,0,0,0.9217,0.1859,0
TX-101579,CUST-1901,RECIP-7083,87.7,4,5,998,1718,0,5,159.12,2,38.4,0,2,0.3482,0.0194,0
TX-101580,CUST-1444,RECIP-8413,34.56,0,0,865,1949,0,1,25.01,0,21.3,0,0,0.1311,0.1066,0
TX-101581,CUST-1324,RECIP-8689,77.29,22,4,1708,1068,0,3,44.66,0,13.1,0,0,0.6851,0.0607,0
TX-101582,CUST-1773,RECIP-5523,434.48,6,2,297,23,1,0,133.51,3,16.8,0,0,0.3415,0.1043,0
TX-101583,CUST-1621,RECIP-8108,45.47,19,6,1430,29,1,0,140.28,4,31.4,0,0,0.0264,0.1329,0
TX-101584,CUST-1953,RECIP-6524,3169.49,23,5,598,5,1,0,152.71,1,3175.6,0,1,0.2339,0.1495,1
TX-101585,CUST-1476,RECIP-5596,39.41,12,6,2227,1911,0,5,169.84,3,2901.8,0,0,0.2681,0.03,0
TX-101586,CUST-2234,RECIP-5766,235.21,22,0,1967,1513,0,4,448.53,0,1.5,0,0,0.3086,0.201,0
TX-101587,CUST-1117,RECIP-5513,18.1,23,1,1901,12,1,0,61.37,0,1.2,0,0,0.7735,0.0518,0
TX-101588,CUST-2292,RECIP-9039,142.47,3,6,390,21,1,0,133.29,1,4.7,0,0,0.0885,0.2928,0
TX-101589,CUST-1044,RECIP-8473,14.47,3,2,229,1781,0,7,174.37,0,30.5,0,0,0.2466,0.0713,0
TX-101590,CUST-2103,RECIP-5459,239.49,8,5,1162,887,0,7,131.67,0,17.8,0,0,0.104,0.3152,0
TX-101591,CUST-1519,RECIP-7814,93.22,13,4,907,8,1,0,91.71,2,14.4,0,0,0.3756,0.2959,1
TX-101592,CUST-1575,RECIP-7971,268.97,18,3,1818,1866,0,7,55.53,2,2.6,0,0,0.1234,0.2414,0
TX-101593,CUST-1028,RECIP-7337,23.99,4,0,1788,1697,0,5,85.14,1,6.7,0,0,0.2511,0.1385,0
TX-101594,CUST-2053,RECIP-7727,112.17,4,0,1011,321,0,4,263.23,3,27.3,0,2,0.0467,0.1841,0
TX-101595,CUST-1248,RECIP-9082,177.03,7,5,428,1333,0,5,515.53,0,13.3,0,0,0.1444,0.2095,0
TX-101596,CUST-1988,RECIP-7334,175.33,6,0,830,1771,0,4,26.95,1,2.5,0,0,0.1987,0.1467,1
TX-101597,CUST-2087,RECIP-7968,33.89,22,0,1273,1401,0,2,100.9,2,14.7,0,2,0.885,0.062,0
TX-101598,CUST-2267,RECIP-7569,105.92,9,1,656,995,0,5,26.16,1,3413.5,0,1,0.8542,0.1396,0
TX-101599,CUST-2062,RECIP-6782,647.66,20,6,814,152,0,2,57.64,1,38.1,0,0,0.0486,0.0327,0
TX-101600,CUST-1452,RECIP-9008,112.23,1,4,624,1022,0,6,118.84,1,10.4,0,4,0.2349,0.1237,0
TX-101601,CUST-2107,RECIP-6862,14.35,2,5,189,1138,0,1,40.82,0,9.1,0,2,0.4018,0.4302,0
TX-101602,CUST-2238,RECIP-8599,459.53,19,4,1515,1695,0,3,71.06,2,11.6,0,0,0.3612,0.2034,0
TX-101603,CUST-1475,RECIP-7723,46.26,5,3,2492,23,1,0,63.35,0,12.1,0,0,0.3424,0.2127,0
TX-101604,CUST-1186,RECIP-8082,1235.37,1,1,2381,17,1,0,115.02,0,15.6,0,0,0.2091,0.1992,1
TX-101605,CUST-2335,RECIP-8421,25.09,14,3,2325,1858,0,5,72.47,0,0.6,0,0,0.2045,0.1245,0
TX-101606,CUST-1221,RECIP-8311,78.38,3,3,1657,43,1,0,239.4,2,49.3,0,3,0.4076,0.0639,0
TX-101607,CUST-1890,RECIP-7539,188.22,1,6,1876,1149,0,6,94.73,2,42.8,0,0,0.2002,0.0854,0
TX-101608,CUST-1354,RECIP-7769,183.78,9,6,188,924,0,2,51.5,0,18.5,0,0,0.0889,0.1185,0
TX-101609,CUST-1189,RECIP-7289,229.69,13,5,526,1257,0,3,30.55,1,7.9,0,0,0.0872,0.3008,0
TX-101610,CUST-2164,RECIP-6526,133.48,12,5,1774,32,1,0,52.05,2,70.3,0,0,0.1587,0.0415,0
TX-101611,CUST-1215,RECIP-8271,329.57,14,5,2471,531,0,7,85.03,3,25.9,0,0,0.0726,0.2382,0
TX-101612,CUST-2005,RECIP-8954,131.43,0,4,2273,16,1,0,144.04,2,0.1,0,0,0.2211,0.3762,0
TX-101613,CUST-2039,RECIP-8173,32.65,6,5,1588,7,1,0,168.85,2,454.2,0,0,0.3373,0.2606,0
TX-101614,CUST-1090,RECIP-8474,1267.55,8,0,299,405,0,5,196.01,1,26.8,0,0,0.1739,0.0428,0
TX-101615,CUST-1259,RECIP-8736,35.96,7,0,2416,16,1,0,150.28,1,23.8,0,0,0.1004,0.0196,0
TX-101616,CUST-2191,RECIP-6653,227.46,13,3,815,1326,0,5,204.16,1,15.3,0,0,0.2245,0.0425,0
TX-101617,CUST-1760,RECIP-5281,155.76,5,0,135,1635,0,7,76.43,1,1.5,0,4,0.86,0.2149,0
TX-101618,CUST-1182,RECIP-6519,289.24,15,2,1927,1282,0,1,86.05,0,7.4,0,0,0.3379,0.0565,0
TX-101619,CUST-2487,RECIP-8397,81.19,22,1,458,1246,0,4,62.72,0,3.3,0,0,0.0284,0.0532,0
TX-101620,CUST-1397,RECIP-8670,130.31,15,6,774,1139,0,8,54.2,4,7.3,0,0,0.1959,0.1444,0
TX-101621,CUST-1006,RECIP-7311,45.16,9,4,1702,279,0,1,276.02,2,10.5,1,0,0.0728,0.231,0
TX-101622,CUST-2386,RECIP-8503,170.45,10,0,2414,805,0,4,86.02,1,29.0,0,0,0.1972,0.3504,0
TX-101623,CUST-1024,RECIP-5336,21.93,14,4,2270,934,0,5,42.12,0,0.5,0,0,0.2007,0.0497,0
TX-101624,CUST-1830,RECIP-7898,363.94,17,5,434,35,1,0,51.91,1,6.3,0,0,0.1105,0.0745,0
TX-101625,CUST-2489,RECIP-8055,1195.41,7,2,464,23,1,0,477.1,0,8.0,0,0,0.4024,0.0222,0
TX-101626,CUST-1866,RECIP-7285,302.32,0,6,2028,29,1,0,119.39,1,7.0,0,0,0.02,0.2724,0
TX-101627,CUST-1876,RECIP-8224,40.92,16,6,813,18,1,0,140.14,0,3.3,0,0,0.1467,0.1423,0
TX-101628,CUST-1582,RECIP-7211,50.14,15,6,222,32,1,0,66.23,0,8.6,0,0,0.0742,0.0484,0
TX-101629,CUST-1190,RECIP-7356,265.18,2,0,1482,971,0,5,18.61,1,1.1,1,0,0.6691,0.0649,0
TX-101630,CUST-1859,RECIP-7717,26.35,15,3,1652,9,1,0,38.19,0,1.1,0,0,0.121,0.2193,0
TX-101631,CUST-2345,RECIP-8572,20.46,1,5,2499,15,1,0,60.52,3,9.6,0,1,0.031,0.228,0
TX-101632,CUST-1136,RECIP-6119,104.87,15,3,1231,721,0,5,61.8,1,4.0,0,0,0.081,0.0871,0
TX-101633,CUST-2320,RECIP-6351,53.21,17,3,2005,462,0,2,97.94,1,4.6,0,0,0.3969,0.195,0
TX-101634,CUST-1622,RECIP-6884,50.0,0,2,1349,11,1,0,184.39,0,6.5,0,0,0.863,0.1766,0
TX-101635,CUST-1804,RECIP-5908,19.38,17,2,2311,1340,0,5,100.28,1,1.0,0,0,0.1589,0.1289,0
TX-101636,CUST-1248,RECIP-6504,580.55,2,4,1233,474,0,2,135.16,1,8.0,0,0,0.0172,0.0995,0
TX-101637,CUST-1932,RECIP-6578,30.72,6,0,1697,1115,0,2,194.96,0,3.6,1,0,0.7161,0.2411,0
TX-101638,CUST-1273,RECIP-6414,56.05,16,5,2409,791,0,5,290.79,0,9.5,0,0,0.1981,0.0842,0
TX-101639,CUST-1409,RECIP-6845,752.04,8,5,2197,163,0,3,48.94,1,3.7,0,0,0.0869,0.1374,0
TX-101640,CUST-2082,RECIP-7271,69.98,23,0,1020,1777,0,5,133.68,0,8.9,0,0,0.017,0.0367,0
TX-101641,CUST-1075,RECIP-8131,53.13,22,5,1282,1219,0,2,138.35,0,0.6,0,0,0.1118,0.0718,0
TX-101642,CUST-1670,RECIP-6363,252.7,23,3,1494,37,1,0,119.14,2,1578.3,0,0,0.057,0.0663,0
TX-101643,CUST-1891,RECIP-8804,134.77,2,2,336,1036,0,2,72.27,0,21.2,0,0,0.2465,0.0385,0
TX-101644,CUST-1198,RECIP-7157,128.46,4,3,606,1974,0,4,46.96,0,38.7,0,1,0.0838,0.2777,0
TX-101645,CUST-1442,RECIP-8244,56.59,4,3,1782,351,0,2,86.2,0,10.8,0,0,0.4426,0.0256,0
TX-101646,CUST-1515,RECIP-5516,103.39,14,1,207,16,1,0,116.98,0,70.7,0,0,0.2819,0.0461,0
TX-101647,CUST-1995,RECIP-5782,317.01,10,4,1515,63,0,4,216.85,1,27.6,0,0,0.375,0.1738,0
TX-101648,CUST-2465,RECIP-7041,40.56,17,4,1227,1736,0,4,87.23,1,2.5,1,0,0.4985,0.112,0
TX-101649,CUST-2254,RECIP-6647,268.15,6,2,1228,19,1,0,40.33,0,3127.6,0,0,0.0727,0.0135,0
TX-101650,CUST-1284,RECIP-7232,60.05,4,3,2119,634,0,3,45.84,2,4.9,0,4,0.3221,0.0267,0
TX-101651,CUST-1027,RECIP-5712,83.06,15,4,709,1572,0,2,39.72,0,22.6,0,3,0.0004,0.1457,0
TX-101652,CUST-1077,RECIP-7131,18.99,14,3,1983,377,0,3,90.68,2,964.9,0,0,0.3358,0.208,0
TX-101653,CUST-1893,RECIP-8090,54.82,16,3,1966,43,1,0,34.57,2,8.3,0,0,0.1348,0.0813,0
TX-101654,CUST-1234,RECIP-8278,88.0,7,6,2481,965,0,3,53.82,0,40.6,0,0,0.1651,0.242,0
TX-101655,CUST-1346,RECIP-6116,284.82,12,6,2056,1892,0,1,324.27,2,51.9,0,0,0.0591,0.0187,0
TX-101656,CUST-2271,RECIP-6549,304.4,22,2,1282,702,0,0,85.17,2,1997.6,0,0,0.5047,0.0515,0
TX-101657,CUST-2310,RECIP-7364,21.43,14,5,929,1112,0,2,102.97,1,0.3,0,0,0.2964,0.0292,0
TX-101658,CUST-2258,RECIP-7330,183.02,22,5,1959,831,0,1,36.47,1,0.2,0,0,0.1058,0.1259,0
TX-101659,CUST-1380,RECIP-8563,106.1,10,0,2321,1531,0,2,93.52,1,18.8,0,0,0.2965,0.0961,0
TX-101660,CUST-1929,RECIP-6756,1468.34,1,4,723,1804,0,2,27.96,1,21.1,1,0,0.4735,0.0243,0
TX-101661,CUST-1916,RECIP-8019,95.96,18,5,943,40,1,0,107.61,0,2.0,0,0,0.4589,0.1744,0
TX-101662,CUST-1277,RECIP-8976,19.19,11,0,1257,582,0,2,38.0,2,29.6,0,0,0.3141,0.1352,0
TX-101663,CUST-1830,RECIP-6342,22.27,1,2,295,569,0,2,261.4,4,12.3,0,0,0.0977,0.5198,0
TX-101664,CUST-1787,RECIP-8703,63.27,3,5,806,1853,0,1,413.33,6,14.7,0,2,0.8101,0.1306,1
TX-101665,CUST-1594,RECIP-6497,5.77,7,6,441,1190,0,5,59.67,1,21.7,0,0,0.4311,0.2488,0
TX-101666,CUST-2127,RECIP-6504,20.34,4,6,1937,32,1,0,29.99,1,1.9,1,0,0.3216,0.2891,1
TX-101667,CUST-2016,RECIP-7940,178.59,16,4,1251,720,0,7,69.17,3,19.2,0,0,0.2978,0.1078,0
TX-101668,CUST-1798,RECIP-7798,10669.59,14,0,1521,25,1,0,28.11,3,1.1,0,1,0.2145,0.1024,1
TX-101669,CUST-2088,RECIP-7472,80.37,7,0,227,224,0,2,74.71,0,14.6,0,0,0.0711,0.2231,0
TX-101670,CUST-2144,RECIP-6040,28.02,2,5,1446,732,0,3,49.92,1,38.8,0,0,0.1686,0.044,0
TX-101671,CUST-1850,RECIP-5433,279.07,1,5,1804,1599,0,4,228.84,2,31.8,0,0,0.1654,0.1885,0
TX-101672,CUST-1401,RECIP-9090,378.06,22,1,1732,1339,0,4,20.48,1,13.9,0,0,0.0974,0.138,0
TX-101673,CUST-2137,RECIP-8932,54.62,8,0,1993,83,0,5,36.34,3,15.3,0,0,0.9689,0.0422,0
TX-101674,CUST-2076,RECIP-8990,178.87,2,1,311,146,0,5,187.21,2,4.3,0,0,0.4014,0.097,0
TX-101675,CUST-2475,RECIP-7306,378.48,17,6,1387,1745,0,2,61.94,2,4.0,0,0,0.1325,0.0674,0
TX-101676,CUST-1224,RECIP-8980,538.65,20,5,1221,5,1,0,305.28,0,2.6,0,0,0.4413,0.0992,0
TX-101677,CUST-1628,RECIP-7130,42.11,2,6,2236,1601,0,2,100.56,2,21.9,0,0,0.0004,0.108,0
TX-101678,CUST-2386,RECIP-5339,50.64,22,0,1735,20,1,0,116.02,0,2.5,0,0,0.2999,0.294,0
TX-101679,CUST-1771,RECIP-5892,23.18,17,4,2387,1298,0,2,124.32,1,20.5,0,0,0.078,0.1954,0
TX-101680,CUST-2413,RECIP-6226,37.97,6,6,92,715,0,5,132.57,1,7.5,1,0,0.9657,0.0479,0
TX-101681,CUST-1018,RECIP-6696,178.55,18,3,1135,1206,0,7,84.24,2,0.0,1,0,0.7527,0.1548,0
TX-101682,CUST-1052,RECIP-9225,70.56,10,5,1767,1305,0,1,87.18,2,22.5,0,0,0.0621,0.1528,0
TX-101683,CUST-2194,RECIP-6497,16.87,15,4,250,1700,0,1,245.8,0,588.3,0,0,0.1215,0.0303,0
TX-101684,CUST-1537,RECIP-7756,131.05,3,0,1638,1091,0,5,56.57,4,24.8,0,0,0.1367,0.4062,0
TX-101685,CUST-1780,RECIP-6218,302.59,5,3,601,168,0,3,112.17,1,53.6,0,3,0.2528,0.144,0
TX-101686,CUST-1642,RECIP-7894,74.02,18,1,213,1267,0,5,72.83,3,6.8,0,0,0.7861,0.1064,0
TX-101687,CUST-1611,RECIP-7553,82.17,19,0,1654,1488,0,2,160.07,2,2.4,0,1,0.0688,0.1711,0
TX-101688,CUST-2409,RECIP-5676,453.81,0,4,1083,1894,0,2,258.32,1,44.9,0,1,0.102,0.1479,0
TX-101689,CUST-1141,RECIP-7080,327.78,5,6,1032,410,0,4,66.68,0,40.9,0,2,0.0509,0.0229,0
TX-101690,CUST-2158,RECIP-5474,164.16,14,0,833,1728,0,6,47.3,1,10.7,0,0,0.9685,0.1222,0
TX-101691,CUST-2334,RECIP-9001,431.24,21,2,1721,38,1,0,56.37,2,2856.7,0,0,0.0934,0.054,0
TX-101692,CUST-1986,RECIP-8168,327.72,16,4,1558,1477,0,5,197.57,0,52.7,0,0,0.3841,0.0832,0
TX-101693,CUST-1592,RECIP-9236,543.45,16,2,1676,665,0,5,119.57,0,11.7,0,0,0.0036,0.2575,0
TX-101694,CUST-1240,RECIP-8940,137.88,9,0,1975,287,0,7,93.67,2,0.1,0,0,0.2103,0.2392,0
TX-101695,CUST-2023,RECIP-5987,102.93,1,1,1525,694,0,2,85.9,4,8.1,0,3,0.1095,0.3781,0
TX-101696,CUST-1703,RECIP-8182,794.43,18,0,214,31,1,0,58.33,0,25.7,0,0,0.1515,0.0626,0
TX-101697,CUST-1224,RECIP-5450,144.7,19,6,419,433,0,6,188.99,1,882.9,0,0,0.6332,0.1394,0
TX-101698,CUST-1539,RECIP-9322,133.05,10,3,2479,1127,0,3,113.2,0,37.5,0,0,0.0338,0.1291,0
TX-101699,CUST-2442,RECIP-8534,705.62,12,6,736,1439,0,2,377.63,1,9.1,0,0,0.1336,0.1018,0
TX-101700,CUST-1398,RECIP-8062,109.0,5,4,1086,41,1,0,97.08,0,2.5,0,0,0.1923,0.1275,0
TX-101701,CUST-1267,RECIP-9476,62.35,10,2,963,28,1,0,120.63,1,1.2,0,0,0.0178,0.2014,0
TX-101702,CUST-2022,RECIP-8811,8.37,5,6,2475,1226,0,4,70.14,0,46.6,0,0,0.4606,0.4721,0
TX-101703,CUST-1299,RECIP-8886,56.18,10,1,2066,1844,0,4,61.17,0,21.0,0,0,0.138,0.3349,0
TX-101704,CUST-2379,RECIP-5450,111.21,3,1,1224,127,0,6,94.3,1,21.6,0,0,0.0873,0.2087,0
TX-101705,CUST-2288,RECIP-5106,265.64,14,5,1715,1537,0,3,243.07,3,13.8,0,2,0.1203,0.0395,0
TX-101706,CUST-2475,RECIP-9324,89.41,5,3,1392,1956,0,4,69.88,0,24.1,0,0,0.041,0.2224,0
TX-101707,CUST-2368,RECIP-6130,34.86,17,2,1622,1662,0,2,68.99,1,5.2,0,2,0.1665,0.0954,0
TX-101708,CUST-1365,RECIP-6918,139.43,12,4,2386,1850,0,1,34.04,0,1.6,0,0,0.1429,0.2859,0
TX-101709,CUST-1318,RECIP-5195,12.91,21,6,1690,1810,0,5,637.01,0,1566.8,0,0,0.0236,0.3603,0
TX-101710,CUST-1513,RECIP-7803,375.51,5,1,308,11,1,0,63.54,2,4.9,0,2,0.0174,0.1437,0
TX-101711,CUST-1704,RECIP-8693,435.53,6,6,1272,1624,0,3,33.99,1,17.3,0,0,0.2084,0.0327,0
TX-101712,CUST-2319,RECIP-8787,13.1,5,6,2054,766,0,2,113.41,2,7.8,1,0,0.2014,0.0556,0
TX-101713,CUST-2100,RECIP-7616,35.56,15,5,127,289,0,2,119.52,2,56.6,0,1,0.2038,0.0083,0
TX-101714,CUST-1966,RECIP-7975,132.79,2,1,911,224,0,1,179.56,0,2.7,0,0,0.0117,0.0442,0
TX-101715,CUST-2317,RECIP-7311,625.43,16,0,526,29,1,0,114.58,2,0.8,0,0,0.4232,0.233,0
TX-101716,CUST-1968,RECIP-7007,85.03,19,0,1810,1464,0,6,26.63,0,30.2,0,0,0.3224,0.1819,0
TX-101717,CUST-1568,RECIP-7495,138.37,16,4,376,3,1,0,56.16,1,5.5,0,0,0.1098,0.0768,0
TX-101718,CUST-1619,RECIP-9211,119.06,3,2,1571,1634,0,5,220.85,3,20.5,0,0,0.0552,0.0595,0
TX-101719,CUST-1775,RECIP-6136,16.32,11,6,188,704,0,1,199.31,0,2.6,0,0,0.135,0.0293,0
TX-101720,CUST-1133,RECIP-7115,61.92,12,0,2312,1594,0,5,136.87,1,3317.4,0,0,0.1035,0.202,0
TX-101721,CUST-2112,RECIP-7707,39.09,9,2,819,15,1,0,299.89,0,18.4,0,0,0.1727,0.0768,0
TX-101722,CUST-1979,RECIP-7565,116.62,11,1,1036,694,0,3,83.28,0,11.0,0,0,0.1096,0.0698,0
TX-101723,CUST-2096,RECIP-5138,42.47,18,6,1975,19,1,0,236.82,2,1.0,0,0,0.0616,0.2033,0
TX-101724,CUST-1800,RECIP-6293,93.3,20,0,967,1100,0,3,71.58,1,9.2,0,0,0.045,0.065,0
TX-101725,CUST-2174,RECIP-7907,85.01,7,2,314,1759,0,4,364.75,1,3298.2,0,0,0.1022,0.1508,0
TX-101726,CUST-2424,RECIP-8123,93.1,7,6,2264,787,0,3,67.71,1,2852.7,0,0,0.0456,0.3186,0
TX-101727,CUST-1854,RECIP-8304,291.44,4,6,305,811,0,3,41.44,0,30.7,0,0,0.0156,0.0945,0
TX-101728,CUST-1666,RECIP-9461,137.68,9,6,1257,1564,0,3,40.19,2,22.1,0,0,0.1081,0.3192,0
TX-101729,CUST-1156,RECIP-8028,68.82,13,4,336,8,1,0,281.55,0,7.7,0,0,0.0234,0.3595,0
TX-101730,CUST-2168,RECIP-7608,155.58,17,1,1753,114,0,4,306.21,0,1.4,0,0,0.0954,0.0674,0
TX-101731,CUST-2355,RECIP-6494,49.64,6,0,696,199,0,3,49.15,2,5.1,0,0,0.259,0.3015,0
TX-101732,CUST-2049,RECIP-6666,27.57,5,2,2332,7,1,0,59.66,2,31.1,0,0,0.374,0.1024,0
TX-101733,CUST-2298,RECIP-8718,3088.61,0,3,529,924,0,4,16.46,0,9.2,0,0,0.9577,0.0308,1
TX-101734,CUST-2291,RECIP-7109,43.67,2,3,1684,1144,0,4,39.19,1,0.6,0,0,0.1205,0.1012,0
TX-101735,CUST-2197,RECIP-8219,29.59,1,0,64,1808,0,6,80.7,3,45.2,0,0,0.2358,0.3501,0
TX-101736,CUST-1754,RECIP-5558,478.73,4,4,309,830,0,3,80.2,1,2651.8,0,0,0.0322,0.2423,0
TX-101737,CUST-1149,RECIP-5577,236.76,16,2,712,932,0,1,20.54,1,15.3,0,2,0.1415,0.1522,1
TX-101738,CUST-1004,RECIP-5969,73.53,18,0,2213,1703,0,8,32.93,1,0.9,0,0,0.0748,0.0052,0
TX-101739,CUST-1306,RECIP-5878,240.35,23,6,2490,18,1,0,398.44,0,5.1,0,0,0.6607,0.1987,0
TX-101740,CUST-1646,RECIP-7731,54.0,13,2,1545,1405,0,3,234.64,2,18.0,0,0,0.9282,0.1464,0
TX-101741,CUST-2115,RECIP-7866,152.93,10,1,861,760,0,3,109.91,2,0.9,0,0,0.0163,0.0605,0
TX-101742,CUST-1683,RECIP-7510,95.72,21,3,801,32,1,0,112.42,2,23.5,0,0,0.0707,0.1727,0
TX-101743,CUST-1034,RECIP-6302,60.36,3,6,551,1668,0,6,99.73,0,5.8,1,0,0.8784,0.0805,0
TX-101744,CUST-1315,RECIP-7595,119.74,15,5,871,1831,0,3,90.54,0,1834.6,0,0,0.2044,0.0253,0
TX-101745,CUST-2468,RECIP-5537,26.27,19,0,1254,8,1,0,100.43,1,10.1,0,0,0.1387,0.0323,0
TX-101746,CUST-2482,RECIP-7127,48.06,12,4,1722,1751,0,3,30.61,0,15.6,0,0,0.1195,0.1684,0
TX-101747,CUST-1565,RECIP-5697,9.43,6,4,596,1635,0,4,81.99,1,2.3,0,4,0.3813,0.2982,0
TX-101748,CUST-2207,RECIP-5345,62.87,14,6,118,12,1,0,21.82,0,25.1,0,0,0.1645,0.3764,0
TX-101749,CUST-2078,RECIP-5745,119.05,23,6,1412,29,1,0,85.12,1,17.8,0,0,0.3669,0.1392,0
TX-101750,CUST-2396,RECIP-5500,18.42,5,5,629,903,0,2,136.07,0,11.0,0,0,0.0585,0.2922,0
TX-101751,CUST-2331,RECIP-7150,136.87,13,4,1019,1296,0,2,65.07,2,6.2,0,0,0.2156,0.229,0
TX-101752,CUST-1943,RECIP-7456,8.03,1,2,1788,1777,0,2,120.12,0,12.7,0,0,0.1622,0.225,0
TX-101753,CUST-1591,RECIP-7733,47.09,5,6,2245,1085,0,0,91.79,2,13.2,0,0,0.0038,0.2694,0
TX-101754,CUST-1939,RECIP-6978,80.73,18,6,1349,9,1,0,138.71,0,7.8,0,0,0.0941,0.0243,0
TX-101755,CUST-1478,RECIP-5793,87.89,11,6,2321,1160,0,1,129.72,2,0.4,0,3,0.2142,0.0101,0
TX-101756,CUST-1522,RECIP-5094,116.23,4,6,694,4,1,0,52.4,1,17.5,0,0,0.0819,0.1217,0
TX-101757,CUST-1913,RECIP-8206,14.53,8,4,1791,1396,0,3,34.11,2,77.6,0,0,0.0782,0.1044,0
TX-101758,CUST-1857,RECIP-9422,108.06,2,6,2449,160,0,1,36.06,1,10.6,0,0,0.7467,0.1496,0
TX-101759,CUST-1871,RECIP-6264,190.2,18,5,562,33,1,0,49.98,3,8.4,0,0,0.1376,0.2034,0
TX-101760,CUST-1577,RECIP-5921,55.04,22,1,1853,135,0,8,182.0,2,17.7,0,0,0.2051,0.1519,0
TX-101761,CUST-1613,RECIP-6402,69.05,2,0,1200,1551,0,9,170.94,0,0.6,0,0,0.1666,0.1574,0
TX-101762,CUST-1015,RECIP-5964,18.44,5,6,2205,1797,0,2,69.68,0,25.1,0,2,0.1165,0.1478,0
TX-101763,CUST-1902,RECIP-6005,232.21,20,2,784,749,0,1,79.7,0,20.8,0,0,0.3543,0.09,0
TX-101764,CUST-1863,RECIP-7225,22.27,21,6,2402,31,1,0,36.5,1,75.1,0,2,0.9075,0.3036,0
TX-101765,CUST-2403,RECIP-8533,294.78,18,2,2001,84,0,4,38.3,2,1.7,0,0,0.1331,0.0844,0
TX-101766,CUST-1756,RECIP-8205,4134.94,17,2,1771,923,0,4,135.56,0,23.9,0,0,0.1263,0.257,0
TX-101767,CUST-1701,RECIP-9319,51.96,20,5,102,1308,0,3,71.88,1,13.3,0,0,0.0087,0.0369,0
TX-101768,CUST-1101,RECIP-6608,38.46,8,3,234,6,1,0,77.27,1,0.3,0,0,0.0327,0.0598,0
TX-101769,CUST-1295,RECIP-7216,73.27,21,4,1666,1250,0,4,163.88,0,13.9,0,2,0.0496,0.1475,0
TX-101770,CUST-1507,RECIP-6711,268.67,21,2,1212,357,0,1,138.38,1,3.4,0,0,0.2605,0.1634,0
TX-101771,CUST-1565,RECIP-5189,32.93,5,4,828,1468,0,2,83.57,1,42.5,0,2,0.132,0.2463,0
TX-101772,CUST-1544,RECIP-6748,68.66,1,3,2109,38,1,0,242.58,2,16.7,0,0,0.0409,0.315,1
TX-101773,CUST-1591,RECIP-6172,311.01,12,6,1218,1996,0,3,66.64,1,16.0,0,2,0.0114,0.1982,0
TX-101774,CUST-2153,RECIP-7154,91.97,18,3,1163,1552,0,1,48.33,1,2611.1,0,0,0.0665,0.1668,0
TX-101775,CUST-1196,RECIP-5711,69.75,20,0,827,5,1,0,38.52,3,3.0,1,1,0.1961,0.3134,0
TX-101776,CUST-1498,RECIP-8337,95.19,3,5,2454,1896,0,4,244.62,4,6.9,0,0,0.4663,0.0848,0
TX-101777,CUST-1244,RECIP-8792,36.31,9,6,931,17,1,0,61.9,0,17.7,0,0,0.0872,0.236,0
TX-101778,CUST-1461,RECIP-9323,72.39,18,6,671,24,1,0,100.52,0,10.4,0,0,0.0567,0.0605,0
TX-101779,CUST-2026,RECIP-5381,119.27,1,0,1695,11,1,0,405.47,1,3332.1,0,0,0.8879,0.1324,1
TX-101780,CUST-1070,RECIP-5529,152.59,17,6,114,1329,0,0,54.85,0,31.8,0,0,0.0648,0.1764,0
TX-101781,CUST-1509,RECIP-9349,92.6,6,2,1500,754,0,5,108.4,3,7.8,0,0,0.4129,0.1254,0
TX-101782,CUST-1035,RECIP-8816,6.27,0,5,1424,1998,0,3,107.91,3,8.9,0,0,0.9722,0.2968,0
TX-101783,CUST-2432,RECIP-7648,62.41,5,4,632,1374,0,4,103.08,1,39.3,0,0,0.4611,0.0991,0
TX-101784,CUST-2090,RECIP-6446,93.97,17,6,1929,1537,0,6,198.01,1,58.6,0,0,0.1623,0.3033,0
TX-101785,CUST-1365,RECIP-7329,103.04,20,2,137,441,0,6,132.46,3,7.4,0,0,0.2668,0.2275,0
TX-101786,CUST-1297,RECIP-7410,55.39,1,4,2454,13,1,0,114.53,2,9.9,0,0,0.2212,0.165,0
TX-101787,CUST-1148,RECIP-8813,767.57,11,4,2144,1934,0,2,350.28,2,46.0,0,0,0.3537,0.3538,0
TX-101788,CUST-1709,RECIP-7382,54.3,4,1,463,23,1,0,32.78,2,8.2,0,0,0.4323,0.1236,0
TX-101789,CUST-2130,RECIP-5123,145.02,16,5,1245,915,0,7,40.86,1,2267.2,0,0,0.2391,0.224,0
TX-101790,CUST-1876,RECIP-8148,53.27,18,1,516,1872,0,5,94.73,1,14.2,0,0,0.2643,0.1141,0
TX-101791,CUST-2321,RECIP-8497,807.67,23,5,1558,80,0,5,147.28,2,15.9,0,0,0.2024,0.0632,0
TX-101792,CUST-1515,RECIP-6341,17.43,8,0,900,455,0,4,96.45,0,9.4,1,0,0.4525,0.465,0
TX-101793,CUST-1417,RECIP-5524,466.97,7,1,1236,1331,0,6,60.69,0,25.0,0,0,0.1248,0.0122,0
TX-101794,CUST-1717,RECIP-5639,128.15,7,3,2393,3,1,0,256.84,4,1.2,0,0,0.0396,0.2379,0
TX-101795,CUST-1303,RECIP-8783,49.48,18,1,1558,293,0,1,182.75,4,42.1,0,0,0.2388,0.0471,0
TX-101796,CUST-2463,RECIP-7013,56.94,10,0,2171,13,1,0,63.4,2,7.8,0,0,0.0614,0.1564,0
TX-101797,CUST-1278,RECIP-7381,39.34,0,0,1578,38,1,0,340.45,1,28.0,0,0,0.2606,0.1358,0
TX-101798,CUST-1718,RECIP-9322,406.61,22,2,1201,4,1,0,72.81,1,3.8,0,0,0.3587,0.152,0
TX-101799,CUST-1783,RECIP-5275,86.59,2,3,67,105,0,7,81.19,1,4.8,0,0,0.0888,0.1541,0
TX-101800,CUST-1085,RECIP-5926,47.76,22,0,250,1983,0,2,31.58,1,64.2,0,1,0.1428,0.1098,0
TX-101801,CUST-1702,RECIP-8749,198.77,3,0,1347,1772,0,2,121.2,2,11.9,0,0,0.1538,0.1287,0
TX-101802,CUST-1682,RECIP-7430,1021.09,12,4,1274,23,1,0,421.35,2,47.5,0,0,0.0664,0.1839,0
TX-101803,CUST-1389,RECIP-5122,69.25,7,2,1270,125,0,8,409.32,2,1.5,0,0,0.2326,0.1528,0
TX-101804,CUST-1191,RECIP-8162,7.62,16,5,2118,1476,0,6,76.1,1,2.5,0,0,0.8583,0.0391,0
TX-101805,CUST-1067,RECIP-5622,514.3,9,5,266,7,1,0,66.37,3,18.0,0,0,0.2065,0.0252,0
TX-101806,CUST-1012,RECIP-8519,78.92,8,0,1657,1566,0,7,101.13,2,23.6,0,1,0.0268,0.1778,0
TX-101807,CUST-1722,RECIP-8590,203.68,11,6,1872,1009,0,4,290.0,3,2.5,0,1,0.1283,0.0204,0
TX-101808,CUST-1134,RECIP-8709,40.62,23,4,1624,76,0,5,116.0,1,2.3,1,1,0.1415,0.2045,0
TX-101809,CUST-2438,RECIP-7091,41.43,5,5,612,1827,0,3,181.07,2,37.0,1,0,0.7731,0.1656,0
TX-101810,CUST-1367,RECIP-6205,40.27,5,3,1033,1766,0,2,167.6,0,0.3,0,0,0.1322,0.2343,0
TX-101811,CUST-1978,RECIP-8966,21.54,1,0,164,1827,0,4,232.67,2,10.0,0,0,0.0308,0.035,0
TX-101812,CUST-2010,RECIP-7514,12.48,17,6,467,30,1,0,189.78,0,73.2,0,1,0.0813,0.1644,0
TX-101813,CUST-1743,RECIP-7859,832.32,16,3,2013,19,1,0,61.66,0,8.7,0,0,0.2297,0.0477,1
TX-101814,CUST-2325,RECIP-5614,18.01,14,0,1555,198,0,5,111.9,3,52.4,0,0,0.2179,0.1283,0
TX-101815,CUST-1166,RECIP-7805,63.41,0,1,2166,36,1,0,71.11,4,15.5,1,0,0.2447,0.1805,0
TX-101816,CUST-1351,RECIP-7610,181.63,18,1,1738,681,0,4,200.68,0,5.3,0,0,0.0222,0.2751,0
TX-101817,CUST-1378,RECIP-6315,32.34,19,2,624,41,1,0,146.85,2,1.0,0,0,0.8243,0.0774,0
TX-101818,CUST-1203,RECIP-8450,311.89,22,3,2038,11,1,0,151.4,2,1.8,0,0,0.0927,0.0998,0
TX-101819,CUST-1442,RECIP-5601,39.64,22,2,1728,1661,0,4,130.76,1,6.1,0,0,0.3358,0.1082,0
TX-101820,CUST-1469,RECIP-8237,16.6,6,6,503,41,1,0,31.83,1,2423.2,0,0,0.3177,0.3065,0
TX-101821,CUST-2147,RECIP-9325,56.02,17,6,42,293,0,2,151.28,1,4.7,0,2,0.0025,0.0682,0
TX-101822,CUST-1452,RECIP-7552,129.11,9,4,1916,443,0,3,38.51,2,14.4,0,0,0.4015,0.1675,0
TX-101823,CUST-2315,RECIP-5471,213.93,14,4,1811,281,0,4,46.72,1,3.8,0,1,0.3861,0.0823,0
TX-101824,CUST-2159,RECIP-7489,134.67,7,6,251,1391,0,5,231.54,2,59.0,0,0,0.1894,0.1415,0
TX-101825,CUST-2352,RECIP-7380,618.16,15,1,1178,20,1,0,74.46,1,6.8,0,0,0.9583,0.0422,1
TX-101826,CUST-1157,RECIP-7484,110.13,22,3,2287,222,0,0,35.57,0,773.8,0,0,0.4932,0.0615,0
TX-101827,CUST-2476,RECIP-6226,49.72,15,4,1987,117,0,2,62.47,1,615.6,0,0,0.1057,0.1401,0
TX-101828,CUST-1920,RECIP-7817,83.85,22,1,2048,24,1,0,174.01,3,34.7,0,0,0.152,0.1057,0
TX-101829,CUST-2473,RECIP-6188,21.31,22,6,1000,802,0,5,69.82,1,1203.5,0,0,0.2147,0.0109,0
TX-101830,CUST-1532,RECIP-7510,223.74,2,1,329,293,0,5,229.17,2,3.7,0,1,0.0059,0.0766,0
TX-101831,CUST-2429,RECIP-7675,19.43,23,0,897,438,0,4,196.87,1,6.5,0,0,0.0433,0.1772,0
TX-101832,CUST-1882,RECIP-7906,28.54,19,2,1726,26,1,0,211.17,0,2232.7,1,0,0.2633,0.0386,1
TX-101833,CUST-1107,RECIP-8590,76.76,10,5,2106,8,1,0,162.29,1,13.0,0,0,0.3068,0.1277,0
TX-101834,CUST-1615,RECIP-8971,31.37,14,2,1620,840,0,4,38.35,2,32.3,0,0,0.1539,0.1135,0
TX-101835,CUST-1206,RECIP-8497,134.42,14,1,125,35,1,0,81.83,2,63.2,0,0,0.2773,0.2099,0
TX-101836,CUST-2411,RECIP-8581,122.82,18,6,1488,895,0,3,138.17,2,2628.3,0,0,0.1927,0.0617,0
TX-101837,CUST-1456,RECIP-8909,198.28,19,1,492,381,0,1,54.55,1,33.7,0,0,0.9584,0.1503,0
TX-101838,CUST-1333,RECIP-6091,168.68,2,1,1535,1532,0,3,145.96,3,16.3,0,1,0.806,0.381,0
TX-101839,CUST-1829,RECIP-6318,114.46,0,6,1047,898,0,5,221.39,1,21.6,0,0,0.074,0.1901,0
TX-101840,CUST-1637,RECIP-7398,81.81,5,2,1346,9,1,0,42.75,0,11.5,1,0,0.1504,0.3166,0
TX-101841,CUST-1145,RECIP-7095,193.78,12,0,1502,556,0,1,25.64,1,3.6,0,0,0.0908,0.4568,0
TX-101842,CUST-2224,RECIP-8159,89.59,20,3,1606,1521,0,1,106.98,1,6.2,1,0,0.1809,0.114,0
TX-101843,CUST-2268,RECIP-5042,418.15,15,5,42,1012,0,6,621.0,0,4.1,0,3,0.1749,0.0736,0
TX-101844,CUST-2114,RECIP-5625,1297.06,3,5,2416,998,0,2,95.68,0,8.6,0,0,0.1876,0.1119,0
TX-101845,CUST-1925,RECIP-8360,66.48,17,0,1450,1547,0,8,38.31,0,11.8,0,0,0.0253,0.1217,0
TX-101846,CUST-1603,RECIP-8698,331.32,11,1,1282,13,1,0,151.15,2,14.8,0,0,0.1468,0.2688,0
TX-101847,CUST-1813,RECIP-6360,469.26,8,4,964,1339,0,3,127.37,0,17.4,0,0,0.0987,0.5012,0
TX-101848,CUST-1781,RECIP-6399,924.32,18,4,288,393,0,5,153.18,5,6.2,0,0,0.2191,0.0856,0
TX-101849,CUST-1247,RECIP-7526,313.02,7,4,1586,1169,0,3,513.46,4,3.5,0,0,0.1694,0.2579,0
TX-101850,CUST-1122,RECIP-7147,27.76,14,2,927,891,0,9,40.07,1,6.7,1,0,0.1119,0.0877,0
TX-101851,CUST-1379,RECIP-5761,31.36,4,6,2270,16,1,0,175.36,2,33.2,0,0,0.0875,0.5456,0
TX-101852,CUST-1681,RECIP-7252,28.32,9,0,1655,768,0,3,98.06,0,42.7,0,0,0.1042,0.0497,0
TX-101853,CUST-1240,RECIP-8687,271.91,13,5,1118,315,0,5,136.4,1,24.0,0,0,0.0262,0.033,0
TX-101854,CUST-1160,RECIP-8282,1471.65,14,6,108,5,1,0,60.07,1,32.7,0,0,0.4807,0.0742,0
TX-101855,CUST-2277,RECIP-8677,134.52,22,4,1399,31,1,0,34.95,0,13.1,0,0,0.331,0.3313,0
TX-101856,CUST-1562,RECIP-7897,94.31,6,3,2117,11,1,0,344.71,2,8.0,0,1,0.0975,0.131,0
TX-101857,CUST-1876,RECIP-8948,156.45,21,2,1173,19,1,0,383.54,0,20.3,0,0,0.0836,0.0553,0
TX-101858,CUST-1786,RECIP-6124,1701.6,19,3,1636,920,0,9,429.47,0,2.6,0,0,0.4798,0.056,0
TX-101859,CUST-2102,RECIP-5206,362.22,8,1,322,1651,0,4,57.39,2,18.8,0,0,0.1294,0.2076,0
TX-101860,CUST-2109,RECIP-5513,47.24,3,1,1034,911,0,4,89.11,1,27.5,1,0,0.3003,0.0914,0
TX-101861,CUST-1444,RECIP-9466,148.85,6,4,1988,185,0,4,249.2,0,2043.3,0,3,0.7286,0.1154,0
TX-101862,CUST-2271,RECIP-7882,221.33,15,3,1076,1771,0,3,88.84,1,2.3,0,0,0.2914,0.003,0
TX-101863,CUST-1556,RECIP-6115,118.89,18,3,2216,1690,0,5,59.73,0,5.0,1,1,0.9378,0.0649,0
TX-101864,CUST-2252,RECIP-8843,16.14,14,3,1041,1158,0,3,136.46,0,14.3,0,0,0.0267,0.0562,0
TX-101865,CUST-1607,RECIP-6392,11.34,17,0,2034,1666,0,1,39.53,2,9.5,0,0,0.074,0.0346,0
TX-101866,CUST-1166,RECIP-7687,19.72,2,6,1620,1358,0,2,25.5,0,9.1,0,0,0.5297,0.0649,0
TX-101867,CUST-2140,RECIP-6122,304.69,12,6,2370,1615,0,4,580.35,1,20.3,0,0,0.1117,0.0654,0
TX-101868,CUST-1045,RECIP-5427,508.57,20,1,1346,170,0,5,79.6,3,9.7,1,0,0.1107,0.3015,0
TX-101869,CUST-2158,RECIP-6203,26.84,9,2,1186,1640,0,2,184.28,1,6.9,0,0,0.0616,0.2061,0
TX-101870,CUST-1064,RECIP-6026,220.43,21,4,903,33,1,0,81.07,0,22.5,0,0,0.1273,0.3892,0
TX-101871,CUST-1310,RECIP-7486,9.59,2,0,1641,1967,0,2,119.17,0,2719.6,0,0,0.0636,0.0077,0
TX-101872,CUST-1905,RECIP-5093,45.53,23,0,2450,1934,0,4,103.84,1,1322.2,0,1,0.5044,0.141,0
TX-101873,CUST-2412,RECIP-6079,135.15,18,6,445,167,0,4,32.42,1,1.1,0,0,0.0834,0.398,0
TX-101874,CUST-1612,RECIP-7554,226.61,15,1,2342,1324,0,3,63.44,5,4.5,0,0,0.282,0.2574,0
TX-101875,CUST-1180,RECIP-6771,42.77,14,4,2442,804,0,2,171.11,1,36.8,0,0,0.433,0.0865,0
TX-101876,CUST-1349,RECIP-7861,80.15,22,6,1929,554,0,6,127.52,0,6.1,0,0,0.7244,0.1667,0
TX-101877,CUST-2344,RECIP-7950,83.36,9,5,1463,1938,0,3,98.35,2,2.8,0,1,0.4181,0.0912,0
TX-101878,CUST-2090,RECIP-9344,20.73,3,1,2161,838,0,3,21.57,1,15.9,0,2,0.0507,0.0649,0
TX-101879,CUST-1150,RECIP-8762,285.83,22,1,676,36,1,0,146.34,0,7.3,0,0,0.0965,0.0709,0
TX-101880,CUST-1577,RECIP-6027,111.32,2,5,1595,35,1,0,70.66,1,14.1,0,1,0.1815,0.1756,0
TX-101881,CUST-1396,RECIP-8117,37.44,15,2,2019,28,1,0,62.75,1,7.3,0,0,0.7285,0.0229,0
TX-101882,CUST-1266,RECIP-7822,83.87,6,6,2019,549,0,2,53.36,2,2993.0,0,0,0.2359,0.0197,0
TX-101883,CUST-2269,RECIP-7674,301.65,22,4,1478,761,0,2,105.88,1,12.4,0,0,0.1711,0.0377,0
TX-101884,CUST-1926,RECIP-8595,512.15,23,0,982,25,1,0,91.7,0,1.9,0,0,0.9084,0.3414,1
TX-101885,CUST-1269,RECIP-5664,25.42,11,1,2375,471,0,5,73.68,0,20.5,0,0,0.4009,0.0849,0
TX-101886,CUST-1976,RECIP-6688,26.65,12,5,1694,1582,0,2,273.92,1,693.1,1,0,0.2392,0.3115,0
TX-101887,CUST-1620,RECIP-8672,1263.77,10,4,1931,1958,0,4,102.29,1,2816.5,0,0,0.1487,0.1053,0
TX-101888,CUST-1092,RECIP-9014,2039.8,10,5,1569,1425,0,4,33.32,1,20.4,0,0,0.6003,0.1155,0
TX-101889,CUST-1674,RECIP-5167,444.94,22,1,2196,761,0,4,61.78,4,4.1,0,0,0.0291,0.1086,0
TX-101890,CUST-1277,RECIP-7121,101.88,6,1,1209,412,0,4,116.83,1,35.8,1,0,0.8119,0.0592,0
TX-101891,CUST-1367,RECIP-6188,118.95,23,1,1380,5,1,0,164.52,0,1295.1,0,0,0.1717,0.1583,0
TX-101892,CUST-2318,RECIP-5755,1201.28,15,4,2015,38,1,0,47.25,1,5.9,0,2,0.1096,0.122,0
TX-101893,CUST-2065,RECIP-5256,48.05,23,0,1307,533,0,1,47.31,1,1.6,1,0,0.1574,0.0104,0
TX-101894,CUST-1201,RECIP-7421,19.4,14,5,634,772,0,3,143.44,1,3.8,0,0,0.1993,0.0917,0
TX-101895,CUST-2277,RECIP-8003,40.51,19,1,1900,1935,0,2,105.45,0,10.0,0,0,0.2092,0.2104,0
TX-101896,CUST-1861,RECIP-7390,51.16,11,3,957,387,0,2,131.3,2,18.0,0,2,0.2648,0.2049,0
TX-101897,CUST-2311,RECIP-6657,1462.61,11,1,289,10,1,0,59.7,0,863.9,0,0,0.2632,0.3095,0
TX-101898,CUST-2120,RECIP-8470,1188.67,6,2,950,736,0,4,185.57,0,22.4,1,0,0.0118,0.0652,0
TX-101899,CUST-1508,RECIP-7934,165.99,5,5,163,1833,0,3,177.61,1,2.3,0,0,0.059,0.3252,0
TX-101900,CUST-1802,RECIP-9087,26.08,0,1,2199,755,0,3,159.41,0,19.9,1,0,0.7566,0.363,0
TX-101901,CUST-1796,RECIP-6561,68.3,9,3,2459,626,0,5,70.4,0,3.9,0,0,0.266,0.2812,0
TX-101902,CUST-2079,RECIP-6075,286.87,23,0,688,18,1,0,69.43,1,4.8,1,0,0.1724,0.1028,1
TX-101903,CUST-1372,RECIP-7050,22.15,22,1,2293,31,1,0,86.6,3,1469.1,0,0,0.0272,0.0599,0
TX-101904,CUST-1499,RECIP-7280,578.0,16,4,1787,30,1,0,26.44,0,5.8,0,1,0.1688,0.0733,0
TX-101905,CUST-1367,RECIP-7060,101.99,8,3,2390,772,0,6,73.04,0,9.0,0,0,0.0396,0.4475,0
TX-101906,CUST-1444,RECIP-8745,183.52,12,4,431,766,0,0,190.01,0,9.2,1,0,0.3541,0.4485,0
TX-101907,CUST-1241,RECIP-5205,11.08,18,1,184,34,1,0,52.65,2,4.1,0,0,0.1667,0.1467,0
TX-101908,CUST-1054,RECIP-7374,199.23,0,1,2303,1438,0,0,382.72,1,10.6,0,0,0.0766,0.2252,0
TX-101909,CUST-2410,RECIP-6936,34.6,22,2,695,1223,0,4,38.07,4,442.9,1,1,0.7599,0.1047,1
TX-101910,CUST-1111,RECIP-5948,1318.02,20,0,1502,473,0,1,47.95,1,3.5,1,0,0.1439,0.0498,0
TX-101911,CUST-2331,RECIP-7884,24.13,23,6,2256,280,0,2,58.16,1,10.0,0,0,0.0997,0.1308,0
TX-101912,CUST-1004,RECIP-8605,271.87,2,1,876,230,0,5,149.93,3,9.3,0,0,0.0216,0.3105,0
TX-101913,CUST-2166,RECIP-7457,133.69,22,5,251,34,1,0,75.03,1,8.1,0,0,0.765,0.1592,0
TX-101914,CUST-1492,RECIP-5382,151.42,14,1,1984,1595,0,3,38.83,3,15.9,0,0,0.1483,0.0535,0
TX-101915,CUST-1776,RECIP-5338,134.2,13,4,1145,1536,0,2,145.12,0,12.7,0,0,0.7816,0.3322,0
TX-101916,CUST-1423,RECIP-6897,121.45,4,1,85,25,1,0,118.44,1,6.3,0,0,0.9043,0.1457,0
TX-101917,CUST-1735,RECIP-8006,73.9,11,1,872,10,1,0,54.73,2,6.8,0,3,0.0483,0.1369,0
TX-101918,CUST-1677,RECIP-6410,165.11,8,2,1339,1060,0,3,356.43,0,7.7,0,0,0.2124,0.1771,0
TX-101919,CUST-1794,RECIP-6389,84.56,23,0,2203,750,0,3,168.55,1,2.1,1,0,0.0202,0.0999,1
TX-101920,CUST-1589,RECIP-8870,67.29,8,0,588,1469,0,2,149.76,2,4.6,0,0,0.0058,0.0393,0
TX-101921,CUST-1804,RECIP-5064,203.11,5,5,1309,438,0,4,62.27,0,4.7,1,0,0.3187,0.0515,0
TX-101922,CUST-2238,RECIP-5358,860.62,22,2,478,192,0,4,45.14,2,0.8,0,0,0.1043,0.129,0
TX-101923,CUST-1651,RECIP-5700,87.32,4,3,747,1667,0,3,287.98,0,17.3,0,0,0.0725,0.09,0
TX-101924,CUST-1542,RECIP-9426,180.28,21,4,681,27,1,0,50.12,1,5.7,0,0,0.2482,0.0488,0
TX-101925,CUST-1197,RECIP-7239,66.6,23,4,1325,1267,0,1,144.81,1,3.1,0,1,0.1365,0.0466,0
TX-101926,CUST-1539,RECIP-5712,1264.25,7,4,1668,1916,0,2,196.23,2,27.0,0,0,0.0579,0.1368,0
TX-101927,CUST-1188,RECIP-6396,61.01,16,6,307,32,1,0,34.11,0,40.9,0,1,0.1524,0.134,0
TX-101928,CUST-1273,RECIP-9362,18.51,19,4,217,1542,0,2,83.59,0,31.4,0,0,0.0044,0.038,0
TX-101929,CUST-2428,RECIP-8124,119.17,12,2,1836,989,0,3,47.19,2,12.7,0,0,0.9687,0.1605,0
TX-101930,CUST-1134,RECIP-6006,72.26,16,1,756,677,0,1,129.02,1,0.5,1,0,0.0651,0.0421,0
TX-101931,CUST-1723,RECIP-6082,45.13,3,5,1557,739,0,8,52.81,2,26.1,0,4,0.0454,0.1373,0
TX-101932,CUST-2251,RECIP-5337,500.0,12,2,219,1807,0,4,50.33,0,19.6,0,0,0.1933,0.039,0
TX-101933,CUST-2429,RECIP-8477,242.17,12,3,1513,29,1,0,36.34,1,20.0,0,0,0.2648,0.1472,0
TX-101934,CUST-1220,RECIP-5618,57.1,13,5,2276,19,1,0,92.47,1,16.7,1,0,0.1338,0.132,0
TX-101935,CUST-1245,RECIP-6289,220.17,22,1,1111,120,0,4,27.52,4,35.6,0,0,0.1656,0.663,0
TX-101936,CUST-1558,RECIP-6567,101.43,19,1,1457,627,0,5,298.11,1,2804.2,0,0,0.1895,0.0982,0
TX-101937,CUST-1831,RECIP-7793,307.51,14,0,756,1890,0,3,83.4,4,14.1,0,0,0.0396,0.0832,0
TX-101938,CUST-2439,RECIP-7728,10.7,9,0,736,1184,0,2,180.32,0,6.4,1,0,0.0634,0.5018,0
TX-101939,CUST-1311,RECIP-8596,115.89,9,4,191,771,0,4,91.65,2,37.0,1,1,0.8861,0.027,0
TX-101940,CUST-1246,RECIP-6337,84.59,0,3,1213,21,1,0,122.62,0,1.9,1,0,0.2824,0.0474,1
TX-101941,CUST-1379,RECIP-6735,41.06,13,2,2369,40,1,0,36.72,3,15.0,0,0,0.0979,0.0378,0
TX-101942,CUST-2311,RECIP-6748,46.91,6,1,316,14,1,0,145.38,2,2.6,0,0,0.2181,0.1499,0
TX-101943,CUST-1045,RECIP-5210,24.88,21,4,1058,752,0,0,39.65,2,19.2,0,1,0.0862,0.0631,0
TX-101944,CUST-1570,RECIP-8319,1185.9,18,0,2097,994,0,6,269.02,1,5.7,0,0,0.2711,0.0898,0
TX-101945,CUST-1178,RECIP-7409,28.25,21,4,1254,749,0,3,65.8,0,1.7,0,0,0.1132,0.3354,0
TX-101946,CUST-1235,RECIP-7140,66.58,23,6,1908,1729,0,6,162.4,5,1.3,0,0,0.1026,0.0363,0
TX-101947,CUST-2375,RECIP-9479,53.32,9,3,958,1390,0,3,38.41,2,12.0,0,0,0.1447,0.0347,0
TX-101948,CUST-1002,RECIP-5804,17.26,10,3,1518,1256,0,3,168.97,3,3455.3,0,0,0.4114,0.1963,0
TX-101949,CUST-1482,RECIP-9360,176.12,14,3,2470,1360,0,6,27.29,1,25.2,0,0,0.2793,0.2732,0
TX-101950,CUST-2373,RECIP-8061,74.53,10,0,1506,858,0,4,29.04,4,0.4,0,0,0.1425,0.2417,0
TX-101951,CUST-1912,RECIP-5994,1238.61,6,4,1996,22,1,0,210.43,2,22.1,1,0,0.0025,0.1524,1
TX-101952,CUST-1107,RECIP-8053,34.87,16,2,1743,1250,0,2,195.46,2,16.1,0,0,0.1519,0.0976,0
TX-101953,CUST-1697,RECIP-8400,643.48,10,3,266,41,1,0,68.69,1,24.0,0,0,0.308,0.1088,0
TX-101954,CUST-2456,RECIP-6631,95.62,22,0,426,784,0,1,73.32,0,875.3,0,2,0.121,0.0871,0
TX-101955,CUST-1600,RECIP-6552,516.83,5,6,1532,1755,0,2,87.18,1,20.7,0,0,0.2408,0.146,0
TX-101956,CUST-1792,RECIP-8758,30.42,10,2,889,554,0,7,119.5,1,24.2,1,0,0.1924,0.0332,0
TX-101957,CUST-1797,RECIP-5721,20.77,12,0,1227,1915,0,7,202.89,1,9.1,0,0,0.1459,0.3842,0
TX-101958,CUST-1990,RECIP-5060,44.37,21,5,1223,1641,0,3,74.97,1,4.7,0,0,0.0406,0.1114,0
TX-101959,CUST-1280,RECIP-7996,39.92,13,6,1989,1978,0,5,29.97,5,5.7,0,3,0.141,0.0546,0
TX-101960,CUST-2259,RECIP-9079,56.67,1,3,2477,1607,0,4,90.71,0,6.6,0,1,0.6746,0.0797,0
TX-101961,CUST-2482,RECIP-7253,40.2,8,0,2493,309,0,4,55.61,3,3.1,0,0,0.2464,0.0929,0
TX-101962,CUST-1213,RECIP-5607,240.41,21,6,226,430,0,2,256.61,2,19.6,0,0,0.8064,0.006,0
TX-101963,CUST-2227,RECIP-7426,27.28,6,1,1868,1004,0,2,72.86,2,15.7,0,0,0.4656,0.1934,0
TX-101964,CUST-2225,RECIP-6133,39.61,8,1,1821,755,0,2,236.83,3,1.6,0,0,0.0943,0.1402,0
TX-101965,CUST-2112,RECIP-8723,67.7,3,4,2166,1881,0,5,93.93,1,0.9,0,0,0.2847,0.174,0
TX-101966,CUST-1556,RECIP-7754,36.21,17,2,1084,1706,0,6,59.44,0,13.9,0,0,0.3038,0.2917,0
TX-101967,CUST-1703,RECIP-6514,252.32,3,0,1271,26,1,0,233.34,3,3.9,0,2,0.0672,0.0527,1
TX-101968,CUST-2258,RECIP-7810,32.34,8,4,1145,32,1,0,53.93,2,1.8,0,0,0.1303,0.1027,0
TX-101969,CUST-1229,RECIP-8001,62.55,17,1,952,176,0,2,96.54,0,1.0,0,0,0.5152,0.0116,0
TX-101970,CUST-2243,RECIP-8054,525.22,21,6,639,1421,0,5,74.4,2,10.8,0,0,0.1979,0.0676,0
TX-101971,CUST-2380,RECIP-6647,58.21,5,1,1618,1748,0,3,52.59,2,10.2,0,3,0.2105,0.0506,0
TX-101972,CUST-2022,RECIP-7567,928.95,7,6,71,1951,0,6,121.88,0,1264.8,1,0,0.1493,0.1438,0
TX-101973,CUST-1512,RECIP-5192,4060.47,2,5,1881,1686,0,4,61.68,1,2.4,0,4,0.0974,0.2102,0
TX-101974,CUST-1838,RECIP-6815,152.34,10,1,2108,5,1,0,51.66,1,14.9,0,1,0.8601,0.0483,0
TX-101975,CUST-1075,RECIP-6701,119.88,23,4,592,1573,0,2,84.38,1,29.6,1,0,0.0981,0.3958,0
TX-101976,CUST-2397,RECIP-7406,662.4,7,6,557,308,0,4,61.09,0,43.4,0,0,0.2024,0.252,0
TX-101977,CUST-1513,RECIP-9275,71.49,6,0,1273,858,0,7,70.86,2,4.0,0,0,0.1242,0.0792,0
TX-101978,CUST-1085,RECIP-9290,62.53,9,5,2120,1759,0,1,86.48,2,11.9,0,0,0.1638,0.0251,0
TX-101979,CUST-2191,RECIP-7174,79.99,21,3,311,1286,0,3,149.96,0,2.6,0,0,0.2043,0.0822,0
TX-101980,CUST-1986,RECIP-7907,74.99,13,6,1096,8,1,0,67.91,0,2.5,0,0,0.3366,0.1933,0
TX-101981,CUST-1934,RECIP-5487,1682.09,14,1,564,2,1,0,36.28,0,6.5,0,1,0.1616,0.1481,1
TX-101982,CUST-1081,RECIP-7170,92.82,18,5,2134,41,1,0,140.39,1,9.7,0,0,0.6217,0.0757,0
TX-101983,CUST-2126,RECIP-8095,8.13,17,6,2208,829,0,1,60.91,0,3314.9,0,2,0.4658,0.1177,0
TX-101984,CUST-1955,RECIP-8072,114.64,14,2,237,1523,0,2,124.08,0,33.5,0,0,0.3759,0.1641,0
TX-101985,CUST-2190,RECIP-9335,145.19,13,0,387,22,1,0,218.89,2,26.8,0,0,0.6692,0.1754,0
TX-101986,CUST-2240,RECIP-7098,2110.26,12,2,418,16,1,0,92.0,1,359.6,0,0,0.317,0.2848,1
TX-101987,CUST-1317,RECIP-9085,41.68,4,4,2034,590,0,5,49.46,2,1878.1,1,0,0.0265,0.0638,0
TX-101988,CUST-1315,RECIP-9404,18.69,9,4,2254,1023,0,5,80.7,0,5.0,0,0,0.0747,0.0261,0
TX-101989,CUST-2385,RECIP-7573,303.97,20,3,950,416,0,2,53.36,2,2702.1,0,0,0.0676,0.2997,0
TX-101990,CUST-1796,RECIP-5411,59.56,0,6,419,1876,0,2,51.64,0,11.1,0,0,0.0757,0.0618,0
TX-101991,CUST-1656,RECIP-6693,52.89,19,4,1668,1726,0,4,71.42,0,7.2,0,1,0.0901,0.0507,0
TX-101992,CUST-1430,RECIP-8441,45.08,13,4,2229,1460,0,2,37.88,2,65.6,0,0,0.0104,0.3762,0
TX-101993,CUST-1958,RECIP-7613,151.79,8,6,2278,718,0,5,42.35,4,7.4,0,0,0.0457,0.1619,0
TX-101994,CUST-2130,RECIP-9213,238.35,2,6,1129,41,1,0,157.41,0,3.6,0,0,0.3635,0.1891,0
TX-101995,CUST-1003,RECIP-8671,136.22,18,2,1958,170,0,7,105.22,1,10.2,0,0,0.218,0.1108,0
TX-101996,CUST-1828,RECIP-5284,131.17,0,2,2391,803,0,7,119.03,1,8.0,1,0,0.2282,0.2086,0
TX-101997,CUST-2490,RECIP-8875,58.38,13,5,2070,1675,0,5,161.79,0,1.7,1,1,0.145,0.1101,0
TX-101998,CUST-1420,RECIP-6608,53.86,3,3,1202,7,1,0,23.93,0,32.4,0,1,0.8134,0.0863,1
TX-101999,CUST-1421,RECIP-8684,57.18,21,3,675,1610,0,6,74.57,3,35.6,0,0,0.1876,0.3589,0
TX-102000,CUST-2317,RECIP-7285,134.68,4,4,948,402,0,5,291.11,1,25.7,0,1,0.017,0.0372,0
TX-102001,CUST-1093,RECIP-7049,47.87,19,4,923,1616,0,8,336.9,1,7.9,0,0,0.179,0.0966,0
TX-102002,CUST-1596,RECIP-5326,162.08,13,6,2469,209,0,3,56.34,1,7.7,0,0,0.286,0.0262,0
TX-102003,CUST-1687,RECIP-5534,174.59,0,2,1839,721,0,3,48.34,0,5.0,0,0,0.0374,0.1587,0
TX-102004,CUST-2196,RECIP-7678,182.95,17,5,2150,15,1,0,20.1,2,15.8,0,0,0.0113,0.1048,1
TX-102005,CUST-1193,RECIP-7561,56.06,21,1,1949,21,1,0,68.47,0,7.7,0,1,0.3081,0.3339,0
TX-102006,CUST-1651,RECIP-7497,34.38,5,6,1206,13,1,0,143.63,3,28.8,0,0,0.0798,0.1337,0
TX-102007,CUST-1228,RECIP-5703,90.05,23,0,1981,86,0,2,182.78,0,6.8,0,0,0.0033,0.1785,0
TX-102008,CUST-2181,RECIP-7294,52.66,19,5,1610,684,0,3,34.91,1,7.8,0,0,0.0063,0.3646,0
TX-102009,CUST-1948,RECIP-5274,45.05,17,0,1858,64,0,7,80.49,1,10.7,0,0,0.1041,0.2342,0
TX-102010,CUST-1745,RECIP-5648,65.95,8,6,773,796,0,5,62.4,2,1.1,0,0,0.2015,0.1499,0
TX-102011,CUST-1589,RECIP-7244,171.18,2,6,602,37,1,0,41.39,1,23.5,0,0,0.1015,0.1913,0
TX-102012,CUST-1229,RECIP-7776,34.92,10,5,475,1870,0,6,58.53,1,0.1,0,3,0.2048,0.1115,0
TX-102013,CUST-2382,RECIP-7949,563.28,19,5,744,1079,0,4,174.15,1,8.9,0,1,0.128,0.0853,0
TX-102014,CUST-1971,RECIP-9418,157.94,14,3,2446,913,0,4,132.74,0,21.0,0,0,0.2275,0.1971,0
TX-102015,CUST-1478,RECIP-8843,53.77,15,1,2356,1224,0,7,121.05,4,4.5,0,0,0.3317,0.2533,0
TX-102016,CUST-1620,RECIP-6708,196.3,18,6,391,325,0,5,252.08,0,29.5,0,0,0.0366,0.2079,0
TX-102017,CUST-2089,RECIP-8522,33.78,8,3,1398,318,0,5,85.04,0,10.7,0,0,0.239,0.1305,0
TX-102018,CUST-2079,RECIP-5430,106.55,0,5,2352,359,0,6,82.95,1,12.7,0,1,0.228,0.0135,0
TX-102019,CUST-1691,RECIP-8857,718.13,21,4,1893,1743,0,1,127.77,1,15.3,1,0,0.407,0.2189,0
TX-102020,CUST-1454,RECIP-6739,183.74,14,4,1542,1505,0,3,43.64,2,29.6,0,0,0.321,0.0758,0
TX-102021,CUST-1989,RECIP-8420,76.74,13,2,1510,1921,0,4,172.37,0,0.5,1,0,0.0963,0.1359,0
TX-102022,CUST-1987,RECIP-9367,27.39,13,2,835,1636,0,7,146.28,1,7.7,0,0,0.1989,0.1594,0
TX-102023,CUST-1899,RECIP-8164,88.64,20,3,2313,291,0,2,122.49,1,2.1,0,2,0.1669,0.0856,0
TX-102024,CUST-1109,RECIP-9141,343.75,18,4,235,380,0,4,54.54,5,1.8,0,0,0.1257,0.091,0
TX-102025,CUST-1709,RECIP-5045,42.79,16,5,2175,1658,0,2,154.18,0,1.9,0,0,0.0843,0.2252,0
TX-102026,CUST-1920,RECIP-5767,41.27,18,1,2181,1121,0,4,335.59,0,24.7,0,0,0.7294,0.0262,0
TX-102027,CUST-2425,RECIP-7817,68.89,6,1,675,22,1,0,137.8,0,26.9,0,0,0.6665,0.1343,0
TX-102028,CUST-1788,RECIP-7432,167.33,17,0,1294,513,0,3,60.82,0,522.8,0,0,0.0211,0.3318,1
TX-102029,CUST-1514,RECIP-5542,26.84,23,3,2215,1034,0,3,350.1,2,2.0,0,0,0.0357,0.0204,0
TX-102030,CUST-1833,RECIP-8232,45.66,5,4,1201,1810,0,6,129.13,1,37.6,0,0,0.0211,0.4597,0
TX-102031,CUST-1265,RECIP-5264,29.23,13,1,771,1008,0,7,340.59,1,1.6,0,0,0.452,0.0685,0
TX-102032,CUST-1136,RECIP-9458,402.51,16,4,202,1394,0,3,45.15,4,17.7,0,0,0.0825,0.2387,0
TX-102033,CUST-2017,RECIP-5703,32.07,12,0,1119,1514,0,7,56.11,4,3.2,1,0,0.1266,0.2001,0
TX-102034,CUST-2479,RECIP-7004,102.05,23,6,716,1854,0,3,169.72,1,10.4,0,0,0.1035,0.3288,0
TX-102035,CUST-2269,RECIP-8704,43.02,9,4,2132,26,1,0,12.95,2,19.3,0,1,0.6652,0.1362,1
TX-102036,CUST-1875,RECIP-7313,136.69,5,4,2157,1826,0,3,388.36,4,24.9,0,0,0.1858,0.2837,0
TX-102037,CUST-1060,RECIP-8347,254.53,3,4,830,1241,0,3,245.18,4,4.7,1,0,0.0041,0.1331,0
TX-102038,CUST-2481,RECIP-8166,74.05,20,2,549,7,1,0,56.18,2,0.6,0,0,0.2515,0.1936,0
TX-102039,CUST-1674,RECIP-9269,205.84,16,6,748,567,0,3,236.52,0,6.2,0,0,0.9644,0.0474,0
TX-102040,CUST-1434,RECIP-7087,168.82,13,5,1022,288,0,2,98.82,2,3065.2,0,0,0.2121,0.0193,0
TX-102041,CUST-2338,RECIP-9405,116.37,10,1,1681,225,0,4,79.46,1,5.4,0,0,0.3212,0.1501,0
TX-102042,CUST-2119,RECIP-7325,234.86,9,6,406,803,0,4,45.74,0,18.0,0,0,0.2237,0.1079,0
TX-102043,CUST-2124,RECIP-9019,1056.97,22,5,2499,1132,0,2,204.97,1,3.3,0,0,0.0794,0.135,0
TX-102044,CUST-1416,RECIP-8296,348.04,16,2,1759,618,0,2,159.4,3,7.7,0,1,0.7388,0.2387,0
TX-102045,CUST-2487,RECIP-5598,15.6,23,6,353,581,0,3,117.46,0,327.5,0,0,0.2333,0.2241,0
TX-102046,CUST-1679,RECIP-7896,19.7,19,1,807,1643,0,4,40.34,1,20.9,0,1,0.4393,0.0753,0
TX-102047,CUST-1797,RECIP-8952,81.08,18,4,1761,1500,0,1,140.53,6,7.2,0,0,0.3368,0.1393,0
TX-102048,CUST-2126,RECIP-5577,9.64,13,4,1274,1290,0,10,200.33,0,1.7,0,0,0.0138,0.0145,0
TX-102049,CUST-1989,RECIP-8773,75.95,5,6,1331,1321,0,3,356.55,1,18.1,0,1,0.3272,0.0102,0
TX-102050,CUST-1258,RECIP-5474,16.86,15,3,132,1701,0,3,86.19,1,9.5,0,0,0.1053,0.0584,0
TX-102051,CUST-1453,RECIP-8919,106.63,17,6,1044,495,0,3,65.17,0,33.3,0,0,0.3181,0.1995,0
TX-102052,CUST-1541,RECIP-8550,136.57,12,1,1547,22,1,0,43.84,2,270.2,0,0,0.0267,0.14,0
TX-102053,CUST-2421,RECIP-5682,75.7,0,5,1882,1731,0,8,104.18,1,0.7,0,0,0.2596,0.3993,0
TX-102054,CUST-2071,RECIP-8269,743.33,23,1,1133,727,0,3,181.61,0,3.8,0,0,0.1452,0.0849,0
TX-102055,CUST-1549,RECIP-5525,40.99,19,6,1400,24,1,0,421.33,1,3124.8,0,0,0.0236,0.0913,0
TX-102056,CUST-2102,RECIP-7556,468.89,8,5,578,29,1,0,141.71,1,12.5,0,3,0.0091,0.0569,0
TX-102057,CUST-2107,RECIP-9157,23.51,11,4,2000,18,1,0,264.49,2,29.3,0,0,0.163,0.0555,0
TX-102058,CUST-1591,RECIP-5926,32.95,2,0,1753,649,0,3,108.84,3,37.1,0,0,0.2555,0.1292,0
TX-102059,CUST-1604,RECIP-5782,141.77,22,3,1867,578,0,8,166.74,3,29.4,0,0,0.0962,0.1043,0
TX-102060,CUST-2341,RECIP-6902,756.86,5,1,1679,1364,0,4,65.2,0,4.3,0,0,0.3808,0.3395,0
TX-102061,CUST-1842,RECIP-6658,53.26,9,6,2463,441,0,4,119.85,1,18.6,0,0,0.104,0.0561,0
TX-102062,CUST-1224,RECIP-5218,254.36,10,2,2203,279,0,3,46.01,3,2.9,0,1,0.0139,0.1174,0
TX-102063,CUST-2079,RECIP-7051,84.8,6,5,2032,1728,0,2,221.91,6,20.0,0,0,0.3673,0.2424,0
TX-102064,CUST-1884,RECIP-6167,52.87,15,6,858,136,0,3,482.87,1,0.3,0,0,0.2346,0.1662,0
TX-102065,CUST-1763,RECIP-5559,187.04,23,0,194,1842,0,4,111.4,1,22.2,0,0,0.2209,0.0789,0
TX-102066,CUST-2087,RECIP-6242,33.15,20,5,31,1386,0,4,71.35,0,7.3,0,0,0.1031,0.0788,0
TX-102067,CUST-2360,RECIP-5092,24.67,12,2,1955,742,0,3,1809.99,0,17.1,0,0,0.0516,0.1049,0
TX-102068,CUST-1495,RECIP-9117,401.43,3,0,2250,1154,0,4,235.31,0,6.6,1,0,0.1044,0.1548,0
TX-102069,CUST-1628,RECIP-9473,24.24,20,1,1634,25,1,0,307.74,0,0.1,0,0,0.2396,0.1184,0
TX-102070,CUST-1284,RECIP-6654,556.01,6,3,1811,853,0,5,134.03,2,8.0,0,0,0.0558,0.1917,0
TX-102071,CUST-1970,RECIP-8944,347.64,21,5,251,1422,0,0,46.1,0,39.0,0,0,0.0705,0.2064,0
TX-102072,CUST-1604,RECIP-7076,11.22,9,4,1426,1823,0,4,84.98,1,19.1,0,0,0.1147,0.013,0
TX-102073,CUST-1513,RECIP-9105,31.97,12,1,1525,501,0,4,106.03,1,2.5,0,0,0.6153,0.1128,0
TX-102074,CUST-2044,RECIP-5779,134.35,10,2,416,1094,0,2,97.02,0,9.8,0,1,0.2409,0.0745,0
TX-102075,CUST-1612,RECIP-6280,494.93,10,2,1884,41,1,0,43.8,1,0.6,1,0,0.029,0.0285,1
TX-102076,CUST-1696,RECIP-8329,239.28,3,5,858,87,0,3,97.53,1,10.1,1,0,0.0173,0.4154,0
TX-102077,CUST-1660,RECIP-5990,2601.93,13,3,517,76,0,2,41.77,1,4.3,0,2,0.4448,0.2583,0
TX-102078,CUST-1387,RECIP-8705,22.26,9,0,1749,1252,0,4,36.37,1,2.2,0,0,0.1135,0.0362,0
TX-102079,CUST-1188,RECIP-6916,220.57,20,0,1104,335,0,6,55.14,0,0.1,1,0,0.1586,0.0659,0
TX-102080,CUST-2240,RECIP-6817,68.95,11,0,1353,1986,0,4,79.71,0,8.7,0,0,0.0519,0.0082,0
TX-102081,CUST-1137,RECIP-7039,616.45,23,6,1369,294,0,1,83.78,0,66.0,0,0,0.121,0.0354,0
TX-102082,CUST-1487,RECIP-8590,148.05,7,3,1567,1492,0,7,89.5,0,3.9,0,0,0.1334,0.2713,0
TX-102083,CUST-2001,RECIP-5025,137.31,7,3,1050,14,1,0,382.85,6,3.4,0,0,0.0708,0.0476,0
TX-102084,CUST-1196,RECIP-8378,19.48,0,5,2042,1852,0,5,89.68,1,2.2,1,0,0.4273,0.2997,0
TX-102085,CUST-1983,RECIP-8506,179.91,17,1,2193,1740,0,3,24.67,1,77.9,0,0,0.2679,0.3027,1
TX-102086,CUST-2099,RECIP-8695,45.68,1,0,1224,1609,0,7,75.7,2,14.4,0,0,0.034,0.353,0
TX-102087,CUST-1994,RECIP-9485,188.71,6,1,447,8,1,0,80.22,0,33.9,0,0,0.0408,0.2931,0
TX-102088,CUST-1457,RECIP-8520,72.81,21,1,718,12,1,0,17.64,0,18.0,0,0,0.2165,0.1214,0
TX-102089,CUST-1029,RECIP-7379,51.67,14,5,1935,268,0,3,95.08,2,12.2,0,0,0.4783,0.3593,0
TX-102090,CUST-2331,RECIP-7097,887.78,13,5,663,568,0,2,63.04,1,9.6,0,3,0.2332,0.0368,0
TX-102091,CUST-1489,RECIP-6747,106.7,19,4,1951,213,0,3,88.57,1,1789.4,0,0,0.1768,0.1223,0
TX-102092,CUST-2207,RECIP-8722,22.64,18,6,1665,1582,0,6,111.33,2,4.0,1,0,0.1078,0.0285,0
TX-102093,CUST-1296,RECIP-6767,475.83,21,3,1136,22,1,0,84.23,1,40.0,0,0,0.2084,0.1664,0
TX-102094,CUST-1243,RECIP-7576,71.52,15,1,342,913,0,7,85.35,3,12.2,0,0,0.4004,0.0608,0
TX-102095,CUST-2167,RECIP-5432,231.55,10,2,1362,1262,0,2,62.96,0,3.4,0,0,0.396,0.072,1
TX-102096,CUST-2409,RECIP-6427,78.99,3,0,1741,1421,0,3,141.29,2,13.3,1,0,0.029,0.2383,0
TX-102097,CUST-2290,RECIP-6197,34.22,8,6,409,1211,0,1,68.46,2,12.7,0,0,0.8989,0.0313,0
TX-102098,CUST-2126,RECIP-6957,72.39,16,4,2067,1487,0,2,149.12,2,9.6,0,0,0.0777,0.0928,0
TX-102099,CUST-1370,RECIP-7259,165.37,6,5,512,281,0,6,40.59,1,12.1,0,0,0.2699,0.3467,0
TX-102100,CUST-2369,RECIP-8224,1279.36,16,1,1049,28,1,0,67.45,1,11.7,0,0,0.06,0.2781,0
TX-102101,CUST-2001,RECIP-6943,274.1,3,5,1343,16,1,0,132.66,1,0.2,0,0,0.6111,0.0203,0
TX-102102,CUST-1258,RECIP-5676,672.02,1,2,1855,1453,0,5,39.81,1,21.1,0,0,0.0279,0.0047,0
TX-102103,CUST-1194,RECIP-7452,16.95,8,3,584,1286,0,5,60.86,0,8.9,0,0,0.158,0.0811,0
TX-102104,CUST-2306,RECIP-5246,92.82,5,4,859,3,1,0,139.81,0,3.4,0,0,0.0889,0.0213,0
TX-102105,CUST-1412,RECIP-8820,95.64,20,6,2021,1967,0,5,52.42,2,25.9,0,0,0.1359,0.2111,0
TX-102106,CUST-2148,RECIP-8467,266.96,9,3,844,222,0,2,228.94,2,2069.6,0,0,0.1039,0.0457,0
TX-102107,CUST-1207,RECIP-6013,384.74,10,4,1552,27,1,0,94.08,1,25.1,0,3,0.0898,0.0813,0
TX-102108,CUST-1420,RECIP-6184,179.68,9,4,1012,1807,0,6,74.07,4,640.4,0,0,0.9702,0.0171,0
TX-102109,CUST-1425,RECIP-5124,255.93,7,2,169,695,0,3,144.42,2,3.0,0,0,0.3739,0.0954,0
TX-102110,CUST-1421,RECIP-6639,72.24,22,6,1300,174,0,5,98.15,2,1.3,0,0,0.1057,0.0655,0
TX-102111,CUST-2012,RECIP-5172,232.29,17,6,913,291,0,1,95.68,2,10.5,0,3,0.736,0.207,0
TX-102112,CUST-2371,RECIP-9213,127.59,3,2,684,1461,0,2,80.91,1,0.7,0,0,0.3984,0.0589,0
TX-102113,CUST-2365,RECIP-5603,814.06,5,6,2150,1843,0,3,83.43,2,744.3,0,3,0.0472,0.0414,0
TX-102114,CUST-2112,RECIP-7967,115.66,1,3,1942,1431,0,4,42.54,1,20.1,0,0,0.2176,0.1552,0
TX-102115,CUST-1303,RECIP-7567,73.31,6,5,715,133,0,5,151.5,2,36.1,0,0,0.0278,0.1531,0
TX-102116,CUST-2440,RECIP-6065,209.63,15,3,1323,21,1,0,59.42,0,15.1,0,0,0.13,0.245,0
TX-102117,CUST-1813,RECIP-8636,481.94,22,5,1807,736,0,3,195.12,1,102.3,0,0,0.0282,0.2817,0
TX-102118,CUST-1818,RECIP-5489,220.65,11,6,161,1828,0,3,46.31,0,1.8,0,0,0.0483,0.1111,0
TX-102119,CUST-2052,RECIP-8990,145.22,1,2,261,1089,0,4,224.33,2,13.6,0,0,0.054,0.1217,0
TX-102120,CUST-2153,RECIP-8331,85.61,1,4,1363,515,0,6,52.49,0,11.5,0,0,0.4308,0.1439,0
TX-102121,CUST-2429,RECIP-7858,34.29,9,3,2328,1165,0,1,162.22,2,7.8,0,0,0.467,0.4114,0
TX-102122,CUST-1873,RECIP-8958,331.09,6,5,2320,1512,0,6,68.67,0,45.8,0,0,0.2324,0.1606,0
TX-102123,CUST-1915,RECIP-6814,332.03,13,1,1139,1189,0,2,106.82,1,23.3,0,1,0.0627,0.3286,0
TX-102124,CUST-2118,RECIP-6267,8.87,2,5,1768,3,1,0,59.92,1,14.7,0,0,0.127,0.0248,0
TX-102125,CUST-1382,RECIP-5695,35.36,5,4,1244,1451,0,3,51.8,1,12.1,0,0,0.125,0.1165,0
TX-102126,CUST-1461,RECIP-9159,198.37,13,3,2264,650,0,6,71.27,2,1.9,0,0,0.3362,0.1075,0
TX-102127,CUST-1938,RECIP-6806,51.98,6,2,1437,23,1,0,150.96,0,1.0,0,0,0.0932,0.1466,0
TX-102128,CUST-1096,RECIP-8732,2143.7,8,4,2231,1733,0,3,150.9,0,75.8,0,0,0.9596,0.1118,0
TX-102129,CUST-1480,RECIP-6495,30.27,5,2,927,11,1,0,139.44,1,5.3,0,0,0.0032,0.176,0
TX-102130,CUST-2076,RECIP-9297,188.15,1,0,2329,1478,0,2,111.27,2,543.1,0,0,0.0174,0.2526,0
TX-102131,CUST-2464,RECIP-8915,25.42,8,6,1821,26,1,0,437.73,0,22.3,0,0,0.4484,0.0347,1
TX-102132,CUST-1779,RECIP-6386,79.44,7,3,1926,1443,0,4,50.68,1,20.5,0,0,0.4315,0.1232,0
TX-102133,CUST-1599,RECIP-7190,89.82,21,1,66,119,0,4,85.15,1,17.7,0,0,0.046,0.2237,0
TX-102134,CUST-1660,RECIP-8572,23.76,21,1,2021,1696,0,6,14.87,0,5.7,0,0,0.1586,0.1182,0
TX-102135,CUST-2028,RECIP-6017,28.93,10,5,430,129,0,2,127.46,0,0.0,0,1,0.0468,0.1001,0
TX-102136,CUST-1816,RECIP-5106,56.06,6,2,2342,42,1,0,48.28,1,6.2,0,0,0.2837,0.0644,0
TX-102137,CUST-1034,RECIP-6299,61.52,10,1,496,44,1,0,90.67,1,51.4,0,0,0.877,0.0503,0
TX-102138,CUST-1808,RECIP-7657,38.43,14,3,2070,2,1,0,54.25,1,0.6,0,0,0.4603,0.1532,0
TX-102139,CUST-1600,RECIP-5614,173.42,9,0,1599,665,0,3,82.8,0,3001.8,0,0,0.2035,0.0398,0
TX-102140,CUST-2051,RECIP-6500,56.44,18,3,999,1860,0,4,104.17,1,8.3,0,0,0.3301,0.0377,0
TX-102141,CUST-2312,RECIP-9133,106.48,23,0,2229,18,1,0,55.12,0,13.2,1,0,0.2097,0.0901,0
TX-102142,CUST-2443,RECIP-5337,1718.4,9,5,988,1848,0,4,118.02,1,2.8,0,0,0.3482,0.0933,0
TX-102143,CUST-1915,RECIP-5226,33.48,2,3,187,661,0,5,67.99,2,2500.5,0,0,0.2223,0.1479,0
TX-102144,CUST-1543,RECIP-6907,1967.28,2,1,216,417,0,1,57.52,2,10.5,0,0,0.0583,0.2651,0
TX-102145,CUST-1665,RECIP-5057,106.75,20,3,2135,1139,0,3,151.33,1,32.8,0,0,0.1215,0.2038,0
TX-102146,CUST-1264,RECIP-5125,98.55,9,1,979,781,0,1,110.04,0,4.5,0,0,0.3562,0.0326,0
TX-102147,CUST-2403,RECIP-5823,35.58,7,2,2054,1440,0,4,25.55,1,11.8,0,0,0.0189,0.0643,0
TX-102148,CUST-2270,RECIP-5460,242.91,14,0,79,639,0,2,73.28,1,11.3,0,1,0.8596,0.0154,0
TX-102149,CUST-2280,RECIP-8648,14.73,22,4,219,1534,0,1,44.94,2,39.9,0,0,0.0323,0.2961,0
TX-102150,CUST-1492,RECIP-5552,76.74,10,6,2470,747,0,3,251.2,1,53.3,0,0,0.8168,0.1471,0
TX-102151,CUST-1483,RECIP-7355,35.16,7,3,383,749,0,6,54.04,1,11.5,0,0,0.4236,0.0568,0
TX-102152,CUST-2284,RECIP-8173,314.32,20,0,1728,1436,0,4,58.53,1,11.0,0,0,0.5272,0.1575,0
TX-102153,CUST-1816,RECIP-7816,18.88,1,0,894,565,0,7,96.73,2,23.0,0,0,0.1336,0.0486,0
TX-102154,CUST-2056,RECIP-7942,40.64,20,5,1265,614,0,3,135.47,2,32.3,0,0,0.0442,0.183,0
TX-102155,CUST-1734,RECIP-6609,26.22,12,2,313,1120,0,4,56.54,0,9.5,1,0,0.1465,0.116,0
TX-102156,CUST-1664,RECIP-8999,17.09,0,2,689,702,0,2,105.1,1,4.8,0,1,0.1073,0.0802,0
TX-102157,CUST-1948,RECIP-5309,158.57,5,0,1902,7,1,0,114.33,2,16.8,1,0,0.4205,0.0701,0
TX-102158,CUST-2219,RECIP-5482,40.26,16,4,1353,717,0,3,27.72,4,30.1,0,0,0.115,0.1986,0
TX-102159,CUST-1501,RECIP-8852,70.41,18,0,1275,1266,0,2,132.08,0,30.1,1,0,0.2081,0.2125,0
TX-102160,CUST-2213,RECIP-5307,131.33,4,6,2363,27,1,0,64.46,1,1.3,0,0,0.0553,0.1675,0
TX-102161,CUST-1366,RECIP-5863,120.6,15,1,1044,37,1,0,39.96,2,11.1,0,0,0.8307,0.1118,0
TX-102162,CUST-1604,RECIP-5779,75.18,23,0,2015,37,1,0,354.37,0,41.2,1,0,0.0024,0.0874,0
TX-102163,CUST-2369,RECIP-5148,591.09,16,4,1820,1795,0,5,49.38,1,959.2,0,0,0.2847,0.0993,0
TX-102164,CUST-2431,RECIP-5526,57.28,16,2,1168,9,1,0,163.93,1,4.5,0,0,0.0252,0.3522,0
TX-102165,CUST-2385,RECIP-7577,108.66,4,4,753,24,1,0,132.76,2,22.7,0,0,0.1456,0.1448,0
TX-102166,CUST-1474,RECIP-7975,280.79,15,0,904,262,0,6,27.59,0,2994.3,0,3,0.2169,0.0414,0
TX-102167,CUST-2264,RECIP-5374,6.85,17,6,2182,257,0,2,53.91,0,29.7,0,0,0.2773,0.2832,0
TX-102168,CUST-2404,RECIP-9240,136.16,2,2,785,414,0,6,41.64,1,14.7,0,0,0.1131,0.0878,0
TX-102169,CUST-2467,RECIP-5430,23.9,7,5,1645,1586,0,2,182.55,1,21.4,0,0,0.6872,0.0522,0
TX-102170,CUST-1031,RECIP-8091,50.05,21,6,337,539,0,5,167.49,1,2.5,0,0,0.0087,0.3941,0
TX-102171,CUST-2117,RECIP-8601,69.69,23,3,885,5,1,0,303.34,2,4.5,0,0,0.3298,0.2074,0
TX-102172,CUST-2495,RECIP-7343,78.13,4,2,2338,548,0,3,45.47,0,3.8,1,4,0.8388,0.0028,0
TX-102173,CUST-2147,RECIP-7212,44.11,17,2,1363,13,1,0,535.36,2,19.0,0,0,0.1361,0.0611,0
TX-102174,CUST-1349,RECIP-5490,2558.08,12,4,2061,35,1,0,186.66,1,1.5,0,0,0.046,0.0865,0
TX-102175,CUST-2143,RECIP-6086,164.52,14,0,670,1888,0,0,319.27,2,57.9,0,0,0.1215,0.0642,0
TX-102176,CUST-1157,RECIP-8827,53.37,12,1,1910,20,1,0,105.04,0,42.2,0,0,0.0223,0.0164,0
TX-102177,CUST-1720,RECIP-6568,500.12,20,4,2462,10,1,0,76.64,3,4.4,0,0,0.6621,0.2141,0
TX-102178,CUST-1939,RECIP-5155,319.39,10,0,2315,424,0,5,50.33,0,1.4,1,0,0.0446,0.3481,0
TX-102179,CUST-1684,RECIP-8281,37.49,14,2,1105,1002,0,2,240.77,0,1085.9,0,0,0.1279,0.1093,0
TX-102180,CUST-2049,RECIP-8076,1229.58,16,4,1714,31,1,0,86.03,0,10.6,0,0,0.4116,0.2597,0
TX-102181,CUST-1360,RECIP-5298,46.41,13,1,2245,1572,0,3,86.79,2,33.0,0,0,0.7041,0.3329,0
TX-102182,CUST-1909,RECIP-5229,135.82,21,6,2039,1334,0,2,218.94,1,7.1,0,0,0.3844,0.004,0
TX-102183,CUST-1967,RECIP-5524,63.2,5,6,2445,1216,0,6,174.39,0,1415.1,0,0,0.3982,0.0799,0
TX-102184,CUST-1950,RECIP-5229,126.2,22,0,107,13,1,0,81.74,4,9.4,0,0,0.148,0.0798,0
TX-102185,CUST-1433,RECIP-7773,32.68,16,1,1353,784,0,3,105.88,3,22.0,0,0,0.2094,0.2652,0
TX-102186,CUST-1458,RECIP-5596,2744.09,23,6,1985,1416,0,5,118.14,0,3163.8,1,0,0.869,0.1458,0
TX-102187,CUST-1386,RECIP-7731,50.59,8,0,1833,635,0,4,100.63,1,6.6,0,0,0.8031,0.0613,0
TX-102188,CUST-1692,RECIP-5792,422.97,11,3,409,11,1,0,230.12,0,0.9,0,0,0.0333,0.1966,1
TX-102189,CUST-1878,RECIP-9376,19.81,1,6,1443,939,0,3,141.79,1,27.1,0,0,0.0755,0.228,0
TX-102190,CUST-1543,RECIP-8266,632.0,22,4,438,18,1,0,76.08,0,8.7,0,0,0.1139,0.1702,0
TX-102191,CUST-1614,RECIP-6685,76.11,19,2,256,981,0,3,251.36,0,16.3,0,0,0.1879,0.0291,0
TX-102192,CUST-1429,RECIP-6929,67.45,7,0,305,1162,0,6,60.95,1,3.1,0,0,0.8778,0.1987,0
TX-102193,CUST-1328,RECIP-5292,5.41,1,2,2382,12,1,0,89.42,0,11.7,0,0,0.2241,0.1907,0
TX-102194,CUST-1986,RECIP-5246,99.09,16,3,702,1,1,0,81.2,0,44.2,0,0,0.2339,0.0402,0
TX-102195,CUST-2224,RECIP-7418,30.16,16,0,1157,977,0,10,71.96,1,99.8,1,0,0.1265,0.1338,0
TX-102196,CUST-1436,RECIP-5102,25.33,12,3,663,841,0,0,76.51,2,2669.7,0,0,0.8401,0.0268,0
TX-102197,CUST-2290,RECIP-7872,171.5,3,2,2238,95,0,5,197.72,1,302.1,0,0,0.1895,0.1934,0
TX-102198,CUST-1856,RECIP-6720,53.04,22,2,2225,1713,0,4,101.73,1,4.1,0,0,0.1851,0.0892,0
TX-102199,CUST-1251,RECIP-5628,1145.53,10,6,1649,38,1,0,348.64,1,0.2,1,1,0.8931,0.0923,1
TX-102200,CUST-1548,RECIP-7410,106.69,17,6,2076,147,0,3,66.4,0,21.7,0,1,0.1296,0.0995,0
TX-102201,CUST-1011,RECIP-7487,5.0,20,4,289,195,0,5,62.36,1,12.6,0,0,0.2519,0.1885,0
TX-102202,CUST-1058,RECIP-8358,61.63,13,4,2499,1857,0,7,36.85,0,4.4,0,0,0.7226,0.091,0
TX-102203,CUST-1504,RECIP-5889,824.73,2,3,1060,1701,0,2,36.74,0,2.5,0,0,0.9756,0.0197,0
TX-102204,CUST-1681,RECIP-7463,277.11,21,0,1019,1474,0,4,54.96,1,5.9,0,0,0.0474,0.0114,0
TX-102205,CUST-2196,RECIP-8801,143.52,16,2,513,17,1,0,53.3,5,2517.9,0,0,0.3697,0.0559,0
TX-102206,CUST-1201,RECIP-6214,99.18,21,0,2196,28,1,0,63.44,4,50.1,0,2,0.0947,0.1172,0
TX-102207,CUST-2258,RECIP-8758,408.56,14,2,449,1219,0,2,109.38,0,31.5,0,0,0.1994,0.0777,0
TX-102208,CUST-1351,RECIP-8255,163.9,21,3,2149,71,0,6,53.16,1,5.9,0,0,0.1474,0.0222,0
TX-102209,CUST-1207,RECIP-6933,71.91,20,4,1796,941,0,4,337.0,2,5.0,0,0,0.0512,0.0762,0
TX-102210,CUST-2049,RECIP-8974,1522.73,5,2,1936,8,1,0,90.37,1,23.9,0,0,0.3469,0.4009,0
TX-102211,CUST-2161,RECIP-9350,209.15,4,1,104,393,0,6,178.75,3,10.5,1,0,0.0645,0.0618,0
TX-102212,CUST-1907,RECIP-6065,342.28,3,4,1854,1727,0,8,50.66,1,20.8,0,0,0.0884,0.2255,0
TX-102213,CUST-1173,RECIP-9408,18.3,19,1,2416,1330,0,8,72.87,3,5.4,0,0,0.122,0.0792,0
TX-102214,CUST-1173,RECIP-5010,98.97,5,0,1004,1809,0,3,122.6,0,30.9,0,2,0.0275,0.0349,0
TX-102215,CUST-1585,RECIP-5581,249.6,10,4,1141,272,0,7,133.57,0,7.3,0,0,0.1133,0.2547,0
TX-102216,CUST-1675,RECIP-5194,45.18,18,4,306,1952,0,4,189.53,0,14.5,0,0,0.4652,0.1406,0
TX-102217,CUST-2497,RECIP-6654,69.35,10,6,1239,1232,0,5,36.84,1,4.5,1,0,0.044,0.0577,0
TX-102218,CUST-1429,RECIP-9216,523.06,1,5,1693,1162,0,3,701.13,2,2872.2,0,0,0.03,0.1735,0
TX-102219,CUST-1288,RECIP-7701,111.15,8,6,769,415,0,3,324.45,2,7.6,0,0,0.2191,0.1204,0
TX-102220,CUST-2418,RECIP-7774,37.65,2,4,1861,7,1,0,115.76,3,6.4,0,0,0.1796,0.0393,0
TX-102221,CUST-1230,RECIP-5381,17.92,9,5,241,1217,0,4,126.69,0,3.6,0,0,0.3008,0.0723,0
TX-102222,CUST-1039,RECIP-7322,75.96,17,1,1695,1421,0,4,115.05,2,27.6,0,0,0.7633,0.1385,0
TX-102223,CUST-1634,RECIP-6721,45.01,12,3,1482,353,0,2,47.76,0,10.9,0,0,0.0385,0.0246,0
TX-102224,CUST-1601,RECIP-7157,344.14,16,6,597,1294,0,5,35.29,1,1.2,0,0,0.2735,0.3993,0
TX-102225,CUST-1929,RECIP-6175,38.18,2,5,881,24,1,0,41.48,1,35.0,0,0,0.0606,0.2276,0
TX-102226,CUST-2316,RECIP-5907,230.28,18,2,622,22,1,0,37.73,1,33.2,0,0,0.9048,0.2068,1
TX-102227,CUST-2399,RECIP-9284,84.08,10,6,1571,32,1,0,346.95,1,809.9,0,3,0.5775,0.3664,0
TX-102228,CUST-1434,RECIP-7512,720.99,6,2,1602,22,1,0,68.05,3,8.8,0,0,0.8892,0.0086,0
TX-102229,CUST-2471,RECIP-6852,62.63,15,0,1402,27,1,0,224.6,2,448.3,0,0,0.0355,0.2907,1
TX-102230,CUST-1948,RECIP-5332,342.73,3,5,509,30,1,0,81.86,0,2830.6,1,0,0.7551,0.1369,1
TX-102231,CUST-1104,RECIP-8432,205.47,11,2,565,37,1,0,89.5,0,19.0,0,0,0.0126,0.2107,1
TX-102232,CUST-2407,RECIP-7126,110.2,10,0,2032,588,0,2,82.21,0,39.7,1,0,0.3723,0.1525,0
TX-102233,CUST-1206,RECIP-6740,44.28,3,1,1170,1025,0,2,63.65,3,7.4,0,0,0.0318,0.079,0
TX-102234,CUST-1882,RECIP-8001,194.76,22,0,1105,1220,0,2,364.83,0,1464.1,1,0,0.2011,0.1805,0
TX-102235,CUST-2186,RECIP-5593,98.77,8,6,790,1609,0,7,108.46,3,435.7,0,3,0.1409,0.0429,0
TX-102236,CUST-1374,RECIP-7399,54.65,0,5,2327,1171,0,5,281.02,0,27.9,0,3,0.0379,0.1162,0
TX-102237,CUST-1405,RECIP-8884,31.56,10,6,622,18,1,0,116.99,1,47.8,0,0,0.4866,0.3069,1
TX-102238,CUST-1714,RECIP-7087,46.45,23,1,1929,1236,0,4,284.91,1,2195.0,0,1,0.1789,0.1477,0
TX-102239,CUST-2327,RECIP-5001,26.65,16,5,1931,1218,0,5,105.66,2,1444.6,0,1,0.099,0.1036,0
TX-102240,CUST-1335,RECIP-6034,35.19,15,3,631,736,0,2,80.55,0,12.4,0,0,0.1012,0.1059,0
TX-102241,CUST-1995,RECIP-5251,1698.09,21,2,59,20,1,0,32.7,1,1.8,0,0,0.8326,0.0763,1
TX-102242,CUST-1678,RECIP-7250,11.6,2,4,647,1080,0,5,172.04,0,1330.2,0,0,0.178,0.0229,0
TX-102243,CUST-1167,RECIP-6639,231.71,13,6,694,37,1,0,311.73,1,16.1,0,0,0.1222,0.0319,0
TX-102244,CUST-2066,RECIP-5595,150.89,7,3,1870,529,0,5,208.1,2,6.6,0,0,0.4228,0.1242,0
TX-102245,CUST-2248,RECIP-8091,15.39,16,0,1341,349,0,4,71.71,2,4.7,1,3,0.1637,0.1878,0
TX-102246,CUST-1863,RECIP-5794,218.06,20,5,1093,44,1,0,179.63,0,339.1,0,2,0.1335,0.4449,0
TX-102247,CUST-1264,RECIP-6537,872.34,1,1,1206,1947,0,3,44.59,0,2638.1,0,4,0.0163,0.239,0
TX-102248,CUST-1233,RECIP-9444,87.72,3,1,2383,13,1,0,46.27,1,1.5,0,0,0.0712,0.1141,0
TX-102249,CUST-1635,RECIP-5298,246.89,22,4,2352,228,0,2,58.84,0,38.5,1,0,0.0543,0.0924,0
TX-102250,CUST-1759,RECIP-6114,75.71,11,5,93,1653,0,2,59.46,1,1964.3,0,2,0.1566,0.244,0
TX-102251,CUST-1828,RECIP-6430,140.82,7,5,2113,353,0,5,153.93,0,2594.4,1,0,0.2405,0.1727,0
TX-102252,CUST-1365,RECIP-7289,11.33,3,6,922,1826,0,4,184.09,1,3100.2,0,0,0.2852,0.0813,0
TX-102253,CUST-1751,RECIP-6102,89.89,8,6,1886,459,0,5,72.79,0,18.6,0,0,0.3565,0.3996,0
TX-102254,CUST-1442,RECIP-9365,90.88,0,0,2462,2,1,0,327.07,5,48.7,1,0,0.7492,0.0652,0
TX-102255,CUST-2029,RECIP-5024,55.23,5,2,1299,1588,0,2,67.63,1,31.3,0,1,0.3474,0.0648,0
TX-102256,CUST-2194,RECIP-9266,448.28,4,5,1571,1676,0,7,238.37,1,2792.3,0,0,0.0339,0.1549,0
TX-102257,CUST-1979,RECIP-7406,84.99,2,2,1089,832,0,3,75.44,4,3.4,0,0,0.1291,0.1634,0
TX-102258,CUST-1001,RECIP-5172,75.7,23,5,214,1120,0,1,100.3,0,13.4,0,0,0.0217,0.0954,0
TX-102259,CUST-2488,RECIP-5524,59.7,18,3,120,1594,0,6,104.64,2,18.5,0,0,0.7986,0.0256,0
TX-102260,CUST-1035,RECIP-5463,55.64,22,3,919,1714,0,1,186.32,1,10.5,0,1,0.307,0.1184,0
TX-102261,CUST-2499,RECIP-6293,76.53,5,0,2059,872,0,1,85.48,0,16.1,0,0,0.3192,0.04,0
TX-102262,CUST-1047,RECIP-6498,65.47,6,4,873,1582,0,0,28.22,3,3.2,0,0,0.1175,0.4353,0
TX-102263,CUST-1774,RECIP-7885,145.64,6,6,1093,28,1,0,176.93,1,37.3,0,0,0.0214,0.15,0
TX-102264,CUST-1158,RECIP-6400,165.04,13,5,1342,1598,0,5,98.95,2,0.4,0,0,0.2539,0.0273,0
TX-102265,CUST-1142,RECIP-8263,446.41,4,2,822,1797,0,6,366.99,1,18.4,1,0,0.2453,0.2002,0
TX-102266,CUST-2025,RECIP-6322,55.11,5,4,1240,43,1,0,37.66,2,4.3,0,0,0.6979,0.0544,0
TX-102267,CUST-2091,RECIP-6185,29.9,23,1,1528,29,1,0,85.13,1,24.2,0,0,0.6412,0.2723,0
TX-102268,CUST-1177,RECIP-6239,107.34,8,4,2132,670,0,1,29.69,1,3.1,0,0,0.0452,0.1353,0
TX-102269,CUST-2464,RECIP-6481,110.3,18,2,1892,16,1,0,107.31,0,3.2,0,0,0.1285,0.0338,0
TX-102270,CUST-1480,RECIP-8769,252.8,5,6,2049,925,0,2,107.42,0,2428.0,0,0,0.0736,0.213,0
TX-102271,CUST-1477,RECIP-6111,19.62,22,4,1321,17,1,0,284.71,2,703.0,0,0,0.1121,0.3315,0
TX-102272,CUST-1445,RECIP-6229,82.79,16,0,1755,1994,0,4,143.03,1,6.3,0,0,0.0095,0.4287,0
TX-102273,CUST-1691,RECIP-9305,320.36,20,6,399,25,1,0,67.9,2,34.8,0,0,0.4229,0.0715,0
TX-102274,CUST-1266,RECIP-7941,238.71,12,5,394,333,0,4,106.29,2,3.2,0,0,0.2575,0.1947,0
TX-102275,CUST-1637,RECIP-5857,329.0,21,1,2306,9,1,0,207.67,0,3.9,0,1,0.1551,0.1659,0
TX-102276,CUST-1314,RECIP-8906,60.86,8,1,1522,2,1,0,26.59,1,4.7,0,0,0.0282,0.0768,0
TX-102277,CUST-1077,RECIP-5824,7.95,11,1,308,38,1,0,149.22,0,48.3,0,0,0.1497,0.3108,0
TX-102278,CUST-1553,RECIP-5729,118.26,1,2,1037,82,0,5,58.15,1,8.3,0,0,0.0794,0.2214,0
TX-102279,CUST-2008,RECIP-7002,150.42,4,6,2424,1695,0,5,75.66,2,11.6,0,0,0.2388,0.0735,0
TX-102280,CUST-2144,RECIP-8110,43.45,18,6,82,13,1,0,100.77,0,1.6,0,0,0.0896,0.1324,0
TX-102281,CUST-1530,RECIP-5851,132.91,7,3,1122,1366,0,7,31.87,0,2711.2,1,0,0.1277,0.1498,1
TX-102282,CUST-1485,RECIP-8389,1166.33,2,2,2097,962,0,3,32.11,1,16.1,1,0,0.0485,0.3321,1
TX-102283,CUST-2181,RECIP-5705,17.72,7,2,2368,38,1,0,162.17,0,34.6,0,0,0.3774,0.1771,0
TX-102284,CUST-2021,RECIP-8517,279.92,8,6,940,8,1,0,72.33,2,1136.8,0,0,0.3111,0.1552,0
TX-102285,CUST-2248,RECIP-5431,17.06,17,1,2289,621,0,6,96.65,0,0.9,0,0,0.1043,0.0308,0
TX-102286,CUST-2359,RECIP-7089,195.85,2,5,1798,1612,0,4,117.81,2,12.1,0,0,0.8165,0.2402,0
TX-102287,CUST-2231,RECIP-7880,259.95,0,6,1033,1651,0,3,39.15,0,7.1,0,0,0.2349,0.0763,0
TX-102288,CUST-2404,RECIP-6195,109.38,17,5,1955,683,0,1,56.92,2,3.9,0,0,0.3499,0.2788,0
TX-102289,CUST-1624,RECIP-7754,100.0,3,5,2006,11,1,0,50.8,1,7.6,0,0,0.8219,0.133,1
TX-102290,CUST-1592,RECIP-8098,99.65,10,6,709,929,0,7,17.37,0,26.9,0,0,0.4034,0.1956,0
TX-102291,CUST-1482,RECIP-7925,296.96,16,1,251,1335,0,5,85.75,2,11.1,0,0,0.2908,0.035,0
TX-102292,CUST-1352,RECIP-6786,227.96,12,6,1958,11,1,0,87.94,1,11.7,1,0,0.4781,0.1073,0
TX-102293,CUST-2123,RECIP-8479,38.26,2,0,234,451,0,7,142.01,0,16.0,1,0,0.1353,0.2851,0
TX-102294,CUST-2071,RECIP-8292,95.42,17,0,1952,991,0,2,129.53,1,1.2,0,4,0.2779,0.2147,0
TX-102295,CUST-2202,RECIP-6468,174.28,1,1,909,1545,0,4,27.08,1,22.5,0,0,0.0585,0.302,0
TX-102296,CUST-1251,RECIP-8300,163.5,5,4,1766,1079,0,4,27.53,2,2255.3,0,0,0.0061,0.2039,0
TX-102297,CUST-1736,RECIP-9132,162.73,2,1,1536,29,1,0,62.42,0,3.1,0,0,0.8915,0.067,0
TX-102298,CUST-1332,RECIP-8675,96.18,12,4,124,1367,0,4,116.31,0,8.5,0,0,0.1508,0.1713,0
TX-102299,CUST-2339,RECIP-8299,2136.65,16,0,53,399,0,4,67.43,2,0.8,0,0,0.0414,0.1509,0
TX-102300,CUST-1401,RECIP-8449,212.26,15,4,1585,468,0,4,55.34,1,5.5,1,0,0.571,0.0073,0
TX-102301,CUST-1215,RECIP-8621,133.03,3,1,1302,1599,0,5,266.96,0,4.2,0,0,0.4089,0.0552,0
TX-102302,CUST-1854,RECIP-6301,71.33,8,3,137,1424,0,2,152.99,0,0.5,0,0,0.103,0.0665,0
TX-102303,CUST-2318,RECIP-8244,7407.67,3,0,2439,1684,0,4,168.97,3,5.5,0,0,0.1573,0.0256,0
TX-102304,CUST-2373,RECIP-5897,64.21,8,6,619,21,1,0,129.03,0,10.2,0,0,0.1966,0.1791,0
TX-102305,CUST-1144,RECIP-6613,34.05,5,2,2150,162,0,3,43.34,0,9.0,0,1,0.235,0.1332,0
TX-102306,CUST-1488,RECIP-9205,64.41,17,4,318,521,0,3,172.2,0,1137.9,0,0,0.0133,0.0483,0
TX-102307,CUST-1230,RECIP-6273,108.56,18,3,604,9,1,0,659.42,1,15.3,0,0,0.1629,0.3856,0
TX-102308,CUST-1461,RECIP-8796,64.22,19,4,1336,4,1,0,156.88,3,17.3,0,1,0.3624,0.3321,0
TX-102309,CUST-1800,RECIP-6901,35.98,4,3,1334,22,1,0,92.13,0,0.5,0,2,0.1382,0.0439,0
TX-102310,CUST-1420,RECIP-5944,79.69,0,0,1521,340,0,6,31.43,1,16.6,0,0,0.1163,0.2523,0
TX-102311,CUST-1101,RECIP-5436,309.58,0,5,453,6,1,0,56.38,1,7.9,0,0,0.3384,0.3274,0
TX-102312,CUST-1765,RECIP-7466,20.15,20,4,682,801,0,6,167.49,2,14.8,0,0,0.0518,0.568,0
TX-102313,CUST-1079,RECIP-7030,105.56,21,1,680,1618,0,4,161.55,0,2.9,0,0,0.3121,0.1896,0
TX-102314,CUST-1340,RECIP-7301,26.1,5,0,1117,795,0,6,45.82,1,26.1,0,0,0.0538,0.0221,0
TX-102315,CUST-1000,RECIP-5194,26.7,21,6,2309,41,1,0,142.74,2,13.8,0,0,0.0149,0.412,0
TX-102316,CUST-1130,RECIP-6206,14.46,12,2,1172,1124,0,1,48.19,0,2.7,0,0,0.1658,0.2357,0
TX-102317,CUST-1654,RECIP-5017,90.16,4,6,2494,1309,0,6,190.25,1,12.7,0,0,0.1649,0.0436,0
TX-102318,CUST-2276,RECIP-6361,13.01,7,5,651,737,0,1,156.95,1,13.9,1,0,0.2576,0.1309,0
TX-102319,CUST-2161,RECIP-9191,553.83,6,6,629,67,0,1,207.34,6,6.3,0,1,0.0503,0.2388,0
TX-102320,CUST-1148,RECIP-5685,76.72,18,4,279,637,0,6,68.82,0,19.9,0,0,0.7085,0.0672,0
TX-102321,CUST-1052,RECIP-8102,895.22,4,1,553,214,0,4,171.46,1,4.3,0,0,0.078,0.1235,0
TX-102322,CUST-1507,RECIP-5026,8.57,4,0,799,340,0,3,108.42,2,4.5,0,0,0.1304,0.0825,0
TX-102323,CUST-1978,RECIP-7528,13.8,17,1,978,1243,0,6,133.98,2,8.0,0,0,0.4994,0.0347,0
TX-102324,CUST-2120,RECIP-9144,57.25,7,3,1792,407,0,4,104.43,1,14.3,0,2,0.1319,0.1962,0
TX-102325,CUST-2234,RECIP-6534,87.31,6,4,1131,778,0,1,52.02,1,3040.3,0,0,0.1192,0.0949,0
TX-102326,CUST-1513,RECIP-5887,263.99,19,6,1725,2,1,0,127.07,2,2.0,0,0,0.0306,0.043,0
TX-102327,CUST-1252,RECIP-7567,74.42,22,0,250,1766,0,4,139.73,1,20.2,0,1,0.111,0.3017,0
TX-102328,CUST-1039,RECIP-6255,36.19,13,4,2368,357,0,7,43.46,1,18.7,0,0,0.0727,0.2027,0
TX-102329,CUST-1220,RECIP-9012,311.37,19,0,394,219,0,7,152.67,2,3.9,1,0,0.1801,0.0523,0
TX-102330,CUST-1097,RECIP-8820,44.68,20,3,112,1097,0,2,146.77,0,19.2,0,0,0.8412,0.0824,0
TX-102331,CUST-2291,RECIP-7935,17.2,14,0,1079,1270,0,4,59.91,0,32.8,0,1,0.4173,0.2591,0
TX-102332,CUST-1402,RECIP-7875,129.04,19,2,1638,1034,0,2,121.35,1,18.6,0,0,0.1481,0.1169,0
TX-102333,CUST-2234,RECIP-7711,91.12,0,4,611,1423,0,2,62.73,0,9.1,0,0,0.4547,0.0961,0
TX-102334,CUST-1829,RECIP-8308,228.85,0,5,432,1735,0,4,154.48,3,25.1,0,4,0.2498,0.1203,0
TX-102335,CUST-1808,RECIP-7070,28.24,21,5,2116,1245,0,3,51.14,0,45.0,0,0,0.1174,0.1978,0
TX-102336,CUST-1682,RECIP-9363,94.51,3,3,2066,1102,0,6,268.4,0,8.0,0,0,0.1826,0.2906,0
TX-102337,CUST-2228,RECIP-6555,42.54,17,1,1886,1380,0,3,257.97,0,10.1,0,3,0.3293,0.1068,0
TX-102338,CUST-1065,RECIP-5040,118.12,10,6,575,474,0,4,183.64,0,16.8,0,1,0.1459,0.119,0
TX-102339,CUST-1139,RECIP-8143,41.4,18,6,1354,2,1,0,429.21,0,5.3,0,0,0.1357,0.2263,0
TX-102340,CUST-1635,RECIP-7980,91.28,15,6,1733,778,0,6,290.36,3,19.8,0,0,0.1884,0.34,0
TX-102341,CUST-1591,RECIP-9414,319.41,1,5,1098,1548,0,3,200.9,2,0.7,0,0,0.0835,0.031,0
TX-102342,CUST-1818,RECIP-6778,96.43,8,5,472,1712,0,4,321.24,0,5.8,0,0,0.259,0.028,0
TX-102343,CUST-2106,RECIP-6911,62.54,17,0,2082,1136,0,3,90.65,0,33.3,1,1,0.3759,0.0624,0
TX-102344,CUST-1881,RECIP-7529,425.46,22,4,2347,1262,0,5,65.71,1,3.2,0,0,0.8874,0.1428,0
TX-102345,CUST-1386,RECIP-6764,77.43,19,2,440,1588,0,3,207.53,0,45.5,0,0,0.2876,0.0525,0
TX-102346,CUST-1490,RECIP-8531,116.31,21,1,1766,529,0,5,91.66,2,9.8,0,1,0.4302,0.4473,0
TX-102347,CUST-2128,RECIP-6926,227.92,22,0,2221,296,0,3,198.62,0,8.3,0,2,0.9091,0.1178,0
TX-102348,CUST-1302,RECIP-8526,73.76,21,1,1366,1508,0,3,55.81,3,20.9,1,0,0.2795,0.0884,0
TX-102349,CUST-1756,RECIP-6914,78.57,13,6,151,306,0,5,60.7,1,11.1,0,0,0.0796,0.1983,0
TX-102350,CUST-1808,RECIP-6012,77.83,8,6,1735,366,0,11,33.31,1,1.8,0,3,0.0077,0.0765,0
TX-102351,CUST-2125,RECIP-9457,126.9,12,5,2310,34,1,0,43.21,0,2770.7,0,0,0.2336,0.2167,0
TX-102352,CUST-2071,RECIP-7369,1283.01,19,0,675,6,1,0,128.72,1,0.3,0,0,0.0488,0.0718,0
TX-102353,CUST-1697,RECIP-8180,323.46,10,4,372,816,0,5,34.56,2,3.5,0,0,0.9312,0.4923,0
TX-102354,CUST-1463,RECIP-7660,2525.56,19,0,653,290,0,3,47.36,1,23.8,0,0,0.0972,0.2502,0
TX-102355,CUST-1551,RECIP-6616,33.63,16,4,2035,309,0,3,54.57,1,2.3,0,0,0.5519,0.2229,0
TX-102356,CUST-1617,RECIP-9374,56.42,5,0,1406,551,0,7,73.27,0,15.4,0,0,0.0713,0.0277,0
TX-102357,CUST-1328,RECIP-6671,169.79,22,1,74,217,0,3,106.27,1,16.4,0,0,0.0156,0.1901,0
TX-102358,CUST-1938,RECIP-9468,11.55,20,0,1481,39,1,0,432.75,1,9.3,0,0,0.0151,0.1507,0
TX-102359,CUST-1312,RECIP-6938,37.56,14,6,2043,12,1,0,180.51,1,4.6,1,2,0.0301,0.1789,0
TX-102360,CUST-1973,RECIP-5101,336.73,4,3,487,1700,0,4,63.94,2,15.9,0,0,0.1285,0.4171,0
TX-102361,CUST-2127,RECIP-5165,286.77,5,6,1472,161,0,4,101.14,1,2.9,1,0,0.8262,0.3654,0
TX-102362,CUST-2442,RECIP-9381,122.63,20,0,595,443,0,5,66.46,2,23.4,0,0,0.0854,0.0263,0
TX-102363,CUST-1178,RECIP-7375,196.07,0,5,77,124,0,3,193.19,1,0.5,1,0,0.6753,0.0336,0
TX-102364,CUST-2139,RECIP-6744,1010.12,11,3,1019,625,0,4,151.69,3,1.7,0,0,0.1376,0.2589,0
TX-102365,CUST-1128,RECIP-8651,68.2,14,3,1942,1627,0,2,66.23,0,8.5,0,0,0.2133,0.1655,0
TX-102366,CUST-1505,RECIP-7777,955.86,5,6,1682,1179,0,6,132.82,0,5.7,0,0,0.1546,0.0162,0
TX-102367,CUST-1264,RECIP-7972,151.91,20,0,280,1873,0,2,139.82,1,20.2,0,0,0.2047,0.3125,0
TX-102368,CUST-1243,RECIP-8084,365.26,12,6,489,1256,0,2,103.63,2,3.5,0,0,0.0858,0.0655,0
TX-102369,CUST-1263,RECIP-5892,435.77,1,0,1363,885,0,6,133.45,0,13.2,0,2,0.1679,0.0708,0
TX-102370,CUST-1065,RECIP-5397,414.38,7,2,822,1919,0,4,153.44,2,14.0,0,0,0.0895,0.0292,0
TX-102371,CUST-2234,RECIP-8276,95.85,9,0,850,33,1,0,491.56,0,1.2,0,0,0.0875,0.1827,0
TX-102372,CUST-1091,RECIP-5098,1030.9,5,3,1107,278,0,2,244.35,0,2745.1,0,1,0.0367,0.4452,0
TX-102373,CUST-1597,RECIP-8237,514.09,22,4,1905,697,0,3,48.36,2,71.0,0,3,0.1843,0.3217,0
TX-102374,CUST-2048,RECIP-5584,59.43,8,4,1452,1863,0,3,120.11,1,53.8,0,0,0.0201,0.3403,0
TX-102375,CUST-2485,RECIP-6181,68.58,12,5,2137,21,1,0,490.89,1,27.4,0,0,0.4021,0.1241,0
TX-102376,CUST-2280,RECIP-8184,84.02,12,5,282,1101,0,2,130.78,3,6.1,0,0,0.2076,0.0161,0
TX-102377,CUST-1205,RECIP-7802,11.34,5,6,1176,1862,0,6,396.85,1,17.8,0,0,0.0647,0.0348,0
TX-102378,CUST-2481,RECIP-8516,357.04,13,3,1389,1314,0,1,710.96,0,33.3,0,0,0.1574,0.24,0
TX-102379,CUST-1980,RECIP-7749,86.97,8,1,1902,523,0,7,49.56,0,12.1,0,0,0.7831,0.0108,0
TX-102380,CUST-1269,RECIP-5215,57.19,0,1,1302,26,1,0,94.42,2,4.5,0,0,0.0429,0.1328,0
TX-102381,CUST-1673,RECIP-8779,223.42,9,1,2294,119,0,7,105.09,1,12.8,0,0,0.8691,0.1606,0
TX-102382,CUST-2376,RECIP-5970,70.23,14,4,2099,1707,0,3,37.42,2,0.3,0,0,0.3136,0.2636,0
TX-102383,CUST-1589,RECIP-5612,133.82,2,0,1732,658,0,4,282.29,0,1.3,0,1,0.2518,0.0722,0
TX-102384,CUST-1275,RECIP-8953,33.94,18,6,1011,878,0,4,128.8,1,39.2,0,0,0.9058,0.1012,0
TX-102385,CUST-2312,RECIP-5876,43.87,15,6,825,14,1,0,28.81,3,29.1,0,2,0.233,0.1564,0
TX-102386,CUST-2429,RECIP-7412,120.98,7,1,1347,231,0,3,126.76,0,39.6,1,0,0.7947,0.323,0
TX-102387,CUST-2463,RECIP-7186,47.16,14,5,1174,65,0,1,55.1,0,0.7,1,2,0.877,0.0757,0
TX-102388,CUST-2433,RECIP-8462,15.62,7,4,102,1470,0,1,97.8,0,1.7,0,0,0.3254,0.195,0
TX-102389,CUST-2309,RECIP-5198,4579.36,15,3,598,13,1,0,15.35,1,1652.0,1,0,0.53,0.0157,1
TX-102390,CUST-1681,RECIP-5480,18.89,3,5,2092,497,0,2,86.58,1,14.2,0,0,0.1373,0.0579,0
TX-102391,CUST-1288,RECIP-6870,230.49,14,4,1162,301,0,4,187.1,1,20.1,0,0,0.1027,0.0754,0
TX-102392,CUST-1925,RECIP-7129,72.76,1,2,2375,15,1,0,72.53,1,3.5,0,1,0.062,0.0428,0
TX-102393,CUST-1331,RECIP-8546,307.24,0,3,637,218,0,4,26.24,2,22.3,0,0,0.3516,0.174,0
TX-102394,CUST-1709,RECIP-7725,95.07,6,0,2420,622,0,3,95.26,1,15.0,0,0,0.6933,0.0681,0
TX-102395,CUST-1984,RECIP-5669,79.98,4,1,2023,40,1,0,85.51,0,22.6,0,0,0.2669,0.1047,0
TX-102396,CUST-2419,RECIP-9404,151.52,11,6,915,396,0,4,322.61,1,6.1,0,0,0.7084,0.1,0
TX-102397,CUST-1433,RECIP-7069,94.04,3,1,1536,1555,0,3,138.55,2,26.2,0,0,0.2586,0.0106,0
TX-102398,CUST-1377,RECIP-9340,115.14,5,4,2471,1774,0,2,83.68,1,4.1,0,0,0.0258,0.2408,0
TX-102399,CUST-2102,RECIP-9453,81.46,2,2,1594,417,0,2,40.38,1,46.8,0,0,0.4898,0.1758,0
TX-102400,CUST-1009,RECIP-5232,238.25,21,3,2331,1351,0,3,96.2,1,8.6,0,1,0.0673,0.3502,0
TX-102401,CUST-1849,RECIP-7276,43.71,17,1,302,44,1,0,425.19,3,3.6,0,0,0.1314,0.1186,0
TX-102402,CUST-2118,RECIP-6899,426.04,5,3,433,1067,0,1,132.29,2,30.3,0,0,0.0954,0.076,0
TX-102403,CUST-1826,RECIP-7242,136.19,2,3,33,637,0,3,162.87,1,9.7,0,0,0.0221,0.3123,0
TX-102404,CUST-1575,RECIP-6394,302.95,20,4,833,39,1,0,15.56,1,43.4,0,0,0.0833,0.2288,0
TX-102405,CUST-2242,RECIP-7514,42.79,16,2,1979,657,0,2,197.9,1,15.4,0,1,0.0784,0.0261,0
TX-102406,CUST-1556,RECIP-7214,815.01,21,4,2410,540,0,7,106.73,1,5.2,1,0,0.2625,0.2063,0
TX-102407,CUST-2065,RECIP-5837,178.37,4,5,1369,12,1,0,101.24,2,610.0,0,0,0.1071,0.1433,0
TX-102408,CUST-1696,RECIP-6298,768.89,8,5,1073,1818,0,4,113.27,0,3396.1,0,1,0.4087,0.018,0
TX-102409,CUST-1039,RECIP-5662,62.48,2,3,2330,499,0,2,115.67,2,11.2,0,0,0.332,0.1283,0
TX-102410,CUST-1795,RECIP-8796,28.72,10,2,1483,318,0,3,81.96,2,0.5,0,0,0.7468,0.2741,0
TX-102411,CUST-1074,RECIP-8048,78.7,3,3,1356,5,1,0,68.64,1,14.2,1,0,0.1575,0.1138,0
TX-102412,CUST-2396,RECIP-6743,221.76,0,3,239,624,0,5,34.74,1,2.3,0,1,0.1749,0.1294,0
TX-102413,CUST-1902,RECIP-6780,365.97,12,6,560,1363,0,2,75.4,0,4.9,0,0,0.011,0.2107,0
TX-102414,CUST-1558,RECIP-5355,48.84,23,2,1753,1386,0,4,229.08,1,6.9,0,0,0.8059,0.1027,0
TX-102415,CUST-1729,RECIP-6304,304.31,15,2,1755,1711,0,5,65.45,2,2156.5,0,0,0.3414,0.0976,0
TX-102416,CUST-1928,RECIP-9159,137.66,18,5,1254,1356,0,1,180.79,1,19.6,1,1,0.1263,0.2933,0
TX-102417,CUST-1390,RECIP-5141,262.78,19,4,1761,153,0,1,44.55,0,12.4,0,0,0.0658,0.0801,0
TX-102418,CUST-1432,RECIP-5657,26.82,23,2,1737,39,1,0,36.02,0,13.0,0,0,0.2005,0.0491,0
TX-102419,CUST-1627,RECIP-8807,39.55,3,0,191,36,1,0,72.1,1,65.6,0,0,0.0304,0.2048,0
TX-102420,CUST-1387,RECIP-7341,21.86,6,4,2092,5,1,0,199.09,0,45.2,1,0,0.0191,0.3192,0
TX-102421,CUST-2136,RECIP-5145,89.17,14,5,1743,731,0,2,33.03,1,8.9,0,3,0.7523,0.1357,0
TX-102422,CUST-1155,RECIP-7203,270.39,19,6,571,92,0,4,376.5,2,20.0,0,1,0.2419,0.0198,0
TX-102423,CUST-2239,RECIP-8374,371.38,18,3,554,821,0,1,494.33,1,15.7,0,0,0.3621,0.1935,0
TX-102424,CUST-1522,RECIP-6552,43.5,17,3,2396,933,0,2,169.12,2,1969.8,0,0,0.0508,0.0308,0
TX-102425,CUST-1841,RECIP-6718,147.2,7,1,658,1658,0,3,66.54,4,5.5,1,0,0.0886,0.0785,0
TX-102426,CUST-1236,RECIP-7840,145.51,8,3,109,41,1,0,69.69,3,2948.0,0,0,0.9114,0.1999,0
TX-102427,CUST-1578,RECIP-7694,13.4,1,0,107,23,1,0,59.36,0,0.6,0,0,0.6122,0.0106,0
TX-102428,CUST-2131,RECIP-9063,126.33,7,3,593,152,0,3,59.3,1,19.8,0,0,0.0671,0.1673,0
TX-102429,CUST-1406,RECIP-6114,11.97,3,4,1579,1251,0,6,84.46,1,1.7,0,3,0.2592,0.2162,0
TX-102430,CUST-1198,RECIP-6242,80.47,22,5,1156,222,0,5,25.26,2,28.0,0,0,0.0171,0.116,0
TX-102431,CUST-1782,RECIP-5699,44.08,2,4,1837,1092,0,9,129.27,0,2432.4,0,0,0.1877,0.0707,0
TX-102432,CUST-1243,RECIP-7992,173.04,8,5,603,1799,0,2,42.57,2,3.8,0,0,0.228,0.2066,0
TX-102433,CUST-1472,RECIP-7400,197.63,21,4,599,1686,0,5,52.17,4,8.6,0,0,0.2891,0.0834,0
TX-102434,CUST-1675,RECIP-6561,410.45,22,5,1028,1285,0,3,56.21,1,11.9,0,1,0.1862,0.1406,0
TX-102435,CUST-1846,RECIP-8130,97.6,9,3,1987,653,0,5,130.49,1,32.4,0,1,0.889,0.1879,0
TX-102436,CUST-1959,RECIP-6695,129.38,11,4,1272,20,1,0,227.93,0,20.7,0,0,0.0726,0.0641,0
TX-102437,CUST-2014,RECIP-5879,515.37,12,4,1912,257,0,2,46.43,1,37.5,0,4,0.2802,0.2607,0
TX-102438,CUST-2266,RECIP-7429,46.23,19,4,261,1494,0,3,245.4,2,0.6,0,0,0.0279,0.1032,0
TX-102439,CUST-1099,RECIP-6963,50.67,18,3,1042,30,1,0,42.81,1,11.1,0,0,0.1694,0.1444,0
TX-102440,CUST-1543,RECIP-6824,78.14,12,5,1110,159,0,4,57.62,2,23.7,0,0,0.1751,0.0523,0
TX-102441,CUST-1001,RECIP-7000,841.06,8,1,198,1283,0,5,194.92,0,25.2,0,0,0.2561,0.0207,0
TX-102442,CUST-1014,RECIP-9113,104.62,8,2,806,29,1,0,28.61,1,15.2,0,0,0.0263,0.1989,0
TX-102443,CUST-1318,RECIP-5971,399.09,15,3,722,1118,0,3,65.77,1,7.6,0,0,0.0839,0.0673,0
TX-102444,CUST-1897,RECIP-6241,173.74,20,4,1155,42,1,0,49.59,0,2.5,0,0,0.7015,0.2581,1
TX-102445,CUST-2341,RECIP-7542,219.94,1,3,438,1209,0,3,70.55,0,0.5,0,0,0.4605,0.132,0
TX-102446,CUST-2160,RECIP-5210,111.03,18,1,695,914,0,7,59.45,3,41.7,0,3,0.2207,0.0308,0
TX-102447,CUST-1969,RECIP-5656,79.42,11,5,2398,42,1,0,26.95,0,0.9,1,0,0.1896,0.1538,0
TX-102448,CUST-2167,RECIP-7548,108.82,3,3,383,23,1,0,156.89,0,2.7,0,1,0.2416,0.1417,0
TX-102449,CUST-1257,RECIP-7293,37.98,2,3,2049,142,0,7,129.01,3,24.5,0,0,0.2212,0.0797,0
TX-102450,CUST-2259,RECIP-7937,47.25,8,6,1370,183,0,5,194.64,2,5.8,0,0,0.1006,0.0142,0
TX-102451,CUST-2335,RECIP-5510,89.39,5,3,223,1158,0,4,73.23,1,758.6,0,0,0.1992,0.3173,0
TX-102452,CUST-1142,RECIP-8842,101.36,2,1,1020,1425,0,1,92.72,0,1.1,0,0,0.1276,0.1392,0
TX-102453,CUST-1704,RECIP-7184,9.84,7,6,1298,3,1,0,194.32,2,0.7,0,0,0.037,0.0149,0
TX-102454,CUST-2245,RECIP-5697,29.43,20,2,714,790,0,2,117.7,3,7.7,0,0,0.5335,0.096,0
TX-102455,CUST-1714,RECIP-6402,175.24,17,6,689,1863,0,13,196.24,2,1407.2,0,0,0.3755,0.0279,0
TX-102456,CUST-2260,RECIP-6023,204.39,5,3,1789,1575,0,2,185.88,2,16.9,1,0,0.9164,0.0754,0
TX-102457,CUST-2403,RECIP-7035,14.98,16,1,109,1618,0,4,102.87,2,15.7,0,1,0.1843,0.0643,0
TX-102458,CUST-1711,RECIP-7112,109.41,10,2,2322,1333,0,5,106.85,1,8.8,0,0,0.2521,0.2058,0
TX-102459,CUST-1089,RECIP-6951,3904.56,17,6,826,409,0,5,94.55,2,9.8,0,0,0.0554,0.0633,0
TX-102460,CUST-1510,RECIP-7074,315.68,5,6,972,811,0,5,106.95,0,24.6,1,0,0.0373,0.0353,0
TX-102461,CUST-1322,RECIP-9085,142.56,1,0,345,40,1,0,66.02,2,7.8,0,0,0.948,0.3339,0
TX-102462,CUST-1711,RECIP-9316,107.97,7,6,2205,26,1,0,128.44,4,3.9,0,0,0.2027,0.1114,1
TX-102463,CUST-1878,RECIP-7204,113.01,23,5,580,316,0,4,114.19,0,14.4,0,0,0.1444,0.0802,0
TX-102464,CUST-1695,RECIP-9333,72.23,13,4,2015,1943,0,6,63.29,2,3.9,0,0,0.233,0.2558,0
TX-102465,CUST-1293,RECIP-8683,270.4,1,1,836,1876,0,6,132.96,1,421.3,0,0,0.0983,0.0203,0
TX-102466,CUST-1451,RECIP-8689,317.83,23,4,108,13,1,0,250.79,0,4.5,0,0,0.063,0.2455,0
TX-102467,CUST-2019,RECIP-6015,49.84,19,2,1039,25,1,0,100.1,3,16.0,0,0,0.4238,0.0832,0
TX-102468,CUST-1040,RECIP-6972,181.26,13,0,1322,337,0,5,104.79,1,14.7,0,0,0.3803,0.1323,0
TX-102469,CUST-1321,RECIP-6584,41.08,17,6,1187,676,0,2,114.22,1,0.1,0,3,0.8428,0.1194,0
TX-102470,CUST-2338,RECIP-5434,79.27,4,4,2468,14,1,0,23.83,0,10.0,0,0,0.068,0.1212,0
TX-102471,CUST-1148,RECIP-5337,526.92,14,0,1314,8,1,0,75.72,0,992.4,1,0,0.1519,0.0486,0
TX-102472,CUST-1622,RECIP-7800,32.56,21,2,1954,743,0,5,564.8,3,1.6,0,0,0.1195,0.1319,0
TX-102473,CUST-1310,RECIP-6893,224.38,10,5,943,17,1,0,102.72,3,22.6,0,0,0.7313,0.0309,0
TX-102474,CUST-1156,RECIP-8715,21.84,0,3,387,1682,0,3,50.75,0,33.1,0,0,0.1061,0.0839,0
TX-102475,CUST-1634,RECIP-8009,46.59,18,3,1260,618,0,7,96.67,1,844.0,0,0,0.2255,0.0212,0
TX-102476,CUST-1782,RECIP-5383,43.27,17,0,1412,13,1,0,65.16,1,0.3,0,1,0.3629,0.0921,0
TX-102477,CUST-1264,RECIP-8771,34.61,17,0,1062,514,0,4,112.94,0,24.7,1,0,0.1306,0.2425,0
TX-102478,CUST-1116,RECIP-7232,19.13,15,6,1923,5,1,0,114.14,2,1.4,0,0,0.0493,0.0701,0
TX-102479,CUST-1202,RECIP-7546,303.16,3,6,2412,731,0,8,94.91,0,5.0,0,0,0.1247,0.3012,0
TX-102480,CUST-1977,RECIP-9345,12.13,2,0,229,1495,0,1,194.19,0,4.1,0,0,0.0192,0.0345,0
TX-102481,CUST-2290,RECIP-7880,36.22,19,3,197,225,0,5,40.13,0,973.8,0,0,0.3552,0.1475,0
TX-102482,CUST-1270,RECIP-5100,32.59,20,4,706,44,1,0,127.46,0,12.8,0,0,0.184,0.1925,0
TX-102483,CUST-1480,RECIP-5797,85.34,1,6,1477,33,1,0,217.72,3,5.1,0,0,0.0581,0.4447,0
TX-102484,CUST-1515,RECIP-6918,392.16,13,3,134,978,0,4,80.83,0,0.1,0,0,0.181,0.1865,0
TX-102485,CUST-1541,RECIP-5167,153.77,12,6,508,967,0,2,182.92,1,11.9,0,0,0.1591,0.2121,0
TX-102486,CUST-1366,RECIP-5753,1441.3,8,0,1040,1391,0,9,83.79,0,12.8,1,0,0.2152,0.2772,1
TX-102487,CUST-1082,RECIP-8562,41.2,15,0,957,1721,0,3,43.88,1,23.0,0,1,0.1456,0.1826,0
TX-102488,CUST-1787,RECIP-5642,148.77,21,3,2120,16,1,0,23.89,1,3.6,0,2,0.9201,0.1954,1
TX-102489,CUST-1536,RECIP-5751,172.65,19,1,1379,175,0,2,65.58,0,36.6,0,0,0.3497,0.1932,0
TX-102490,CUST-1513,RECIP-7271,44.83,3,5,2184,634,0,0,78.51,1,29.2,0,2,0.235,0.1895,0
TX-102491,CUST-1397,RECIP-5410,286.85,11,2,1906,26,1,0,515.29,1,13.7,0,1,0.5817,0.0807,0
TX-102492,CUST-2394,RECIP-6150,60.85,22,2,1052,1950,0,4,102.96,1,1630.2,0,0,0.2027,0.0493,0
TX-102493,CUST-1915,RECIP-9219,798.24,5,3,2444,1326,0,3,65.18,0,3.3,0,3,0.3394,0.1125,0
TX-102494,CUST-1628,RECIP-7841,132.41,20,6,2113,68,0,4,148.15,1,0.2,0,0,0.0957,0.0327,0
TX-102495,CUST-1308,RECIP-9335,249.79,11,0,1249,1376,0,4,74.27,1,12.2,0,0,0.1932,0.4061,0
TX-102496,CUST-2201,RECIP-6594,48.91,12,3,2130,14,1,0,215.91,3,0.2,0,2,0.0493,0.2194,0
TX-102497,CUST-2332,RECIP-7773,563.26,6,2,664,1624,0,2,316.29,1,6.9,0,0,0.2271,0.2916,0
TX-102498,CUST-1048,RECIP-6073,44.19,22,0,544,1463,0,7,112.28,2,75.5,0,0,0.6978,0.0928,0
TX-102499,CUST-2394,RECIP-6703,151.35,12,5,1985,1080,0,6,26.17,2,328.8,1,0,0.1611,0.1373,0
TX-102500,CUST-2049,RECIP-5785,36.53,13,6,1978,1810,0,6,92.27,1,9.7,0,1,0.3423,0.2248,0
TX-102501,CUST-1149,RECIP-8749,45.9,11,1,577,44,1,0,88.13,1,5.1,0,0,0.2025,0.08,0
TX-102502,CUST-2129,RECIP-5828,238.07,2,5,1892,1051,0,5,339.47,0,6.5,0,0,0.1202,0.0379,0
TX-102503,CUST-1161,RECIP-5921,86.0,18,4,1284,1805,0,6,139.08,2,40.4,0,0,0.4023,0.1683,0
TX-102504,CUST-1076,RECIP-7087,192.44,7,4,1409,66,0,8,74.19,1,23.5,0,0,0.312,0.0639,0
TX-102505,CUST-1172,RECIP-6932,162.25,5,3,2121,302,0,5,283.89,1,35.1,0,4,0.1086,0.4232,0
TX-102506,CUST-1689,RECIP-6412,606.51,18,2,425,1692,0,1,91.06,1,21.6,0,0,0.2315,0.0511,0
TX-102507,CUST-1929,RECIP-6606,52.34,4,0,1027,167,0,3,90.41,0,3368.8,1,4,0.6726,0.3392,0
TX-102508,CUST-1610,RECIP-6327,21.7,16,0,746,1801,0,4,68.35,0,9.7,0,1,0.1306,0.0251,0
TX-102509,CUST-1182,RECIP-9107,14.53,11,1,1405,35,1,0,237.47,1,36.3,0,0,0.1621,0.1166,0
TX-102510,CUST-1298,RECIP-7611,45.06,19,3,420,565,0,5,66.5,1,820.9,0,0,0.065,0.1025,0
TX-102511,CUST-2278,RECIP-9138,281.05,1,0,325,1770,0,2,161.96,2,7.7,0,0,0.5596,0.0187,1
TX-102512,CUST-2443,RECIP-9440,178.29,18,4,1749,1120,0,3,134.35,0,1740.0,0,0,0.0158,0.0702,0
TX-102513,CUST-2131,RECIP-7928,71.75,5,4,168,1057,0,1,104.73,1,12.5,0,0,0.0638,0.0587,0
TX-102514,CUST-1155,RECIP-8715,945.47,20,2,1060,1850,0,4,197.23,0,1277.6,0,0,0.3041,0.304,0
TX-102515,CUST-2229,RECIP-5498,21.28,8,0,2466,44,1,0,316.13,1,18.8,0,0,0.9653,0.2191,0
TX-102516,CUST-2037,RECIP-9272,261.13,0,3,2497,1784,0,5,39.5,1,1505.7,0,0,0.6828,0.2261,0
TX-102517,CUST-1789,RECIP-7169,48.24,11,5,471,1770,0,3,88.04,2,24.1,0,0,0.0259,0.2037,0
TX-102518,CUST-1214,RECIP-8210,612.3,1,2,2319,1469,0,5,82.88,1,16.8,0,0,0.1569,0.1241,0
TX-102519,CUST-2495,RECIP-6103,57.28,6,5,858,965,0,8,107.75,0,6.5,0,0,0.1035,0.1193,0
TX-102520,CUST-1663,RECIP-5429,292.12,17,2,520,419,0,2,64.41,2,8.0,0,0,0.8642,0.2412,0
TX-102521,CUST-1066,RECIP-8982,71.75,13,0,1276,250,0,3,46.02,1,12.4,0,0,0.1706,0.0657,0
TX-102522,CUST-1314,RECIP-7022,1439.2,17,4,1236,1,1,0,91.72,0,15.2,0,0,0.3918,0.0652,0
TX-102523,CUST-1601,RECIP-5622,115.02,21,6,954,992,0,6,213.33,0,974.5,0,2,0.0303,0.2283,0
TX-102524,CUST-1093,RECIP-7963,90.14,11,6,1085,326,0,3,85.48,3,28.0,0,0,0.2274,0.2311,0
TX-102525,CUST-1485,RECIP-5244,129.96,13,6,270,741,0,3,135.87,0,1.1,0,0,0.4818,0.1426,0
TX-102526,CUST-1702,RECIP-7027,192.69,1,0,681,1601,0,4,313.66,0,8.7,0,0,0.114,0.0385,0
TX-102527,CUST-2422,RECIP-8169,525.67,6,0,516,104,0,2,112.7,1,1505.3,0,0,0.1224,0.0801,0
TX-102528,CUST-1129,RECIP-8241,454.55,17,3,2332,7,1,0,209.09,0,0.2,0,0,0.1409,0.009,0
TX-102529,CUST-1865,RECIP-7039,10.13,1,6,1248,1920,0,5,224.18,3,6.7,0,0,0.3546,0.0756,0
TX-102530,CUST-2373,RECIP-6664,66.84,8,6,1379,688,0,6,252.43,1,1.3,0,0,0.0607,0.0893,0
TX-102531,CUST-2209,RECIP-8772,45.11,3,1,1113,5,1,0,473.99,1,8.1,0,0,0.3496,0.0425,0
TX-102532,CUST-2387,RECIP-5831,207.84,20,2,2215,1242,0,3,90.42,1,17.3,0,0,0.0447,0.2884,0
TX-102533,CUST-1255,RECIP-5335,47.51,13,4,2001,35,1,0,197.34,1,1.0,0,1,0.655,0.0412,0
TX-102534,CUST-2202,RECIP-5705,812.71,15,6,1733,1474,0,6,117.1,1,1608.3,0,0,0.3462,0.0965,0
TX-102535,CUST-2467,RECIP-8604,35.46,16,1,800,1217,0,4,144.6,0,17.0,0,0,0.3235,0.2388,0
TX-102536,CUST-1489,RECIP-7114,17.66,5,6,791,8,1,0,135.44,1,3.5,0,0,0.7584,0.0341,0
TX-102537,CUST-1747,RECIP-5168,109.97,1,5,2352,582,0,2,243.57,2,3.9,0,0,0.3774,0.1145,0
TX-102538,CUST-1796,RECIP-5759,206.74,9,0,2327,603,0,1,68.0,0,264.9,0,0,0.9237,0.4328,0
TX-102539,CUST-1740,RECIP-5126,30.17,4,5,728,44,1,0,133.58,0,15.8,0,0,0.2187,0.1448,0
TX-102540,CUST-1434,RECIP-8664,362.88,7,4,861,1446,0,1,38.35,1,5.1,0,0,0.1267,0.3419,0
TX-102541,CUST-2456,RECIP-7075,45.0,7,6,848,37,1,0,54.7,0,15.5,1,0,0.2619,0.0559,1
TX-102542,CUST-2434,RECIP-5306,489.67,18,1,1966,1915,0,5,64.54,2,31.4,0,0,0.0444,0.0479,0
TX-102543,CUST-1571,RECIP-5995,102.22,7,6,2374,1218,0,7,155.1,2,20.1,1,1,0.1235,0.0969,0
TX-102544,CUST-2207,RECIP-7774,47.87,3,0,2222,14,1,0,136.24,2,12.2,0,0,0.0243,0.1719,0
TX-102545,CUST-1596,RECIP-7671,776.73,23,0,2105,306,0,2,284.33,1,14.3,0,0,0.1235,0.1625,0
TX-102546,CUST-2192,RECIP-8686,21.41,1,3,890,134,0,3,208.57,1,36.0,0,1,0.2279,0.1107,0
TX-102547,CUST-1877,RECIP-5116,17.49,4,4,812,10,1,0,98.35,3,9.3,0,1,0.0421,0.1384,0
TX-102548,CUST-1705,RECIP-5312,40.26,8,1,2225,927,0,8,952.36,1,1716.5,0,0,0.029,0.0781,0
TX-102549,CUST-1192,RECIP-5159,133.57,1,1,1006,637,0,6,114.65,1,33.0,0,0,0.1764,0.19,0
TX-102550,CUST-1981,RECIP-6773,15.56,21,2,561,19,1,0,34.85,2,17.8,0,0,0.2533,0.1897,0
TX-102551,CUST-1481,RECIP-8272,119.01,8,0,2110,829,0,6,38.51,1,36.5,1,0,0.0379,0.3026,0
TX-102552,CUST-1325,RECIP-7983,24.55,18,1,1214,117,0,6,167.85,3,15.3,0,0,0.0577,0.256,0
TX-102553,CUST-1289,RECIP-5945,77.18,3,1,242,1128,0,8,30.8,1,13.7,0,0,0.2836,0.0973,0
TX-102554,CUST-2472,RECIP-7957,52.08,12,6,2243,303,0,5,114.04,0,41.5,0,0,0.0511,0.0858,0
TX-102555,CUST-1154,RECIP-7953,404.73,3,6,757,1956,0,3,77.38,1,3.4,0,2,0.1905,0.1175,0
TX-102556,CUST-2197,RECIP-5861,22.38,5,4,793,2,1,0,416.26,1,9.3,0,0,0.3457,0.4479,1
TX-102557,CUST-2299,RECIP-8374,144.89,9,4,1342,666,0,3,41.45,1,15.2,0,0,0.1424,0.1101,0
TX-102558,CUST-1046,RECIP-6900,790.56,20,0,697,1696,0,3,209.86,5,24.2,0,0,0.2275,0.0486,0
TX-102559,CUST-1883,RECIP-5266,42.38,7,0,2077,141,0,1,76.61,1,9.5,0,0,0.171,0.1357,0
TX-102560,CUST-1866,RECIP-6757,80.18,18,2,1738,26,1,0,71.54,0,1.1,0,0,0.1653,0.1537,0
TX-102561,CUST-1538,RECIP-8463,139.71,2,6,1424,1946,0,3,311.92,3,511.6,0,0,0.1033,0.0911,0
TX-102562,CUST-2000,RECIP-8132,16.83,6,3,524,118,0,3,67.59,1,9.9,0,0,0.0202,0.2296,0
TX-102563,CUST-1613,RECIP-6207,108.29,14,5,1239,1917,0,3,50.69,0,3300.8,0,0,0.1396,0.087,0
TX-102564,CUST-1659,RECIP-8406,91.91,11,2,702,1257,0,1,69.94,0,5.2,0,1,0.0908,0.2853,0
TX-102565,CUST-1647,RECIP-6752,219.61,12,2,2406,444,0,2,46.69,3,0.2,0,0,0.9536,0.1331,0
TX-102566,CUST-2201,RECIP-7071,144.5,16,5,1987,1714,0,5,31.56,2,17.4,0,0,0.0433,0.1961,0
TX-102567,CUST-1949,RECIP-5389,548.66,1,3,317,3,1,0,55.39,0,685.6,0,2,0.119,0.0971,1
TX-102568,CUST-1568,RECIP-9486,304.74,16,5,1334,1965,0,6,29.71,3,598.6,0,0,0.4309,0.0826,0
TX-102569,CUST-2390,RECIP-8773,70.32,20,5,1956,17,1,0,52.05,4,22.4,0,0,0.0978,0.0623,0
TX-102570,CUST-2203,RECIP-5877,420.4,18,5,1322,1245,0,3,51.07,1,84.8,0,0,0.3265,0.0935,0
TX-102571,CUST-2399,RECIP-7523,112.37,6,4,343,18,1,0,119.9,0,44.3,0,0,0.0058,0.3265,0
TX-102572,CUST-2095,RECIP-8511,291.23,8,5,375,1509,0,3,37.71,2,15.4,0,0,0.0717,0.3018,0
TX-102573,CUST-1587,RECIP-7270,83.58,23,3,1840,1524,0,4,155.33,1,2567.5,0,0,0.2556,0.1365,0
TX-102574,CUST-2159,RECIP-5948,137.16,18,2,1324,1559,0,1,19.71,0,588.5,0,2,0.0223,0.4012,0
TX-102575,CUST-1493,RECIP-9358,12.93,22,3,1371,408,0,6,49.57,2,1.7,0,0,0.1905,0.3456,0
TX-102576,CUST-1406,RECIP-6209,113.21,21,2,696,1484,0,3,84.66,1,19.0,0,0,0.0499,0.1128,0
TX-102577,CUST-1676,RECIP-6505,173.55,10,0,683,1664,0,3,73.46,0,2261.1,0,0,0.8641,0.1297,0
TX-102578,CUST-2453,RECIP-6672,175.07,3,2,1035,205,0,3,103.71,0,38.0,0,0,0.2183,0.167,0
TX-102579,CUST-1851,RECIP-9008,13.68,5,3,1372,100,0,4,36.26,2,13.4,0,0,0.9553,0.1859,0
TX-102580,CUST-1575,RECIP-7250,59.64,7,3,1187,221,0,5,413.66,0,5.1,0,0,0.8843,0.1837,0
TX-102581,CUST-1692,RECIP-8238,37.49,20,2,2202,1401,0,3,335.21,2,16.5,0,0,0.7755,0.2011,0
TX-102582,CUST-1436,RECIP-9055,85.64,6,5,496,644,0,6,14.19,1,2.0,0,0,0.0915,0.1813,0
TX-102583,CUST-1988,RECIP-9178,8.44,8,1,1196,14,1,0,156.3,1,53.8,0,0,0.8134,0.1065,0
TX-102584,CUST-1525,RECIP-8853,40.16,20,4,611,1917,0,3,76.31,1,20.7,0,0,0.3198,0.1986,0
TX-102585,CUST-1831,RECIP-9085,97.82,3,1,46,129,0,0,90.59,3,0.3,0,0,0.1789,0.1533,0
TX-102586,CUST-1554,RECIP-9267,53.87,15,6,1054,10,1,0,92.02,1,2.3,0,0,0.0288,0.038,0
TX-102587,CUST-1481,RECIP-9459,574.98,13,4,169,1528,0,2,54.59,3,26.6,0,0,0.1656,0.0436,0
TX-102588,CUST-2455,RECIP-7893,59.82,23,3,949,205,0,1,90.98,1,1.5,0,0,0.3631,0.122,0
TX-102589,CUST-1518,RECIP-5592,82.89,11,3,1592,10,1,0,311.66,1,14.5,0,0,0.593,0.3946,0
TX-102590,CUST-1105,RECIP-5509,13.7,12,5,958,1622,0,7,389.02,1,4.7,0,0,0.1202,0.2176,0
TX-102591,CUST-1567,RECIP-8582,29.75,20,2,1704,213,0,2,90.74,1,3493.6,0,0,0.102,0.0712,0
TX-102592,CUST-1798,RECIP-6422,226.15,23,5,758,29,1,0,29.3,2,37.6,0,0,0.2487,0.1034,1
TX-102593,CUST-1141,RECIP-8620,46.42,17,1,1022,1846,0,2,81.78,0,21.6,0,0,0.0055,0.0927,0
TX-102594,CUST-1458,RECIP-9206,78.92,16,5,2191,1470,0,9,78.51,2,6.9,0,0,0.1004,0.4886,0
TX-102595,CUST-1249,RECIP-7899,49.2,21,6,629,22,1,0,291.05,2,31.5,0,0,0.2629,0.1014,0
TX-102596,CUST-1750,RECIP-8439,190.39,23,1,1267,591,0,4,40.04,0,5.1,0,0,0.2722,0.03,0
TX-102597,CUST-2084,RECIP-6254,23.93,17,1,1798,1497,0,3,24.11,2,0.9,0,0,0.2519,0.0722,0
TX-102598,CUST-2452,RECIP-6955,46.76,7,6,924,1242,0,3,58.16,4,779.6,0,1,0.2257,0.0436,0
TX-102599,CUST-1583,RECIP-9343,143.15,15,2,781,1786,0,8,161.63,1,2.5,0,0,0.1345,0.4579,0
TX-102600,CUST-2294,RECIP-8675,62.33,5,4,1753,14,1,0,48.73,1,9.0,0,0,0.2674,0.2127,0
TX-102601,CUST-1321,RECIP-5919,10.59,12,1,212,92,0,4,81.54,2,13.7,0,0,0.1392,0.2087,0
TX-102602,CUST-2170,RECIP-9213,81.38,10,2,685,834,0,1,171.96,1,5.5,1,0,0.0209,0.0955,0
TX-102603,CUST-1844,RECIP-7248,13.8,23,4,1041,1052,0,3,30.9,0,10.0,1,0,0.0737,0.0521,0
TX-102604,CUST-2137,RECIP-8797,83.16,13,6,566,1173,0,4,90.56,0,65.0,0,1,0.3538,0.1078,0
TX-102605,CUST-2133,RECIP-7346,224.44,23,3,1361,34,1,0,117.42,1,4.2,0,2,0.0496,0.1092,0
TX-102606,CUST-1798,RECIP-7717,45.65,19,0,1559,18,1,0,158.84,1,2.2,0,0,0.1613,0.1728,0
TX-102607,CUST-1386,RECIP-5728,268.47,20,2,2415,29,1,0,71.78,0,1157.7,0,0,0.0553,0.1437,0
TX-102608,CUST-1789,RECIP-6523,183.61,4,4,1516,17,1,0,310.88,1,6.9,1,0,0.495,0.0182,1
TX-102609,CUST-2240,RECIP-8251,218.47,18,6,1492,4,1,0,67.77,1,18.3,0,1,0.3881,0.1734,1
TX-102610,CUST-2455,RECIP-8790,13.78,6,5,1822,1644,0,8,179.59,0,53.7,0,0,0.9018,0.1236,0
TX-102611,CUST-2391,RECIP-5399,64.47,13,5,544,4,1,0,227.53,0,15.0,0,0,0.116,0.0386,0
TX-102612,CUST-1272,RECIP-5345,176.01,11,1,1191,41,1,0,14.47,2,16.1,0,1,0.1101,0.0939,0
TX-102613,CUST-1896,RECIP-8118,47.73,6,3,2085,38,1,0,311.19,0,83.4,0,0,0.3576,0.0554,0
TX-102614,CUST-1156,RECIP-7011,12.25,23,4,463,489,0,6,43.32,1,2.0,0,0,0.044,0.1637,0
TX-102615,CUST-2003,RECIP-8818,262.06,21,3,749,40,1,0,70.58,1,1904.0,0,0,0.0098,0.0349,0
TX-102616,CUST-2488,RECIP-5306,1826.83,13,6,573,1779,0,1,222.32,2,6.5,0,0,0.1243,0.2091,0
TX-102617,CUST-1078,RECIP-6572,382.35,0,6,2399,6,1,0,70.67,0,24.4,1,1,0.2612,0.3418,1
TX-102618,CUST-1984,RECIP-5159,10.69,4,1,904,10,1,0,91.93,2,31.8,0,0,0.1628,0.0542,0
TX-102619,CUST-2418,RECIP-8192,68.53,5,6,833,544,0,3,196.12,0,0.3,0,0,0.1796,0.3187,0
TX-102620,CUST-2270,RECIP-8860,53.17,23,5,2043,995,0,1,111.23,2,33.7,0,2,0.2426,0.0973,0
TX-102621,CUST-1588,RECIP-5705,28.7,9,4,2276,1071,0,2,46.08,2,2.4,0,0,0.1313,0.3375,0
TX-102622,CUST-1155,RECIP-6457,103.07,1,2,42,792,0,5,239.75,2,16.4,0,1,0.0611,0.1267,0
TX-102623,CUST-2385,RECIP-8806,120.83,14,5,2201,433,0,3,126.99,1,9.9,1,0,0.2219,0.089,0
TX-102624,CUST-2381,RECIP-5186,62.85,22,4,1776,15,1,0,30.35,1,1.8,0,0,0.031,0.11,1
TX-102625,CUST-1868,RECIP-9284,523.12,13,6,2164,1484,0,3,89.7,1,1507.1,0,0,0.7135,0.1639,0
TX-102626,CUST-2468,RECIP-8991,9.55,10,4,244,32,1,0,126.17,2,13.2,1,0,0.4002,0.1166,0
TX-102627,CUST-1006,RECIP-5687,138.34,4,6,127,1915,0,7,72.58,0,14.5,0,4,0.2769,0.2623,0
TX-102628,CUST-1924,RECIP-5625,20.35,21,2,859,823,0,4,28.86,0,20.1,0,1,0.3789,0.035,0
TX-102629,CUST-1057,RECIP-8113,97.44,2,0,2129,1109,0,6,34.7,1,5.2,0,3,0.0553,0.1426,0
TX-102630,CUST-2403,RECIP-5045,139.92,22,3,1261,675,0,7,59.31,1,10.1,0,0,0.1677,0.2011,0
TX-102631,CUST-2020,RECIP-7276,369.63,5,6,1811,1904,0,4,128.36,0,9.2,0,0,0.4602,0.189,0
TX-102632,CUST-2370,RECIP-5296,62.89,3,4,635,872,0,4,234.33,2,21.4,0,0,0.2391,0.1582,0
TX-102633,CUST-1844,RECIP-7391,103.58,8,4,855,840,0,3,34.15,1,13.1,0,0,0.6936,0.5316,0
TX-102634,CUST-1124,RECIP-6575,7.25,0,4,2198,1502,0,3,63.23,0,11.5,0,0,0.1801,0.0621,0
TX-102635,CUST-1039,RECIP-8179,307.23,0,4,1240,615,0,2,20.26,1,9.7,0,0,0.6902,0.2618,1
TX-102636,CUST-1503,RECIP-8963,166.77,4,0,1955,14,1,0,95.24,1,36.3,0,4,0.2001,0.0292,0
TX-102637,CUST-2115,RECIP-7199,103.88,16,2,1610,22,1,0,303.17,0,13.7,0,0,0.289,0.3077,0
TX-102638,CUST-1226,RECIP-7887,104.3,19,0,463,101,0,4,210.53,3,0.6,0,0,0.911,0.102,0
TX-102639,CUST-2278,RECIP-7701,42.33,5,2,2360,133,0,1,79.66,0,2.4,0,0,0.1456,0.2187,0
TX-102640,CUST-1359,RECIP-9432,52.77,15,5,2367,1740,0,4,75.96,3,2.4,0,0,0.0463,0.0024,0
TX-102641,CUST-1744,RECIP-6039,39.18,8,5,1956,605,0,3,74.35,0,7.3,0,0,0.1472,0.203,0
TX-102642,CUST-1304,RECIP-6075,33.03,10,1,1189,1574,0,4,77.9,0,2.7,0,0,0.0873,0.3336,0
TX-102643,CUST-1698,RECIP-6703,107.42,8,4,1088,1399,0,4,99.28,4,3257.8,0,0,0.3144,0.1865,0
TX-102644,CUST-1678,RECIP-8315,418.75,21,1,765,447,0,2,74.18,3,16.5,0,0,0.079,0.234,0
TX-102645,CUST-1008,RECIP-8893,52.84,12,1,1624,426,0,5,96.82,4,1.7,0,0,0.0251,0.0818,0
TX-102646,CUST-1851,RECIP-6251,102.3,12,6,795,1968,0,5,41.78,1,15.8,0,0,0.0727,0.1398,0
TX-102647,CUST-2179,RECIP-5494,72.73,20,4,489,1787,0,7,136.21,1,36.8,0,0,0.7914,0.1423,0
TX-102648,CUST-2404,RECIP-7738,71.73,15,1,179,558,0,3,154.98,0,2478.3,0,0,0.7626,0.1724,0
TX-102649,CUST-1496,RECIP-7689,841.98,3,0,1077,995,0,4,627.63,2,0.6,0,3,0.6853,0.2172,0
TX-102650,CUST-2320,RECIP-6686,502.76,4,0,2043,1732,0,2,141.36,2,34.5,0,0,0.0944,0.1074,1
TX-102651,CUST-2318,RECIP-5829,79.97,8,3,1984,537,0,5,86.92,1,13.0,0,0,0.0209,0.2541,0
TX-102652,CUST-2482,RECIP-8824,240.64,2,0,2128,1343,0,3,325.45,1,3.4,1,0,0.1769,0.2256,0
TX-102653,CUST-1559,RECIP-8809,84.67,16,4,1528,780,0,6,280.24,1,13.7,0,0,0.0952,0.1028,0
TX-102654,CUST-2276,RECIP-8363,595.72,11,3,2173,1771,0,2,57.21,1,1.7,0,0,0.4711,0.0084,0
TX-102655,CUST-1847,RECIP-7605,371.27,1,4,1964,610,0,8,360.89,0,15.0,0,0,0.344,0.1434,0
TX-102656,CUST-1087,RECIP-6176,216.79,9,1,2022,900,0,4,126.55,0,0.7,0,1,0.2662,0.1008,0
TX-102657,CUST-1405,RECIP-6813,197.88,19,1,1289,30,1,0,34.37,1,16.0,0,0,0.7938,0.1288,1
TX-102658,CUST-2008,RECIP-5307,179.88,21,0,240,1362,0,2,57.16,1,2928.4,0,1,0.1171,0.1216,0
TX-102659,CUST-1240,RECIP-6124,52.81,23,0,968,273,0,2,61.89,1,1.4,0,0,0.0227,0.0962,0
TX-102660,CUST-1652,RECIP-7026,118.03,22,0,2122,229,0,5,300.89,0,2608.8,0,0,0.338,0.2096,0
TX-102661,CUST-2162,RECIP-6965,1183.18,14,1,1864,1716,0,1,112.95,1,24.9,0,0,0.1752,0.0951,0
TX-102662,CUST-1224,RECIP-5361,145.05,22,5,60,1537,0,1,106.75,0,12.5,1,1,0.5512,0.003,0
TX-102663,CUST-1744,RECIP-9309,46.57,22,4,261,348,0,2,94.76,1,1.7,0,0,0.7031,0.1829,0
TX-102664,CUST-1322,RECIP-6207,18.02,15,1,1656,1317,0,6,437.64,2,10.3,0,0,0.759,0.051,0
TX-102665,CUST-1804,RECIP-7291,52.96,9,6,2447,607,0,8,84.79,3,54.2,0,0,0.257,0.0543,0
TX-102666,CUST-1361,RECIP-7093,25.24,23,5,1836,848,0,3,72.53,3,46.6,0,0,0.7023,0.1089,1
TX-102667,CUST-2448,RECIP-7112,134.76,9,5,2372,1275,0,6,241.49,0,5.3,0,0,0.4825,0.082,0
TX-102668,CUST-1115,RECIP-8802,20.0,3,6,194,1298,0,5,112.25,3,101.4,0,0,0.7729,0.085,0
TX-102669,CUST-2445,RECIP-8358,17.21,2,5,2204,38,1,0,285.58,0,5.8,0,0,0.0761,0.0396,0
TX-102670,CUST-2187,RECIP-8904,111.29,13,6,346,1671,0,8,72.59,4,4.2,0,1,0.7312,0.1794,0
TX-102671,CUST-2283,RECIP-6705,16.83,0,2,2214,1049,0,2,113.27,0,9.1,0,0,0.0836,0.1403,0
TX-102672,CUST-2277,RECIP-6193,736.19,2,5,2436,1637,0,4,381.45,2,31.1,0,0,0.0025,0.4399,0
TX-102673,CUST-1281,RECIP-6923,519.21,5,0,1292,1164,0,5,68.27,1,21.7,0,0,0.1348,0.1689,0
TX-102674,CUST-2396,RECIP-7526,139.61,12,2,1345,9,1,0,205.84,2,11.2,0,0,0.0783,0.0884,0
TX-102675,CUST-1891,RECIP-6516,194.83,11,6,1259,562,0,5,31.05,1,9.7,0,0,0.0743,0.1442,0
TX-102676,CUST-2443,RECIP-7070,173.06,12,0,1396,85,0,3,172.39,2,28.6,0,0,0.1074,0.2452,0
TX-102677,CUST-2317,RECIP-5679,126.16,12,3,2055,1097,0,7,60.77,3,8.8,0,0,0.1041,0.1015,0
TX-102678,CUST-1869,RECIP-7627,7.92,23,2,725,1139,0,2,192.55,1,26.2,0,0,0.1541,0.3279,0
TX-102679,CUST-1561,RECIP-8212,929.67,5,0,729,27,1,0,42.65,1,12.6,0,0,0.1781,0.2063,0
TX-102680,CUST-1175,RECIP-7372,189.59,11,1,2422,14,1,0,213.04,0,20.5,0,0,0.884,0.0832,0
TX-102681,CUST-1151,RECIP-8928,149.59,14,3,2129,12,1,0,94.03,1,3.9,0,2,0.2166,0.2407,0
TX-102682,CUST-1584,RECIP-9480,124.64,6,4,1364,1795,0,1,134.02,1,0.3,0,0,0.1526,0.2071,0
TX-102683,CUST-2216,RECIP-9075,42.19,4,4,526,1216,0,4,107.84,2,2.3,0,0,0.1328,0.1557,0
TX-102684,CUST-1758,RECIP-5418,138.66,1,0,2390,155,0,6,90.98,3,74.6,0,0,0.2126,0.1353,0
TX-102685,CUST-1722,RECIP-8963,237.53,7,2,2201,681,0,4,59.91,2,6.8,0,0,0.6506,0.0918,0
TX-102686,CUST-1366,RECIP-6501,52.65,6,0,841,1942,0,4,47.75,1,47.3,0,0,0.1714,0.1921,0
TX-102687,CUST-1846,RECIP-7033,36.83,4,0,1366,1732,0,5,165.72,0,32.3,0,0,0.3355,0.1345,0
TX-102688,CUST-1957,RECIP-6853,20.02,6,2,1065,1133,0,0,41.85,0,12.1,1,0,0.4109,0.19,0
TX-102689,CUST-2473,RECIP-6278,21.07,16,4,2112,247,0,5,87.22,0,12.6,0,0,0.1081,0.0211,0
TX-102690,CUST-2094,RECIP-8947,55.88,19,2,1727,28,1,0,45.89,0,12.4,0,0,0.2234,0.2844,0
TX-102691,CUST-1910,RECIP-7870,108.88,12,0,1248,177,0,3,75.69,0,36.4,0,0,0.2476,0.3823,0
TX-102692,CUST-2365,RECIP-9351,418.41,1,1,2420,21,1,0,23.87,1,11.5,0,0,0.039,0.059,1
TX-102693,CUST-1637,RECIP-9296,261.07,17,3,1532,845,0,1,237.25,2,1.9,0,0,0.5034,0.1164,0
TX-102694,CUST-2402,RECIP-6888,23.71,3,2,1225,1566,0,7,167.91,2,1.0,0,0,0.0378,0.1177,0
TX-102695,CUST-1554,RECIP-8271,119.78,1,5,2319,1367,0,3,94.38,2,13.1,1,0,0.1579,0.1847,0
TX-102696,CUST-1191,RECIP-7260,49.56,13,4,1140,30,1,0,112.38,0,8.1,0,0,0.1077,0.153,0
TX-102697,CUST-1626,RECIP-7226,348.03,10,6,1062,72,0,6,237.06,1,3.4,0,0,0.0099,0.2889,0
TX-102698,CUST-1193,RECIP-8328,198.66,7,1,989,95,0,5,65.53,1,12.5,0,0,0.0529,0.0546,0
TX-102699,CUST-1177,RECIP-8099,168.39,23,2,574,1633,0,4,262.16,1,29.4,0,0,0.0575,0.0987,0
TX-102700,CUST-2321,RECIP-9102,19.33,2,0,719,1323,0,4,57.75,3,14.5,0,1,0.0044,0.1992,0
TX-102701,CUST-2192,RECIP-8476,45.91,1,0,254,712,0,1,95.31,1,0.2,0,0,0.0699,0.0406,0
TX-102702,CUST-1331,RECIP-7799,272.78,14,6,1828,1516,0,1,34.58,1,3.3,0,0,0.0598,0.0095,0
TX-102703,CUST-2256,RECIP-9136,69.45,10,3,1487,1845,0,4,275.38,1,2.1,0,0,0.7829,0.1649,0
TX-102704,CUST-1103,RECIP-5460,7.81,19,4,2333,85,0,2,79.24,1,2.8,0,1,0.0554,0.1958,0
TX-102705,CUST-1426,RECIP-8434,561.54,0,1,1539,1817,0,5,126.64,4,3.3,0,0,0.1047,0.1411,0
TX-102706,CUST-2059,RECIP-6765,63.61,10,0,228,541,0,6,55.16,1,6.4,0,0,0.6919,0.2763,0
TX-102707,CUST-1455,RECIP-6949,126.41,3,6,1563,1541,0,6,84.14,1,9.5,0,0,0.2758,0.0083,0
TX-102708,CUST-2095,RECIP-8517,141.67,0,4,462,39,1,0,46.13,0,4.2,0,0,0.1873,0.1486,0
TX-102709,CUST-2311,RECIP-6231,77.95,11,4,121,1489,0,1,51.95,1,37.2,0,0,0.8687,0.2447,0
TX-102710,CUST-1099,RECIP-8976,330.99,17,3,1666,288,0,8,28.84,0,0.8,0,0,0.3731,0.1833,0
TX-102711,CUST-1035,RECIP-7249,74.78,3,2,97,1225,0,3,80.34,2,38.5,0,4,0.0607,0.1912,0
TX-102712,CUST-2410,RECIP-6570,63.02,20,2,1040,1935,0,6,57.29,0,2.6,0,0,0.9203,0.1612,1
TX-102713,CUST-1780,RECIP-6476,1335.04,12,5,2241,1601,0,4,511.1,2,25.6,0,0,0.3822,0.1972,0
TX-102714,CUST-1759,RECIP-6894,15.0,11,1,662,37,1,0,41.76,0,1.2,0,1,0.729,0.2657,0
TX-102715,CUST-1695,RECIP-9242,1331.4,22,2,1747,405,0,1,57.45,2,18.6,0,4,0.0214,0.305,0
TX-102716,CUST-1650,RECIP-5461,136.63,7,2,960,594,0,4,170.73,2,18.2,0,0,0.12,0.188,0
TX-102717,CUST-2035,RECIP-7285,176.16,4,3,309,1645,0,5,45.69,0,27.0,0,0,0.15,0.2102,0
TX-102718,CUST-1869,RECIP-8757,769.08,18,6,516,11,1,0,86.23,5,0.4,0,0,0.0661,0.1338,0
TX-102719,CUST-1245,RECIP-7124,104.81,2,6,214,1156,0,0,163.4,2,25.3,0,0,0.2699,0.1883,0
TX-102720,CUST-1939,RECIP-7547,26.7,20,3,402,384,0,5,154.39,0,25.9,0,0,0.1048,0.1416,0
TX-102721,CUST-2002,RECIP-6566,118.03,19,1,429,1577,0,2,97.95,3,13.2,0,0,0.3162,0.1562,0
TX-102722,CUST-1170,RECIP-5612,84.99,23,6,2211,41,1,0,88.05,1,5.9,0,0,0.0983,0.0616,0
TX-102723,CUST-1565,RECIP-7877,327.49,11,2,2023,43,1,0,194.53,0,19.1,0,0,0.2847,0.03,0
TX-102724,CUST-2185,RECIP-9139,195.09,14,2,902,1906,0,1,234.84,2,4.5,0,0,0.0967,0.1593,0
TX-102725,CUST-1928,RECIP-7340,71.81,21,6,1816,1284,0,2,99.0,2,58.6,0,0,0.0794,0.2709,0
TX-102726,CUST-1204,RECIP-6944,53.93,3,1,534,914,0,4,138.42,1,12.5,0,3,0.7545,0.1773,0
TX-102727,CUST-1060,RECIP-5580,140.56,7,3,1607,722,0,9,63.62,0,2.6,0,0,0.856,0.0892,0
TX-102728,CUST-1871,RECIP-9251,122.1,11,6,529,1226,0,4,221.53,2,497.1,0,0,0.1113,0.18,0
TX-102729,CUST-1692,RECIP-8911,15.65,15,2,1612,38,1,0,167.58,4,8.1,0,3,0.1389,0.1248,0
TX-102730,CUST-2441,RECIP-9058,19.14,16,4,913,498,0,2,73.67,1,3151.5,1,2,0.3408,0.3411,0
TX-102731,CUST-1783,RECIP-6615,1836.17,22,0,2151,767,0,4,63.25,2,3.2,0,0,0.2164,0.1392,0
TX-102732,CUST-2397,RECIP-7813,30.64,11,6,2092,616,0,5,363.23,0,30.6,0,0,0.2359,0.0258,0
TX-102733,CUST-1321,RECIP-6946,19.56,4,2,853,1496,0,5,64.18,1,8.2,0,0,0.0523,0.0378,0
TX-102734,CUST-1671,RECIP-6055,1014.92,4,4,131,1035,0,3,80.08,0,17.8,1,0,0.1416,0.1061,0
TX-102735,CUST-1209,RECIP-5925,23.81,19,3,825,449,0,4,36.72,0,2.6,1,0,0.0445,0.0197,0
TX-102736,CUST-1861,RECIP-6727,66.38,11,3,726,350,0,3,202.39,1,38.0,0,0,0.0535,0.0104,0
TX-102737,CUST-1282,RECIP-7490,1660.3,15,2,1080,1865,0,6,63.75,3,1.4,0,0,0.8737,0.0602,0
TX-102738,CUST-1738,RECIP-5549,25.07,13,0,1448,1784,0,6,95.49,1,60.0,1,0,0.2597,0.279,0
TX-102739,CUST-1516,RECIP-8159,159.38,19,1,2474,1668,0,4,89.4,0,7.2,0,1,0.1691,0.038,0
TX-102740,CUST-1278,RECIP-7059,216.17,5,2,184,1485,0,6,555.51,0,6.8,0,0,0.6201,0.3312,0
TX-102741,CUST-1145,RECIP-8965,29.06,4,2,1400,1731,0,5,361.43,1,2745.2,0,0,0.2356,0.035,0
TX-102742,CUST-1768,RECIP-6254,471.16,17,1,453,23,1,0,120.73,1,8.9,0,0,0.1132,0.0214,0
TX-102743,CUST-2420,RECIP-5232,37.8,10,4,1380,1833,0,4,58.37,1,3.8,0,0,0.3916,0.1491,0
TX-102744,CUST-1298,RECIP-6404,125.52,19,5,1602,1842,0,5,104.71,4,7.8,0,0,0.3076,0.1759,0
TX-102745,CUST-1607,RECIP-9379,27.92,3,6,2029,905,0,1,90.54,2,9.4,0,0,0.1638,0.0107,0
TX-102746,CUST-1336,RECIP-6448,36.24,6,6,1413,542,0,5,314.36,0,25.4,0,1,0.1757,0.2074,0
TX-102747,CUST-2213,RECIP-8167,436.35,23,4,469,6,1,0,659.11,3,1.1,0,0,0.7905,0.0535,1
TX-102748,CUST-1622,RECIP-8794,586.55,20,2,2286,24,1,0,122.45,1,26.0,0,0,0.1298,0.2166,0
TX-102749,CUST-2461,RECIP-6279,249.92,1,4,1031,921,0,1,174.44,0,0.6,0,2,0.2648,0.1172,0
TX-102750,CUST-1367,RECIP-7891,52.01,19,0,1214,1822,0,2,417.47,0,1190.3,1,0,0.2354,0.0625,0
TX-102751,CUST-1121,RECIP-5920,28.31,1,5,1614,257,0,7,142.48,1,11.7,0,0,0.0604,0.0161,0
TX-102752,CUST-1873,RECIP-6629,11.95,2,3,684,2,1,0,52.57,0,9.5,0,0,0.0936,0.0363,0
TX-102753,CUST-1977,RECIP-6332,109.73,21,1,2470,28,1,0,88.77,1,1.7,0,0,0.7803,0.3066,0
TX-102754,CUST-2486,RECIP-8025,12.66,3,2,140,258,0,4,96.22,2,2.5,1,3,0.1462,0.1805,0
TX-102755,CUST-2307,RECIP-8940,59.33,7,2,411,42,1,0,56.17,5,2.9,1,0,0.0237,0.0661,0
TX-102756,CUST-2326,RECIP-6135,151.36,3,2,2475,214,0,4,100.23,5,15.6,0,2,0.0043,0.0789,0
TX-102757,CUST-1951,RECIP-6311,31.13,14,0,1146,424,0,4,30.96,1,6.7,0,0,0.2405,0.1913,0
TX-102758,CUST-1539,RECIP-8694,79.47,1,0,2236,762,0,7,21.97,1,2.6,0,0,0.2752,0.1552,1
TX-102759,CUST-1643,RECIP-7082,52.15,6,2,2266,758,0,3,92.82,2,6.2,1,1,0.0924,0.3819,0
TX-102760,CUST-1200,RECIP-7308,148.82,7,2,2476,15,1,0,82.34,2,10.1,1,0,0.8603,0.1597,0
TX-102761,CUST-1646,RECIP-8175,428.8,15,6,1822,1959,0,8,371.88,2,2491.3,0,0,0.1421,0.2388,0
TX-102762,CUST-1546,RECIP-5619,41.16,11,1,1717,1051,0,8,68.33,1,10.3,0,0,0.0092,0.0389,0
TX-102763,CUST-1053,RECIP-8923,275.21,4,2,1546,527,0,6,123.07,1,12.8,0,0,0.0902,0.124,0
TX-102764,CUST-1306,RECIP-6643,743.41,11,6,1717,326,0,5,71.62,2,21.9,0,0,0.0422,0.3297,0
TX-102765,CUST-1801,RECIP-7963,42.96,11,6,665,1831,0,3,24.81,2,3.3,0,0,0.3076,0.0929,0
TX-102766,CUST-1554,RECIP-6944,32.58,8,0,2043,44,1,0,94.71,0,2.3,0,0,0.2053,0.1053,0
TX-102767,CUST-2490,RECIP-8388,323.63,12,0,492,1632,0,9,116.52,0,4.5,1,0,0.4312,0.1331,0
TX-102768,CUST-1717,RECIP-7752,74.87,7,0,1214,34,1,0,65.44,1,63.2,0,0,0.2003,0.1506,0
TX-102769,CUST-2438,RECIP-5779,250.36,8,3,954,37,1,0,85.06,3,4.4,0,0,0.1319,0.2034,0
TX-102770,CUST-1991,RECIP-5845,87.94,18,4,1910,343,0,2,200.81,1,41.0,0,0,0.1598,0.1827,0
TX-102771,CUST-1060,RECIP-8948,115.93,6,2,660,28,1,0,80.7,2,10.2,0,0,0.2847,0.0312,0
TX-102772,CUST-1305,RECIP-7338,150.13,7,0,540,30,1,0,257.71,4,3.0,0,1,0.7478,0.1102,1
TX-102773,CUST-2058,RECIP-6240,84.08,3,1,2026,20,1,0,116.64,0,30.6,0,2,0.5977,0.0497,0
TX-102774,CUST-1817,RECIP-5644,307.07,16,4,1232,1434,0,5,219.39,2,12.1,0,3,0.265,0.1513,0
TX-102775,CUST-1452,RECIP-5577,53.78,16,2,1810,292,0,6,325.8,1,20.6,0,0,0.2514,0.2985,0
TX-102776,CUST-1783,RECIP-9139,8.18,16,0,2200,948,0,3,50.52,2,0.4,0,0,0.0889,0.2771,0
TX-102777,CUST-2354,RECIP-9393,183.69,4,4,2092,44,1,0,222.65,1,2.0,1,0,0.0821,0.0588,0
TX-102778,CUST-1583,RECIP-6770,38.9,10,4,1017,4,1,0,267.99,0,0.3,0,0,0.3536,0.0739,0
TX-102779,CUST-1067,RECIP-5907,22.64,7,3,452,725,0,3,222.44,2,1017.7,0,0,0.3433,0.2073,0
TX-102780,CUST-1466,RECIP-6884,178.08,18,6,2401,7,1,0,81.45,3,18.8,0,0,0.1405,0.0768,0
TX-102781,CUST-2403,RECIP-5614,86.86,8,5,795,611,0,3,12.62,1,22.0,0,0,0.3121,0.1939,0
TX-102782,CUST-2142,RECIP-7473,308.61,9,0,1929,9,1,0,625.11,1,28.9,0,0,0.3261,0.1141,0
TX-102783,CUST-2256,RECIP-7817,8.59,10,6,1928,926,0,7,30.63,1,1.1,0,0,0.5067,0.1855,0
TX-102784,CUST-2367,RECIP-9433,59.95,18,0,1123,5,1,0,444.51,2,3367.0,0,0,0.0788,0.0746,0
TX-102785,CUST-1176,RECIP-6434,46.16,16,3,433,993,0,4,41.51,0,2.3,1,2,0.2536,0.09,0
TX-102786,CUST-1424,RECIP-5890,209.96,19,6,1196,1943,0,3,38.79,1,1347.5,0,0,0.1528,0.1335,0
TX-102787,CUST-1089,RECIP-5600,109.13,10,6,389,18,1,0,105.64,0,8.3,0,0,0.1153,0.0629,0
TX-102788,CUST-1007,RECIP-6697,528.4,19,0,899,960,0,2,94.66,3,6.4,0,0,0.4001,0.0161,0
TX-102789,CUST-2252,RECIP-7705,8681.12,20,0,976,573,0,3,511.94,1,2685.7,0,0,0.8229,0.0112,1
TX-102790,CUST-2405,RECIP-5299,191.21,12,1,1310,1536,0,3,60.96,0,14.4,0,0,0.8279,0.1769,0
TX-102791,CUST-1233,RECIP-8415,122.42,16,1,490,1828,0,4,198.06,0,2133.1,0,0,0.2393,0.2042,0
TX-102792,CUST-2083,RECIP-7070,191.12,21,1,2119,33,1,0,145.99,3,10.2,0,0,0.1181,0.1016,0
TX-102793,CUST-1802,RECIP-8569,170.25,20,2,224,383,0,5,51.24,2,344.9,0,0,0.6714,0.0707,0
TX-102794,CUST-1103,RECIP-7086,5702.45,6,2,2464,3,1,0,151.59,0,4.7,0,0,0.0847,0.3808,1
TX-102795,CUST-2373,RECIP-5699,377.19,17,4,802,1350,0,4,94.12,2,26.0,0,0,0.0105,0.0421,0
TX-102796,CUST-2306,RECIP-5096,49.14,10,5,1239,643,0,5,242.03,2,38.5,0,0,0.3494,0.1245,0
TX-102797,CUST-1851,RECIP-7505,65.71,3,3,2192,16,1,0,84.96,2,3.2,0,0,0.0057,0.1058,0
TX-102798,CUST-2061,RECIP-7427,642.04,8,2,1645,117,0,2,304.4,1,4.3,1,0,0.2461,0.1662,0
TX-102799,CUST-1595,RECIP-8661,25.99,23,3,169,1923,0,6,132.27,1,5.0,0,1,0.0834,0.0424,0
TX-102800,CUST-2189,RECIP-8947,120.16,22,4,1522,12,1,0,40.41,1,69.2,0,0,0.0722,0.2175,0
TX-102801,CUST-1667,RECIP-5724,43.49,18,6,1428,1291,0,3,26.33,1,3.0,0,0,0.2965,0.0565,0
TX-102802,CUST-2483,RECIP-6416,53.7,23,6,2333,1854,0,1,394.7,3,0.6,0,0,0.5377,0.3376,0
TX-102803,CUST-1094,RECIP-5934,140.24,13,1,1420,184,0,2,95.87,0,15.7,0,0,0.1327,0.2817,0
TX-102804,CUST-1258,RECIP-5480,171.99,18,6,2480,1255,0,5,95.37,0,3139.0,0,2,0.4754,0.2267,0
TX-102805,CUST-2453,RECIP-5010,52.93,3,5,1341,1851,0,4,120.79,0,9.2,0,0,0.1352,0.0688,0
TX-102806,CUST-1433,RECIP-5370,234.58,7,0,505,856,0,3,97.11,0,41.8,0,1,0.1642,0.1652,0
TX-102807,CUST-1465,RECIP-7360,201.38,4,3,1278,630,0,3,109.13,1,25.2,0,0,0.2412,0.0112,0
TX-102808,CUST-2186,RECIP-5683,210.89,22,1,2295,1426,0,7,29.39,2,1596.6,0,0,0.3234,0.4894,0
TX-102809,CUST-1284,RECIP-5876,114.15,14,3,72,1859,0,1,201.76,2,42.9,0,2,0.3404,0.0641,0
TX-102810,CUST-1770,RECIP-5530,3205.52,22,0,1015,1144,0,4,113.8,1,6.0,0,0,0.3668,0.072,0
TX-102811,CUST-1429,RECIP-8259,30.01,9,2,147,1,1,0,169.08,1,0.3,0,0,0.3284,0.0926,0
TX-102812,CUST-1296,RECIP-7860,109.31,9,4,2109,1388,0,3,66.03,1,12.6,0,2,0.1857,0.0763,0
TX-102813,CUST-2446,RECIP-9329,60.84,16,2,1292,484,0,4,99.39,1,13.0,0,0,0.9291,0.0952,1
TX-102814,CUST-1299,RECIP-5501,132.3,13,0,1798,1978,0,3,34.11,0,12.6,0,0,0.3135,0.0263,0
TX-102815,CUST-1141,RECIP-5939,306.6,8,2,2421,4,1,0,230.52,0,15.1,0,0,0.0845,0.1764,0
TX-102816,CUST-2010,RECIP-7050,21.55,7,3,2085,1294,0,1,91.42,1,1.6,0,0,0.3581,0.1917,0
TX-102817,CUST-2300,RECIP-7920,90.6,12,5,1037,42,1,0,16.5,2,21.4,1,1,0.1927,0.203,1
TX-102818,CUST-1191,RECIP-5585,49.36,1,0,2339,924,0,6,76.39,0,10.8,0,0,0.4357,0.1399,0
TX-102819,CUST-2061,RECIP-5953,335.79,4,3,1196,1608,0,3,133.3,2,15.0,0,0,0.2278,0.0811,0
TX-102820,CUST-1811,RECIP-6896,510.46,1,1,2447,1798,0,4,302.44,0,3.3,0,0,0.1259,0.1514,0
TX-102821,CUST-2245,RECIP-5081,25.41,3,1,2455,1282,0,3,33.39,2,27.6,0,0,0.0749,0.3395,0
TX-102822,CUST-1190,RECIP-6778,174.37,4,0,577,1523,0,2,266.53,4,19.5,0,0,0.302,0.3019,0
TX-102823,CUST-2463,RECIP-8413,3532.01,1,5,1954,180,0,2,170.45,1,37.2,0,0,0.0981,0.0292,0
TX-102824,CUST-1928,RECIP-7369,113.99,1,6,1753,528,0,3,71.29,1,3.5,0,0,0.029,0.0295,0
TX-102825,CUST-2263,RECIP-6953,87.38,19,4,1932,18,1,0,195.61,0,8.8,0,4,0.7483,0.1769,0
TX-102826,CUST-1542,RECIP-7195,142.37,4,2,444,312,0,1,126.46,1,9.2,0,0,0.2357,0.2336,0
TX-102827,CUST-2415,RECIP-9260,247.74,13,6,1276,1018,0,7,65.86,0,0.8,0,0,0.2856,0.2144,0
TX-102828,CUST-1939,RECIP-7341,420.83,2,3,404,6,1,0,229.07,2,5.5,0,0,0.2283,0.1278,0
TX-102829,CUST-1190,RECIP-7404,507.35,22,3,2247,755,0,4,284.66,0,17.7,0,1,0.1507,0.2384,0
TX-102830,CUST-2384,RECIP-9188,30.38,5,4,2187,179,0,4,34.73,0,4.0,0,0,0.3343,0.0367,0
TX-102831,CUST-2193,RECIP-5708,330.94,17,4,1465,873,0,4,131.05,0,15.1,0,0,0.4267,0.1809,0
TX-102832,CUST-1450,RECIP-5431,85.19,15,3,350,847,0,3,88.58,0,7.5,0,0,0.2704,0.0999,0
TX-102833,CUST-1818,RECIP-7023,74.42,18,3,1652,996,0,5,141.97,0,14.9,1,0,0.0648,0.006,0
TX-102834,CUST-1582,RECIP-6433,67.58,15,2,1115,1981,0,6,77.9,0,30.2,0,0,0.2081,0.1408,0
TX-102835,CUST-1815,RECIP-5913,204.93,12,4,1975,30,1,0,310.31,1,18.4,0,0,0.0196,0.2252,0
TX-102836,CUST-2448,RECIP-5537,51.18,18,4,275,346,0,8,24.37,1,2366.6,0,0,0.466,0.3602,0
TX-102837,CUST-2348,RECIP-8951,403.03,19,3,1034,1284,0,3,114.01,2,21.2,0,0,0.7336,0.1047,0
TX-102838,CUST-1323,RECIP-7764,76.41,9,4,923,1959,0,5,66.95,4,1.0,0,0,0.0963,0.1633,0
TX-102839,CUST-2457,RECIP-8109,220.74,22,0,2384,43,1,0,83.48,1,2146.9,0,0,0.2083,0.0257,0
TX-102840,CUST-1656,RECIP-5531,167.77,23,2,766,215,0,3,23.37,1,3.5,0,0,0.8687,0.1093,0
TX-102841,CUST-2057,RECIP-6535,29.89,17,6,2470,1809,0,2,258.83,0,1.1,0,0,0.0331,0.04,0
TX-102842,CUST-2146,RECIP-7793,33.5,22,5,2307,394,0,7,34.75,0,8.3,1,1,0.2372,0.3233,0
TX-102843,CUST-1724,RECIP-7375,187.77,2,5,1480,1666,0,6,139.89,0,2.8,0,0,0.1497,0.0761,0
TX-102844,CUST-1684,RECIP-8126,20.05,12,6,461,890,0,2,65.56,5,1.5,0,0,0.0483,0.2346,0
TX-102845,CUST-1684,RECIP-8012,105.53,15,4,578,1586,0,4,80.78,1,6.5,1,0,0.2418,0.5315,0
TX-102846,CUST-2293,RECIP-6860,53.77,22,4,72,1442,0,0,154.44,0,20.1,0,0,0.0808,0.41,1
TX-102847,CUST-1579,RECIP-8522,57.21,2,3,1944,1623,0,3,251.4,0,2.1,0,0,0.0511,0.0899,0
TX-102848,CUST-1419,RECIP-6168,136.72,19,5,1821,1536,0,4,36.75,1,2.5,0,0,0.1748,0.1857,0
TX-102849,CUST-1542,RECIP-5360,384.82,1,4,825,1079,0,4,73.0,2,6.6,0,0,0.4797,0.1585,0
TX-102850,CUST-1292,RECIP-9110,163.11,8,3,1836,533,0,5,122.59,0,17.4,0,0,0.295,0.0701,0
TX-102851,CUST-1587,RECIP-5101,206.3,16,0,1455,1908,0,3,96.21,1,6.0,1,0,0.4165,0.1031,0
TX-102852,CUST-1171,RECIP-6276,691.93,6,5,2046,425,0,2,188.19,0,1.8,0,0,0.2006,0.2232,0
TX-102853,CUST-1134,RECIP-5515,227.99,20,2,244,19,1,0,307.92,0,12.7,0,0,0.4783,0.4569,0
TX-102854,CUST-2085,RECIP-6043,62.81,22,2,521,605,0,1,60.29,2,12.4,0,0,0.0496,0.0158,0
TX-102855,CUST-1116,RECIP-6777,80.43,3,0,2024,874,0,2,53.1,2,7.7,1,1,0.5827,0.1798,0
TX-102856,CUST-1852,RECIP-5583,49.26,6,1,943,543,0,3,150.49,1,31.4,0,0,0.0075,0.0434,0
TX-102857,CUST-2169,RECIP-7100,306.11,1,0,2398,1643,0,4,40.78,0,17.8,0,0,0.1691,0.0566,0
TX-102858,CUST-2086,RECIP-9172,29.66,17,0,2205,36,1,0,142.06,0,8.7,0,0,0.1932,0.0592,0
TX-102859,CUST-1669,RECIP-5614,57.02,21,0,262,6,1,0,95.62,2,23.4,0,0,0.4149,0.0913,0
TX-102860,CUST-1290,RECIP-9169,28.24,14,2,1026,120,0,4,87.9,2,22.4,0,3,0.068,0.3065,0
TX-102861,CUST-2396,RECIP-6850,2155.99,3,5,1837,20,1,0,169.17,1,430.9,0,0,0.1118,0.2758,0
TX-102862,CUST-2252,RECIP-7666,28.96,4,6,366,1194,0,5,69.04,1,20.5,0,0,0.7511,0.0803,0
TX-102863,CUST-1918,RECIP-6987,39.67,0,1,2156,1705,0,6,1168.11,1,4.2,0,0,0.0024,0.0486,0
TX-102864,CUST-1130,RECIP-6424,63.46,11,2,272,31,1,0,79.65,0,15.5,0,2,0.209,0.0883,0
TX-102865,CUST-1052,RECIP-5490,102.84,17,5,300,1288,0,3,56.93,0,28.8,0,0,0.5266,0.087,0
TX-102866,CUST-1472,RECIP-7670,58.71,3,4,1372,1699,0,1,546.62,3,32.5,1,0,0.0345,0.0634,0
TX-102867,CUST-1236,RECIP-9124,90.4,20,6,639,812,0,2,97.55,1,18.0,0,0,0.0908,0.2745,0
TX-102868,CUST-2290,RECIP-7343,75.21,6,2,1608,1915,0,3,44.74,1,2.4,0,1,0.1596,0.1114,0
TX-102869,CUST-1308,RECIP-7696,189.87,12,1,997,1816,0,7,87.9,1,1535.1,0,0,0.0694,0.303,0
TX-102870,CUST-1423,RECIP-7896,127.84,16,1,698,20,1,0,391.18,0,19.4,0,0,0.1852,0.1755,0
TX-102871,CUST-2463,RECIP-6748,96.92,12,4,2096,1036,0,4,120.32,0,1.0,0,1,0.0512,0.0678,0
TX-102872,CUST-2227,RECIP-5542,5.78,11,0,423,240,0,4,49.91,0,21.6,0,2,0.3102,0.0829,0
TX-102873,CUST-1328,RECIP-7281,93.17,8,3,1248,1707,0,4,203.44,0,2.0,0,3,0.0247,0.4041,0
TX-102874,CUST-1575,RECIP-8910,42.27,10,2,446,867,0,7,159.82,1,40.2,0,0,0.0404,0.0714,0
TX-102875,CUST-1773,RECIP-6413,44.26,5,6,368,1636,0,1,156.58,0,29.0,0,0,0.1544,0.0793,0
TX-102876,CUST-1996,RECIP-8921,87.75,7,6,536,167,0,4,29.12,1,28.4,0,1,0.4447,0.3733,0
TX-102877,CUST-2404,RECIP-8844,335.7,18,3,663,247,0,5,45.09,1,2.0,0,0,0.1335,0.0613,0
TX-102878,CUST-2306,RECIP-6101,681.05,21,4,1047,736,0,3,31.16,4,26.2,0,0,0.1376,0.2244,0
TX-102879,CUST-2465,RECIP-7587,338.09,20,2,1184,1749,0,3,76.96,3,1.1,0,2,0.1794,0.0368,0
TX-102880,CUST-1060,RECIP-8363,77.85,7,5,372,119,0,6,297.6,0,7.6,0,0,0.0336,0.083,0
TX-102881,CUST-1354,RECIP-7227,534.44,7,2,126,375,0,2,24.61,0,28.2,0,1,0.1519,0.0857,0
TX-102882,CUST-1844,RECIP-8147,458.69,1,5,263,10,1,0,40.6,0,18.8,0,0,0.4654,0.1822,1
TX-102883,CUST-1073,RECIP-9098,97.54,6,6,1588,12,1,0,27.42,0,44.9,0,0,0.0009,0.1131,0
TX-102884,CUST-1533,RECIP-7822,11.73,14,1,2435,361,0,2,178.8,0,11.3,0,0,0.2802,0.1251,0
TX-102885,CUST-1230,RECIP-8770,35.28,6,1,92,1525,0,1,404.13,0,12.5,1,3,0.0297,0.1699,0
TX-102886,CUST-2399,RECIP-8604,8.22,17,2,115,1009,0,3,120.3,0,24.6,0,1,0.0621,0.0552,0
TX-102887,CUST-1094,RECIP-8657,53.71,1,5,1958,33,1,0,141.76,0,31.6,1,0,0.7013,0.1178,0
TX-102888,CUST-1222,RECIP-8835,97.49,9,4,1820,12,1,0,96.55,2,16.4,0,0,0.0619,0.2936,0
TX-102889,CUST-1292,RECIP-6015,13.73,6,1,1842,1846,0,6,86.61,1,3.7,0,0,0.8169,0.0918,0
TX-102890,CUST-1222,RECIP-5082,240.11,11,2,457,172,0,2,167.59,0,18.3,0,0,0.1574,0.0835,0
TX-102891,CUST-1852,RECIP-5689,110.23,0,4,2167,1225,0,4,50.05,0,28.3,1,0,0.2175,0.0037,0
TX-102892,CUST-1546,RECIP-6123,12.0,10,6,1570,944,0,7,160.41,1,1013.4,0,0,0.872,0.0248,0
TX-102893,CUST-2368,RECIP-8105,114.4,18,3,419,716,0,4,78.39,2,15.3,1,0,0.9619,0.1704,0
TX-102894,CUST-1391,RECIP-7294,12.66,20,0,315,1496,0,4,96.24,0,27.7,0,0,0.4443,0.1684,0
TX-102895,CUST-1805,RECIP-7108,890.13,6,0,1518,1210,0,2,65.15,0,1.8,0,0,0.0278,0.3241,0
TX-102896,CUST-1990,RECIP-5040,21.98,10,0,1954,921,0,8,20.32,3,0.6,0,0,0.071,0.2094,0
TX-102897,CUST-1938,RECIP-8076,31.89,16,0,1959,19,1,0,173.15,1,12.1,1,0,0.1751,0.0273,0
TX-102898,CUST-2194,RECIP-6639,54.93,11,2,1481,1174,0,4,90.66,1,2.7,0,0,0.6877,0.1148,0
TX-102899,CUST-1302,RECIP-8422,101.84,13,1,1303,37,1,0,94.23,1,8.1,0,4,0.4409,0.1804,0
TX-102900,CUST-1761,RECIP-5507,831.76,8,2,1747,711,0,7,410.78,0,6.8,0,0,0.0213,0.0292,0
TX-102901,CUST-2200,RECIP-6328,15.83,20,5,353,553,0,5,110.0,0,11.0,0,1,0.1647,0.1908,0
TX-102902,CUST-2294,RECIP-5246,97.93,15,3,931,635,0,2,56.52,2,5.7,0,0,0.7535,0.0551,0
TX-102903,CUST-1926,RECIP-6280,47.03,23,5,274,1010,0,1,31.0,1,2436.6,0,0,0.072,0.1936,0
TX-102904,CUST-1977,RECIP-9155,46.06,18,3,2101,410,0,4,77.62,2,49.3,0,0,0.0179,0.2749,0
TX-102905,CUST-2296,RECIP-7208,515.96,8,1,1526,16,1,0,134.51,0,4.3,0,0,0.0737,0.0538,0
TX-102906,CUST-1937,RECIP-6978,57.23,7,6,1949,1188,0,2,33.32,0,8.0,0,3,0.1457,0.1573,0
TX-102907,CUST-2423,RECIP-6230,61.59,2,3,1259,1283,0,2,222.13,0,3.4,1,0,0.8566,0.1011,0
TX-102908,CUST-1191,RECIP-6191,105.23,14,5,2326,1173,0,2,73.05,3,11.5,0,1,0.1734,0.0253,0
TX-102909,CUST-1521,RECIP-8002,153.71,17,0,2326,1800,0,3,86.76,0,34.8,0,0,0.0977,0.1028,0
TX-102910,CUST-1168,RECIP-9433,120.19,8,5,1552,1648,0,2,96.96,0,8.6,0,0,0.0214,0.0948,0
TX-102911,CUST-1135,RECIP-8360,6.61,0,5,2089,981,0,9,33.73,0,14.9,0,0,0.1518,0.1536,0
TX-102912,CUST-1707,RECIP-8316,63.64,19,1,1659,727,0,7,66.21,3,10.8,0,0,0.1682,0.2278,0
TX-102913,CUST-1338,RECIP-7124,57.98,5,5,1817,1897,0,1,133.37,0,3120.8,0,0,0.2345,0.2616,0
TX-102914,CUST-1610,RECIP-5443,23.74,13,5,640,1223,0,4,92.22,2,5.1,0,0,0.946,0.2683,0
TX-102915,CUST-1656,RECIP-8257,21.71,1,6,2456,1595,0,4,67.48,2,34.9,0,0,0.2846,0.4478,0
TX-102916,CUST-1931,RECIP-8639,301.09,1,1,485,330,0,8,76.31,3,1.2,0,0,0.5333,0.2472,0
TX-102917,CUST-2418,RECIP-7296,535.57,21,6,1745,3,1,0,148.28,1,3.2,0,0,0.6829,0.0856,0
TX-102918,CUST-2274,RECIP-5411,49.09,16,5,1528,573,0,5,281.24,2,1464.5,0,0,0.317,0.2162,0
TX-102919,CUST-1567,RECIP-8207,128.34,0,2,258,40,1,0,85.73,1,5.1,0,0,0.0748,0.358,1
TX-102920,CUST-1488,RECIP-9144,339.53,2,2,1943,1036,0,2,50.44,5,21.7,0,0,0.2169,0.0528,0
TX-102921,CUST-2156,RECIP-6012,1317.22,11,1,221,1995,0,4,619.21,0,24.8,0,0,0.1903,0.1546,0
TX-102922,CUST-1185,RECIP-5717,397.17,16,3,1288,263,0,2,210.57,3,23.5,0,0,0.006,0.101,0
TX-102923,CUST-1810,RECIP-8324,119.43,10,6,2045,1910,0,2,89.7,2,16.3,0,0,0.5613,0.0261,0
TX-102924,CUST-1634,RECIP-6493,189.98,20,5,339,1635,0,5,62.55,2,8.0,0,0,0.1301,0.1661,0
TX-102925,CUST-1274,RECIP-8218,69.66,15,1,920,5,1,0,356.63,0,3078.3,0,0,0.187,0.3689,0
TX-102926,CUST-1924,RECIP-8164,336.02,14,0,1285,3,1,0,51.95,2,36.9,0,0,0.05,0.0872,0
TX-102927,CUST-1481,RECIP-6199,575.03,6,0,2312,26,1,0,99.37,1,19.6,1,0,0.1557,0.351,1
TX-102928,CUST-1278,RECIP-5190,110.72,16,4,973,324,0,4,165.5,3,5.3,0,1,0.1853,0.3936,0
TX-102929,CUST-1979,RECIP-7501,21.88,20,2,322,1824,0,9,114.42,0,32.8,0,0,0.0639,0.1465,0
TX-102930,CUST-1261,RECIP-6834,595.71,1,5,354,1889,0,5,48.31,3,25.8,0,0,0.2403,0.0747,0
TX-102931,CUST-2009,RECIP-8848,81.39,17,5,521,11,1,0,73.11,3,2594.1,1,0,0.3889,0.3133,0
TX-102932,CUST-1243,RECIP-6610,2604.65,21,1,2170,8,1,0,97.83,1,11.0,1,0,0.1717,0.2653,0
TX-102933,CUST-1652,RECIP-6122,391.79,10,4,1939,23,1,0,41.08,1,16.0,0,0,0.2382,0.0527,0
TX-102934,CUST-2211,RECIP-8870,100.84,18,5,1061,1547,0,5,86.47,0,15.9,1,0,0.3301,0.0261,0
TX-102935,CUST-1342,RECIP-8311,173.91,8,6,2123,1528,0,4,296.94,5,26.4,0,0,0.1236,0.1145,0
TX-102936,CUST-2151,RECIP-7782,43.79,4,5,2298,19,1,0,382.91,2,6.0,0,1,0.8048,0.0983,0
TX-102937,CUST-2082,RECIP-9292,127.67,19,2,2171,209,0,3,83.58,0,2070.7,0,0,0.2468,0.0951,0
TX-102938,CUST-2353,RECIP-8523,116.6,7,6,41,31,1,0,94.19,1,51.3,0,0,0.0555,0.1731,0
TX-102939,CUST-1253,RECIP-8898,7.86,18,1,274,1623,0,4,84.7,1,9.9,0,0,0.7395,0.2036,0
TX-102940,CUST-2072,RECIP-8595,77.16,7,5,1821,1498,0,3,20.35,0,2.9,0,4,0.1847,0.0422,0
TX-102941,CUST-2405,RECIP-6806,17.8,9,2,973,469,0,6,138.5,1,3.1,0,0,0.2672,0.0578,0
TX-102942,CUST-2144,RECIP-5280,412.8,16,6,422,25,1,0,119.63,0,0.1,0,0,0.3099,0.0178,0
TX-102943,CUST-1281,RECIP-7732,46.41,8,5,1626,7,1,0,213.38,1,35.5,0,0,0.1724,0.1975,0
TX-102944,CUST-2233,RECIP-8442,54.3,19,4,908,2,1,0,217.76,3,0.3,0,0,0.0606,0.2066,0
TX-102945,CUST-1160,RECIP-9462,216.27,0,1,2299,787,0,6,156.08,1,1.6,1,1,0.1406,0.2505,0
TX-102946,CUST-1883,RECIP-8067,6.45,0,1,1454,863,0,5,157.54,1,0.1,1,0,0.1408,0.3571,0
TX-102947,CUST-1746,RECIP-7557,24.6,1,6,620,1495,0,5,45.17,0,1188.7,0,0,0.1398,0.0111,0
TX-102948,CUST-1796,RECIP-7590,366.0,6,5,2338,449,0,6,112.25,2,0.9,0,0,0.1554,0.1399,0
TX-102949,CUST-1779,RECIP-5517,83.88,1,3,1512,39,1,0,34.21,1,15.3,0,0,0.0424,0.0296,0
TX-102950,CUST-1047,RECIP-5033,186.4,9,6,761,778,0,7,73.74,1,2.0,0,0,0.1352,0.2402,0
TX-102951,CUST-1762,RECIP-5204,38.18,0,5,384,964,0,6,333.59,0,1132.6,0,0,0.4051,0.1596,0
TX-102952,CUST-2405,RECIP-9071,20.33,18,2,1400,1895,0,4,145.75,1,2.8,0,0,0.2615,0.0468,0
TX-102953,CUST-1655,RECIP-8556,42.72,3,5,1875,575,0,1,122.29,0,2.3,0,0,0.9293,0.0471,0
TX-102954,CUST-1415,RECIP-6170,58.51,23,5,2094,1818,0,4,95.75,2,14.5,0,1,0.1949,0.0997,0
TX-102955,CUST-2492,RECIP-6906,612.38,20,3,344,166,0,7,96.75,2,4.7,1,3,0.0828,0.2973,0
TX-102956,CUST-1148,RECIP-7176,26.89,16,0,1097,43,1,0,111.17,0,3.7,1,2,0.7959,0.1653,0
TX-102957,CUST-1729,RECIP-6110,19.29,19,5,2499,4,1,0,104.76,2,2021.4,0,0,0.0569,0.0915,0
TX-102958,CUST-1768,RECIP-6902,64.65,18,2,1662,1,1,0,161.42,1,10.0,0,0,0.1641,0.0725,0
TX-102959,CUST-1716,RECIP-6564,92.17,20,2,257,4,1,0,452.13,2,2792.8,1,0,0.0246,0.1252,1
TX-102960,CUST-2382,RECIP-8126,725.64,13,4,2295,42,1,0,291.1,1,6.2,0,0,0.1366,0.0877,0
TX-102961,CUST-1632,RECIP-8408,1218.72,14,5,1722,510,0,8,71.03,2,2.5,0,0,0.1067,0.0635,0
TX-102962,CUST-2459,RECIP-5442,528.54,11,0,1166,89,0,3,62.23,4,2.5,1,0,0.2407,0.126,1
TX-102963,CUST-1100,RECIP-7093,367.42,14,5,1949,150,0,3,66.61,4,8.1,0,0,0.8857,0.247,0
TX-102964,CUST-2100,RECIP-9460,71.53,9,2,1631,24,1,0,61.47,4,21.4,0,0,0.085,0.0946,0
TX-102965,CUST-1889,RECIP-8908,422.21,2,3,667,25,1,0,26.81,1,10.4,0,0,0.0119,0.2133,0
TX-102966,CUST-1360,RECIP-8571,598.2,22,6,1997,9,1,0,107.79,0,13.1,0,0,0.2648,0.3038,0
TX-102967,CUST-1341,RECIP-8307,130.55,16,1,659,2,1,0,72.91,1,30.7,0,0,0.0947,0.0129,0
TX-102968,CUST-2079,RECIP-5019,12.3,16,1,595,1528,0,5,97.19,0,2527.0,0,0,0.4603,0.1379,0
TX-102969,CUST-1956,RECIP-9383,213.84,6,6,1502,40,1,0,68.11,0,5.2,0,0,0.0159,0.1173,0
TX-102970,CUST-1916,RECIP-8308,3136.99,18,2,76,28,1,0,103.7,1,8.1,1,1,0.1863,0.2063,1
TX-102971,CUST-1076,RECIP-8998,133.24,12,6,1587,1463,0,4,60.49,1,786.5,0,0,0.1187,0.1666,0
TX-102972,CUST-1896,RECIP-9090,56.65,1,2,1389,1813,0,0,61.46,0,10.0,0,0,0.1997,0.1791,0
TX-102973,CUST-2472,RECIP-6145,40.95,22,4,1809,11,1,0,443.58,0,13.1,0,0,0.1509,0.0638,0
TX-102974,CUST-1025,RECIP-5062,251.12,23,3,423,996,0,4,39.59,0,8.1,0,0,0.3252,0.0755,0
TX-102975,CUST-1703,RECIP-7965,143.38,20,6,1463,448,0,5,1030.21,2,5.6,0,0,0.2017,0.192,0
TX-102976,CUST-1741,RECIP-7065,305.43,11,3,1120,1354,0,3,35.87,1,35.3,1,0,0.1004,0.2696,0
TX-102977,CUST-2345,RECIP-5092,67.8,5,3,460,818,0,6,53.24,0,3.4,0,0,0.1503,0.0889,0
TX-102978,CUST-1424,RECIP-6218,152.83,0,3,1146,358,0,4,38.53,1,1046.0,1,0,0.9231,0.1955,0
TX-102979,CUST-1713,RECIP-9459,28.6,17,2,2312,1766,0,3,74.12,3,22.9,0,4,0.0699,0.1115,0
TX-102980,CUST-2075,RECIP-6635,500.89,21,3,2065,12,1,0,7.82,0,10.7,0,1,0.6803,0.2373,1
TX-102981,CUST-1090,RECIP-6174,651.08,2,3,441,272,0,7,207.61,0,29.6,0,0,0.1419,0.0327,0
TX-102982,CUST-2201,RECIP-7945,88.47,16,5,2121,497,0,5,53.5,0,19.1,0,0,0.6864,0.0175,0
TX-102983,CUST-2233,RECIP-7991,12.59,0,0,1426,1503,0,6,125.97,1,3.3,0,0,0.0429,0.0383,0
TX-102984,CUST-2079,RECIP-6494,347.3,18,3,146,972,0,1,362.74,3,2812.9,0,0,0.2222,0.1769,0
TX-102985,CUST-1972,RECIP-8821,885.64,0,3,2302,1909,0,2,67.19,2,9.9,0,0,0.5918,0.1873,0
TX-102986,CUST-2121,RECIP-7611,62.51,23,5,1329,157,0,3,133.07,0,27.5,0,1,0.4415,0.1918,0
TX-102987,CUST-2172,RECIP-5722,61.69,4,4,2285,210,0,3,49.97,2,7.6,0,0,0.2358,0.1246,0
TX-102988,CUST-2355,RECIP-6462,61.95,9,3,273,1397,0,2,185.14,1,7.1,0,1,0.1301,0.3183,0
TX-102989,CUST-1642,RECIP-8815,66.17,16,0,444,706,0,1,128.86,3,31.3,0,0,0.1172,0.0612,0
TX-102990,CUST-1684,RECIP-5401,305.88,20,2,2257,1756,0,6,38.74,0,2.0,0,0,0.0188,0.0632,0
TX-102991,CUST-1956,RECIP-5055,157.8,8,1,619,1552,0,6,275.07,2,38.2,0,0,0.3671,0.1309,0
TX-102992,CUST-1289,RECIP-7954,27.77,23,1,1386,31,1,0,91.62,0,6.2,0,0,0.12,0.2913,0
TX-102993,CUST-2284,RECIP-6988,66.59,0,5,1516,1874,0,3,87.53,0,1276.3,1,0,0.0853,0.061,0
TX-102994,CUST-2155,RECIP-6137,1709.34,11,3,2372,1909,0,2,166.56,1,4.6,0,1,0.5202,0.1455,0
TX-102995,CUST-1946,RECIP-7124,44.92,23,5,862,538,0,4,215.11,1,6.0,0,0,0.8624,0.1891,0
TX-102996,CUST-1452,RECIP-5826,145.97,6,0,1891,21,1,0,45.77,0,15.2,0,2,0.0057,0.5137,1
TX-102997,CUST-1521,RECIP-6683,103.13,12,6,1835,1305,0,4,199.57,1,2472.9,0,2,0.4139,0.1653,0
TX-102998,CUST-1652,RECIP-6052,307.53,10,3,1761,3,1,0,102.41,0,8.4,0,0,0.3124,0.1179,0
TX-102999,CUST-1993,RECIP-7638,206.05,9,1,1320,24,1,0,82.7,0,75.3,0,0,0.0258,0.0448,0
TX-103000,CUST-2167,RECIP-8031,54.85,18,2,205,1938,0,4,61.18,1,2.2,0,0,0.2706,0.3039,0
TX-103001,CUST-2007,RECIP-9116,94.35,12,5,687,843,0,2,117.66,0,0.8,0,0,0.3167,0.0327,0
TX-103002,CUST-2394,RECIP-5304,38.76,17,4,1415,1972,0,4,34.45,1,0.0,0,0,0.3221,0.1993,0
TX-103003,CUST-2440,RECIP-6471,871.61,12,1,1045,1358,0,4,53.2,1,11.3,0,0,0.4851,0.047,0
TX-103004,CUST-2057,RECIP-6189,190.08,23,6,485,1486,0,2,28.16,0,17.6,1,0,0.3852,0.0266,0
TX-103005,CUST-1556,RECIP-7606,19.43,11,0,1737,1125,0,3,186.18,0,6.9,1,0,0.0975,0.0652,0
TX-103006,CUST-1898,RECIP-7399,69.45,19,1,1169,1401,0,2,112.67,1,8.4,0,0,0.3969,0.2598,0
TX-103007,CUST-1637,RECIP-8948,15.05,14,5,1969,1878,0,3,118.72,1,2.0,0,0,0.152,0.2659,0
TX-103008,CUST-1943,RECIP-9135,56.37,19,3,1384,1205,0,6,70.26,0,1.3,0,0,0.1705,0.3337,0
TX-103009,CUST-2218,RECIP-8478,97.94,21,3,942,1105,0,7,85.89,0,13.1,0,0,0.2848,0.2402,0
TX-103010,CUST-1553,RECIP-5895,232.29,5,6,298,30,1,0,86.14,1,11.2,0,0,0.2659,0.1737,0
TX-103011,CUST-1758,RECIP-5183,271.56,7,5,289,1062,0,2,128.21,0,7.6,0,0,0.0118,0.05,0
TX-103012,CUST-1068,RECIP-9046,19.95,7,6,1282,1735,0,6,31.49,1,5.7,0,0,0.6715,0.2537,0
TX-103013,CUST-2104,RECIP-9242,109.21,11,1,902,1358,0,7,106.76,2,20.0,0,0,0.0159,0.1672,0
TX-103014,CUST-1734,RECIP-6126,128.08,11,5,1803,1449,0,3,139.86,0,2.1,0,0,0.4859,0.1002,0
TX-103015,CUST-1689,RECIP-5209,98.91,0,1,1587,355,0,4,143.97,1,5.5,0,0,0.2046,0.3922,0
TX-103016,CUST-1798,RECIP-8062,17.2,21,5,732,1703,0,3,447.0,0,1024.7,0,1,0.1555,0.3814,0
TX-103017,CUST-1323,RECIP-7649,36.75,20,3,1906,22,1,0,121.43,3,9.8,0,0,0.3309,0.1466,0
TX-103018,CUST-1896,RECIP-8999,73.37,14,4,1427,23,1,0,191.19,1,3.8,0,0,0.1194,0.0406,0
TX-103019,CUST-2117,RECIP-7589,210.87,7,0,2202,158,0,3,203.21,1,7.7,0,0,0.2251,0.0629,0
TX-103020,CUST-1524,RECIP-8421,322.4,19,6,2384,1792,0,1,57.03,1,3.9,1,0,0.4074,0.3414,0
TX-103021,CUST-1196,RECIP-8538,48.8,6,1,2405,1276,0,3,180.09,0,2.4,0,0,0.574,0.0612,0
TX-103022,CUST-1580,RECIP-5044,67.32,7,4,343,29,1,0,23.57,0,1128.4,0,0,0.1889,0.0371,0
TX-103023,CUST-1297,RECIP-5667,14.9,23,1,1337,13,1,0,54.08,0,2067.6,1,1,0.4576,0.0611,0
TX-103024,CUST-1560,RECIP-8510,58.28,22,6,101,7,1,0,167.35,2,24.9,0,0,0.0306,0.3776,0
TX-103025,CUST-1940,RECIP-5807,136.61,14,2,2204,1688,0,4,42.95,2,1.7,0,0,0.1188,0.0493,0
TX-103026,CUST-1170,RECIP-5927,30.71,4,5,1765,637,0,2,225.03,0,30.1,0,0,0.2467,0.2341,0
TX-103027,CUST-2120,RECIP-8384,52.78,2,5,677,14,1,0,217.94,3,6.0,0,0,0.0757,0.2331,0
TX-103028,CUST-1336,RECIP-5920,46.92,23,3,1529,75,0,5,138.31,1,5.6,0,0,0.064,0.1758,0
TX-103029,CUST-2342,RECIP-5672,181.28,6,0,1412,899,0,3,124.56,0,2.5,0,2,0.1303,0.071,0
TX-103030,CUST-2098,RECIP-5060,74.99,16,1,1371,1124,0,5,84.03,0,16.9,0,0,0.9771,0.2581,0
TX-103031,CUST-1408,RECIP-7112,48.44,8,4,1362,31,1,0,115.12,1,77.5,0,0,0.703,0.1026,0
TX-103032,CUST-1844,RECIP-7865,478.3,11,3,2460,61,0,4,215.95,1,597.5,1,0,0.2265,0.2585,0
TX-103033,CUST-1166,RECIP-8292,1982.45,23,4,1928,648,0,3,238.43,1,54.5,0,0,0.7818,0.0632,0
TX-103034,CUST-1149,RECIP-9075,283.53,14,1,1024,40,1,0,108.21,3,23.0,0,0,0.0496,0.0717,0
TX-103035,CUST-2434,RECIP-7930,401.54,10,3,1939,27,1,0,36.79,2,36.0,0,0,0.0533,0.3252,0
TX-103036,CUST-2203,RECIP-8403,30.94,9,0,378,1401,0,2,80.8,1,10.9,0,0,0.0183,0.1307,0
TX-103037,CUST-1231,RECIP-5947,363.7,5,3,734,211,0,5,121.7,0,0.6,0,0,0.1779,0.0325,0
TX-103038,CUST-1424,RECIP-6531,99.27,13,0,319,1514,0,2,182.62,0,7.2,1,0,0.0694,0.0246,0
TX-103039,CUST-1296,RECIP-6367,48.65,13,4,2218,255,0,2,138.3,1,23.4,0,1,0.2053,0.1051,0
TX-103040,CUST-1592,RECIP-5292,178.67,2,3,88,40,1,0,264.23,1,1.9,0,0,0.035,0.1096,0
TX-103041,CUST-1436,RECIP-9360,110.93,9,5,2231,1648,0,4,60.17,3,470.9,0,0,0.1652,0.0257,0
TX-103042,CUST-1492,RECIP-6085,114.68,15,3,2085,1765,0,2,60.36,3,9.1,1,0,0.1312,0.06,0
TX-103043,CUST-1794,RECIP-7019,30.93,1,1,2372,1945,0,4,211.7,1,1770.5,0,0,0.2681,0.0553,0
TX-103044,CUST-1283,RECIP-6606,5.0,23,1,1921,42,1,0,50.49,3,2.1,0,1,0.247,0.0023,0
TX-103045,CUST-2324,RECIP-5200,136.61,20,5,1160,1009,0,5,46.07,2,274.4,0,0,0.1387,0.018,0
TX-103046,CUST-2091,RECIP-9065,271.84,15,6,2034,1808,0,1,104.62,0,4.1,0,2,0.1122,0.3909,0
TX-103047,CUST-2140,RECIP-5988,100.76,0,0,2468,25,1,0,176.34,0,1.5,0,0,0.2353,0.2162,0
TX-103048,CUST-1254,RECIP-5451,117.07,12,4,2234,1824,0,2,118.21,1,10.9,0,2,0.4878,0.0551,0
TX-103049,CUST-2062,RECIP-6540,134.09,21,3,1968,231,0,6,14.0,1,12.2,0,0,0.0136,0.1371,0
TX-103050,CUST-2254,RECIP-5646,35.23,0,1,1923,236,0,1,89.87,0,361.1,0,0,0.1483,0.3644,0
TX-103051,CUST-1262,RECIP-9497,75.24,19,3,1643,14,1,0,57.22,1,3362.5,0,1,0.2456,0.1262,0
TX-103052,CUST-2126,RECIP-5850,24.11,20,6,2232,19,1,0,244.48,1,7.0,0,0,0.5541,0.0539,1
TX-103053,CUST-1536,RECIP-6362,275.09,1,1,1097,1764,0,2,31.46,1,3126.1,0,0,0.1764,0.2166,0
TX-103054,CUST-2181,RECIP-6220,6.94,5,5,1266,462,0,3,153.19,0,8.1,0,0,0.3689,0.1573,0
TX-103055,CUST-1717,RECIP-5118,66.1,17,0,2110,10,1,0,100.9,0,2.5,0,0,0.0928,0.0676,0
TX-103056,CUST-2203,RECIP-5058,600.64,21,5,678,5,1,0,121.56,2,47.1,0,0,0.0274,0.1769,0
TX-103057,CUST-1221,RECIP-7308,149.66,18,0,1917,1767,0,6,181.29,1,21.1,0,0,0.825,0.1766,0
TX-103058,CUST-1583,RECIP-6047,25.44,12,0,302,911,0,1,85.4,2,0.4,0,1,0.2198,0.1906,0
TX-103059,CUST-1410,RECIP-5376,142.6,14,0,1476,3,1,0,107.13,1,993.2,1,0,0.1566,0.1811,0
TX-103060,CUST-1372,RECIP-6311,215.74,12,5,116,960,0,1,367.16,0,7.6,0,0,0.2656,0.1629,0
TX-103061,CUST-1462,RECIP-6233,106.91,13,4,2492,1200,0,3,211.25,0,11.6,0,0,0.6542,0.1005,0
TX-103062,CUST-1573,RECIP-6908,167.18,18,4,2109,36,1,0,200.17,2,20.3,1,0,0.1726,0.0994,0
TX-103063,CUST-1190,RECIP-9465,23.05,1,1,646,28,1,0,195.37,0,48.2,0,0,0.0934,0.2167,1
TX-103064,CUST-2060,RECIP-6381,41.62,5,6,401,1626,0,3,414.43,1,13.1,1,0,0.3604,0.0375,0
TX-103065,CUST-1825,RECIP-8170,129.18,1,5,1615,157,0,4,154.02,3,3094.1,0,0,0.3195,0.5982,0
TX-103066,CUST-2243,RECIP-8458,62.55,19,3,2256,1653,0,3,109.42,1,4.3,0,0,0.0226,0.1786,0
TX-103067,CUST-2057,RECIP-5227,564.16,17,6,823,1382,0,7,160.49,1,1.8,0,0,0.0978,0.1641,0
TX-103068,CUST-1223,RECIP-7255,29.21,1,1,2404,173,0,3,65.68,1,21.1,0,0,0.7375,0.1544,1
TX-103069,CUST-1104,RECIP-7019,415.55,2,2,1160,1611,0,4,188.13,2,2978.6,0,2,0.3194,0.1522,0
TX-103070,CUST-1634,RECIP-7284,99.67,6,0,1121,1021,0,1,215.36,2,819.5,0,0,0.085,0.0666,0
TX-103071,CUST-1721,RECIP-5772,1280.81,5,1,867,102,0,2,77.85,2,7.0,1,1,0.0142,0.1097,0
TX-103072,CUST-1360,RECIP-7092,101.22,12,5,698,218,0,6,90.52,2,5.8,0,0,0.5571,0.1681,0
TX-103073,CUST-2173,RECIP-5553,251.07,11,2,856,34,1,0,129.78,0,1.6,1,1,0.0373,0.197,0
TX-103074,CUST-1872,RECIP-9256,25.7,8,4,457,849,0,2,62.04,2,2.8,0,0,0.079,0.1384,0
TX-103075,CUST-2121,RECIP-7641,66.34,3,6,960,1072,0,5,45.93,2,0.0,0,0,0.901,0.1192,0
TX-103076,CUST-1163,RECIP-5155,110.51,15,5,745,526,0,2,83.32,3,23.4,1,1,0.0522,0.1333,0
TX-103077,CUST-2222,RECIP-7275,790.15,18,2,169,19,1,0,105.39,2,15.1,0,0,0.2034,0.1043,0
TX-103078,CUST-1309,RECIP-9168,661.2,15,2,925,120,0,2,164.33,2,15.2,0,1,0.0335,0.2465,0
TX-103079,CUST-1672,RECIP-8342,1229.75,19,0,128,1948,0,3,151.34,0,20.1,0,0,0.955,0.1566,0
TX-103080,CUST-1659,RECIP-6228,142.85,21,5,477,40,1,0,96.47,1,10.2,0,0,0.3975,0.0851,0
TX-103081,CUST-2230,RECIP-9015,46.41,20,6,1820,272,0,8,153.55,0,2.5,0,0,0.0306,0.3537,0
TX-103082,CUST-1415,RECIP-5834,94.09,15,3,92,1014,0,6,67.34,1,28.0,0,0,0.0156,0.1147,0
TX-103083,CUST-1361,RECIP-6110,87.89,1,3,797,1536,0,5,32.21,1,2.8,0,0,0.3026,0.1377,0
TX-103084,CUST-1509,RECIP-5697,128.26,8,5,1719,1342,0,4,85.71,1,2.8,0,0,0.0949,0.3417,0
TX-103085,CUST-1541,RECIP-9153,48.57,10,2,82,1599,0,5,120.11,2,1.7,1,0,0.2477,0.302,0
TX-103086,CUST-1272,RECIP-8226,154.61,17,2,1851,5,1,0,64.54,3,8.8,0,1,0.1322,0.0425,0
TX-103087,CUST-1264,RECIP-7330,134.67,20,6,231,1761,0,1,33.25,0,0.2,1,0,0.2864,0.1369,0
TX-103088,CUST-1347,RECIP-8005,27.66,15,2,166,1542,0,6,52.07,1,0.9,0,1,0.5017,0.1156,0
TX-103089,CUST-1701,RECIP-6164,79.91,8,6,513,18,1,0,40.37,0,7.8,0,0,0.0676,0.0882,0
TX-103090,CUST-1515,RECIP-5317,50.2,18,1,2155,1033,0,1,35.79,0,20.4,0,0,0.2498,0.2201,0
TX-103091,CUST-1588,RECIP-8806,846.82,16,3,149,1946,0,3,104.03,0,7.0,0,0,0.0281,0.035,0
TX-103092,CUST-2078,RECIP-9338,367.92,19,3,273,1469,0,4,243.19,4,22.4,1,0,0.1867,0.3744,0
TX-103093,CUST-1361,RECIP-5159,265.68,14,2,2366,1654,0,4,102.82,0,10.9,0,0,0.7279,0.2044,0
TX-103094,CUST-2364,RECIP-5232,52.1,15,6,1536,1456,0,4,241.04,0,6.5,0,0,0.132,0.2416,0
TX-103095,CUST-2127,RECIP-7517,684.12,8,3,1433,1238,0,6,14.11,2,5.4,0,0,0.0352,0.3111,0
TX-103096,CUST-1262,RECIP-5193,61.69,9,6,129,709,0,2,115.61,3,2.4,0,0,0.579,0.0515,0
TX-103097,CUST-1470,RECIP-8247,41.23,6,1,1003,189,0,7,152.12,2,23.6,0,2,0.7754,0.2879,0
TX-103098,CUST-1275,RECIP-9254,1089.58,6,2,1453,645,0,7,56.24,2,15.1,0,1,0.234,0.4249,0
TX-103099,CUST-1409,RECIP-6259,187.64,15,3,1345,525,0,4,51.32,0,7.9,0,0,0.2325,0.3437,0
TX-103100,CUST-1548,RECIP-6324,37.95,9,3,1317,1465,0,5,76.42,0,6.4,0,1,0.0016,0.4457,0
TX-103101,CUST-1196,RECIP-8885,58.86,3,1,308,732,0,2,194.79,3,2.1,1,1,0.2414,0.1884,0
TX-103102,CUST-1021,RECIP-6602,212.39,0,2,2472,746,0,5,41.23,2,8.6,0,0,0.0817,0.0649,0
TX-103103,CUST-1658,RECIP-6081,64.65,20,4,1763,42,1,0,53.84,1,14.8,0,0,0.4416,0.1767,0
TX-103104,CUST-2051,RECIP-5379,81.66,10,1,626,22,1,0,37.32,0,34.8,0,0,0.0663,0.0308,0
TX-103105,CUST-1454,RECIP-8779,572.64,13,5,2424,1,1,0,156.71,3,3.9,0,0,0.2012,0.0445,0
TX-103106,CUST-2290,RECIP-9166,43.57,21,3,774,743,0,3,58.86,4,286.2,0,0,0.248,0.1241,0
TX-103107,CUST-1553,RECIP-5353,53.99,2,6,352,1884,0,6,92.51,1,23.2,0,0,0.0837,0.3144,0
TX-103108,CUST-2351,RECIP-8613,1953.08,22,1,2235,1913,0,3,142.38,2,25.3,1,0,0.2033,0.15,0
TX-103109,CUST-1353,RECIP-5719,152.38,16,5,406,879,0,3,68.58,2,11.9,0,0,0.0304,0.0963,0
TX-103110,CUST-1809,RECIP-5624,156.99,15,3,180,2,1,0,33.15,1,34.2,0,0,0.1511,0.3561,0
TX-103111,CUST-2144,RECIP-6714,492.07,10,0,1582,1838,0,1,145.43,3,5.3,0,0,0.734,0.0652,0
TX-103112,CUST-1088,RECIP-6965,170.34,16,4,682,14,1,0,153.68,1,11.4,0,0,0.2222,0.0989,0
TX-103113,CUST-2395,RECIP-8843,387.86,4,1,405,1797,0,2,331.53,3,29.5,0,0,0.3136,0.09,0
TX-103114,CUST-1547,RECIP-8148,19.25,7,0,282,13,1,0,125.61,2,6.3,0,0,0.4342,0.2698,0
TX-103115,CUST-1746,RECIP-5650,155.56,23,3,341,29,1,0,105.2,0,29.2,0,0,0.0759,0.2251,0
TX-103116,CUST-1942,RECIP-7628,75.59,6,5,2403,17,1,0,122.59,1,13.1,0,0,0.2042,0.1392,0
TX-103117,CUST-1964,RECIP-8939,159.42,17,1,1686,524,0,1,86.85,1,7.0,0,0,0.0883,0.1388,0
TX-103118,CUST-1035,RECIP-7979,8.05,22,4,2111,28,1,0,97.13,1,52.7,0,0,0.2409,0.2444,0
TX-103119,CUST-2300,RECIP-6033,18.73,14,0,1558,1611,0,2,63.53,4,21.9,1,1,0.6653,0.0097,0
TX-103120,CUST-1935,RECIP-5579,86.08,7,1,1372,444,0,1,121.47,0,5.2,0,0,0.2102,0.0666,0
TX-103121,CUST-2498,RECIP-7036,206.37,20,5,567,1350,0,2,123.17,3,17.1,0,0,0.2412,0.1647,0
TX-103122,CUST-1707,RECIP-7124,21.55,19,0,2419,36,1,0,87.96,0,1461.0,0,0,0.4291,0.2689,0
TX-103123,CUST-1920,RECIP-6587,49.47,13,2,2063,492,0,4,49.11,3,39.0,0,0,0.2764,0.067,0
TX-103124,CUST-1661,RECIP-5491,134.22,2,3,1334,1,1,0,32.71,1,4.2,0,2,0.298,0.0288,0
TX-103125,CUST-2334,RECIP-5531,81.41,10,0,289,1576,0,3,66.7,2,1572.4,1,0,0.0459,0.0401,0
TX-103126,CUST-2248,RECIP-7380,282.62,10,6,1907,72,0,1,61.67,4,0.3,0,2,0.0755,0.1747,0
TX-103127,CUST-2362,RECIP-9249,317.52,4,3,851,674,0,5,73.96,0,1.3,0,1,0.3866,0.035,0
TX-103128,CUST-1756,RECIP-7690,28.41,9,2,546,17,1,0,70.44,1,5.8,0,0,0.192,0.0593,0
TX-103129,CUST-2187,RECIP-6971,82.45,3,6,1855,1228,0,2,360.24,1,23.7,0,0,0.0447,0.4458,0
TX-103130,CUST-1538,RECIP-9190,50.87,16,3,2097,1770,0,2,74.26,0,24.2,0,0,0.7131,0.0381,0
TX-103131,CUST-1691,RECIP-8106,364.89,10,4,1546,20,1,0,36.59,0,30.7,0,0,0.0476,0.1506,1
TX-103132,CUST-2140,RECIP-8230,243.78,17,0,212,828,0,6,100.82,1,9.2,0,0,0.1592,0.1357,0
TX-103133,CUST-1121,RECIP-7588,32.4,10,1,1512,524,0,5,74.75,3,9.9,0,2,0.0643,0.0775,0
TX-103134,CUST-2065,RECIP-8432,411.91,17,0,2299,668,0,4,401.05,1,3.9,0,2,0.1323,0.0954,0
TX-103135,CUST-1023,RECIP-7257,21.14,17,3,1725,167,0,3,124.35,1,26.0,0,2,0.2513,0.3029,0
TX-103136,CUST-1870,RECIP-7799,54.55,3,5,685,36,1,0,194.91,0,2027.5,0,1,0.0248,0.2433,0
TX-103137,CUST-1715,RECIP-7774,27.43,10,6,1626,21,1,0,101.75,0,12.8,0,0,0.5016,0.1756,0
TX-103138,CUST-1703,RECIP-8386,55.11,17,4,645,95,0,3,114.9,0,11.7,0,0,0.3571,0.1485,0
TX-103139,CUST-1741,RECIP-9042,7.73,14,0,2189,1473,0,4,66.67,1,16.6,0,1,0.2825,0.0611,0
TX-103140,CUST-1737,RECIP-6324,89.85,5,4,2119,8,1,0,95.82,1,5.9,0,0,0.1437,0.0427,0
TX-103141,CUST-1611,RECIP-8146,13.66,19,4,1434,666,0,6,50.54,0,18.5,0,0,0.3037,0.1934,0
TX-103142,CUST-1677,RECIP-5142,53.03,4,4,364,1549,0,3,71.59,1,1915.0,0,1,0.139,0.3062,0
TX-103143,CUST-1852,RECIP-7396,321.27,23,5,1021,17,1,0,126.02,1,31.2,0,0,0.0688,0.0653,0
TX-103144,CUST-2145,RECIP-9044,107.6,16,3,328,11,1,0,132.82,1,5.8,0,0,0.0422,0.153,0
TX-103145,CUST-1828,RECIP-7903,1050.01,7,4,1922,1032,0,8,117.22,3,5.1,0,0,0.8487,0.106,0
TX-103146,CUST-1963,RECIP-6204,295.59,4,3,1711,1223,0,7,62.91,1,1.5,0,0,0.2624,0.1237,0
TX-103147,CUST-2254,RECIP-7728,287.16,21,1,670,1642,0,1,524.48,0,22.1,0,0,0.4066,0.047,0
TX-103148,CUST-2484,RECIP-6609,49.22,12,0,2144,27,1,0,92.77,0,4.8,0,0,0.1437,0.115,0
TX-103149,CUST-1162,RECIP-6949,66.52,19,6,1906,1404,0,5,119.36,3,18.7,0,0,0.2981,0.1771,0
TX-103150,CUST-2069,RECIP-6026,161.37,19,3,2342,1711,0,2,256.48,0,3.7,0,2,0.3656,0.0414,0
TX-103151,CUST-1337,RECIP-7811,51.93,1,2,721,589,0,3,49.48,1,0.2,0,0,0.068,0.0551,0
TX-103152,CUST-1295,RECIP-5892,91.49,16,2,461,1625,0,3,86.99,2,6.3,0,1,0.2187,0.1839,0
TX-103153,CUST-2189,RECIP-6996,312.68,8,0,1216,21,1,0,394.15,0,28.8,0,0,0.2781,0.0676,0
TX-103154,CUST-1103,RECIP-9226,105.32,21,6,684,1243,0,1,140.2,0,20.5,0,1,0.0126,0.2757,0
TX-103155,CUST-2271,RECIP-8409,18.3,5,0,1855,690,0,2,180.58,0,0.3,0,2,0.1336,0.1228,0
TX-103156,CUST-2155,RECIP-6864,192.98,0,1,1080,32,1,0,75.22,0,2565.6,0,0,0.1217,0.1019,0
TX-103157,CUST-2492,RECIP-9360,56.61,15,3,1580,343,0,5,73.15,0,25.8,0,0,0.2523,0.3847,0
TX-103158,CUST-2001,RECIP-5062,50.48,13,2,454,1630,0,4,44.36,1,16.7,1,0,0.895,0.0259,0
TX-103159,CUST-2309,RECIP-9319,1300.35,13,0,241,13,1,0,446.19,2,18.8,1,0,0.2205,0.1354,0
TX-103160,CUST-1177,RECIP-6584,106.23,6,2,2345,19,1,0,71.05,0,34.2,0,0,0.7622,0.0797,0
TX-103161,CUST-2334,RECIP-8693,906.5,11,5,1133,1645,0,8,36.16,1,55.2,1,1,0.3886,0.0805,0
TX-103162,CUST-1240,RECIP-9263,39.58,23,1,374,246,0,2,240.43,3,2730.0,0,0,0.2201,0.0244,0
TX-103163,CUST-1471,RECIP-7707,43.22,18,6,2035,1673,0,3,60.37,2,19.3,0,0,0.3181,0.3071,0
TX-103164,CUST-1192,RECIP-7747,53.53,23,2,357,837,0,2,168.85,1,11.2,0,1,0.3892,0.0256,0
TX-103165,CUST-1602,RECIP-8371,80.83,7,0,2492,21,1,0,164.95,1,4.9,0,0,0.5504,0.0783,0
TX-103166,CUST-2123,RECIP-6078,64.79,20,0,983,1672,0,8,216.55,0,9.0,0,2,0.2997,0.0644,0
TX-103167,CUST-1402,RECIP-5801,30.31,9,5,1182,1709,0,3,34.95,1,4.6,0,0,0.1067,0.2277,0
TX-103168,CUST-2233,RECIP-6546,254.16,22,2,670,27,1,0,131.89,4,754.0,0,0,0.004,0.2131,0
TX-103169,CUST-1909,RECIP-7155,100.64,20,6,242,28,1,0,44.06,0,2782.2,1,0,0.1008,0.0882,1
TX-103170,CUST-1943,RECIP-8342,228.38,3,5,1039,443,0,3,103.98,1,11.9,0,0,0.2318,0.0247,0
TX-103171,CUST-2408,RECIP-6157,128.72,23,0,934,1441,0,5,189.34,1,3.3,0,0,0.1555,0.1319,0
TX-103172,CUST-1647,RECIP-7541,1504.7,14,2,1136,1424,0,2,27.52,1,20.6,1,0,0.4713,0.3845,0
TX-103173,CUST-1516,RECIP-5015,106.52,18,5,1240,1768,0,6,71.54,3,3.2,1,0,0.77,0.2175,0
TX-103174,CUST-2491,RECIP-5139,266.15,13,0,1587,17,1,0,48.93,2,18.6,0,1,0.2284,0.1175,0
TX-103175,CUST-1835,RECIP-9350,376.83,5,6,211,11,1,0,112.29,2,4.9,0,0,0.1293,0.0876,0
TX-103176,CUST-1921,RECIP-8826,25.13,23,1,925,928,0,4,43.03,0,4.0,0,0,0.6521,0.1219,0
TX-103177,CUST-1444,RECIP-8887,404.42,2,5,2164,1344,0,3,166.02,1,7.5,0,0,0.2467,0.191,0
TX-103178,CUST-1323,RECIP-6479,30.32,19,5,2380,3,1,0,82.6,1,12.6,0,1,0.1015,0.2151,0
TX-103179,CUST-1254,RECIP-7311,60.52,5,3,1360,658,0,5,95.54,1,19.4,0,0,0.1237,0.3891,0
TX-103180,CUST-1335,RECIP-8036,65.01,18,5,934,564,0,5,118.2,0,25.0,0,0,0.1293,0.1459,0
TX-103181,CUST-1292,RECIP-6143,1336.52,10,6,1057,36,1,0,12.25,1,43.0,0,0,0.0692,0.2869,1
TX-103182,CUST-2120,RECIP-8350,525.6,5,5,1962,1984,0,6,44.65,1,17.1,0,0,0.8753,0.2625,0
TX-103183,CUST-1086,RECIP-8118,15.67,5,4,1011,641,0,4,297.09,0,9.4,0,0,0.1495,0.2292,0
TX-103184,CUST-1944,RECIP-6832,16.63,7,2,2363,186,0,3,39.52,0,2558.8,0,0,0.3404,0.3238,0
TX-103185,CUST-2423,RECIP-6956,48.04,21,2,99,25,1,0,45.1,1,69.1,0,0,0.1595,0.5635,0
TX-103186,CUST-2148,RECIP-6383,31.06,18,6,1526,90,0,3,75.93,1,41.1,0,0,0.9439,0.124,0
TX-103187,CUST-1604,RECIP-8615,17.3,16,1,1311,21,1,0,178.67,0,8.0,0,0,0.7241,0.177,1
TX-103188,CUST-1089,RECIP-9441,62.56,15,2,1145,1081,0,4,35.17,0,503.1,0,0,0.0286,0.232,0
TX-103189,CUST-2251,RECIP-9497,117.01,10,3,1204,777,0,1,81.59,2,20.0,0,0,0.2373,0.0604,0
TX-103190,CUST-1004,RECIP-8471,83.41,21,2,422,155,0,6,248.6,1,19.2,0,1,0.3626,0.4329,0
TX-103191,CUST-2021,RECIP-6570,48.99,6,2,884,741,0,3,126.23,2,14.9,0,0,0.0594,0.1462,0
TX-103192,CUST-2006,RECIP-8514,91.65,22,4,902,1368,0,2,47.32,0,7.1,0,3,0.2002,0.1617,0
TX-103193,CUST-1287,RECIP-6099,13.55,9,2,1656,1515,0,1,216.16,1,23.4,0,0,0.0147,0.2261,0
TX-103194,CUST-2109,RECIP-9034,196.31,8,6,1507,1519,0,4,77.51,1,7.7,0,0,0.2024,0.2293,0
TX-103195,CUST-1263,RECIP-6203,90.67,11,1,1045,43,1,0,140.3,0,269.3,1,0,0.3238,0.0633,0
TX-103196,CUST-1338,RECIP-6812,134.74,17,2,1307,6,1,0,55.34,0,29.0,0,0,0.1997,0.2875,0
TX-103197,CUST-2217,RECIP-5420,98.05,17,5,1442,695,0,2,208.83,0,0.6,0,0,0.7845,0.1383,0
TX-103198,CUST-2468,RECIP-5366,107.48,18,3,146,1322,0,4,77.7,1,1550.2,0,0,0.945,0.1468,0
TX-103199,CUST-1397,RECIP-6773,55.88,2,4,2216,78,0,1,117.64,2,7.2,0,0,0.2276,0.0308,0
TX-103200,CUST-2382,RECIP-7475,412.26,3,4,2234,854,0,6,25.27,0,10.9,0,0,0.0838,0.0727,1
TX-103201,CUST-2369,RECIP-5078,175.86,20,2,928,13,1,0,305.83,1,144.3,0,0,0.1599,0.0296,0
TX-103202,CUST-2154,RECIP-8807,72.54,23,5,1909,1354,0,6,265.16,2,5.9,0,1,0.0025,0.2755,0
TX-103203,CUST-1210,RECIP-5514,224.04,3,1,1012,21,1,0,41.01,0,21.3,0,0,0.2085,0.1886,0
TX-103204,CUST-1449,RECIP-9492,279.81,21,5,197,641,0,4,314.35,1,56.7,0,0,0.2903,0.1212,0
TX-103205,CUST-2016,RECIP-6222,420.81,6,0,2168,1116,0,7,36.42,1,3.0,0,0,0.0093,0.0672,0
TX-103206,CUST-2498,RECIP-6705,219.19,23,4,691,1328,0,2,38.54,1,7.3,0,0,0.1661,0.0963,0
TX-103207,CUST-2221,RECIP-5719,464.52,23,0,914,839,0,6,85.12,1,0.2,0,0,0.1315,0.0879,0
TX-103208,CUST-1630,RECIP-8709,97.54,15,6,1452,1790,0,2,114.32,5,3.4,0,0,0.2424,0.4518,0
TX-103209,CUST-1352,RECIP-8294,255.25,4,4,1115,1962,0,4,193.77,3,0.4,1,0,0.0889,0.0488,0
TX-103210,CUST-2440,RECIP-5353,30.15,18,0,686,1236,0,6,93.06,0,292.8,0,2,0.1921,0.0457,0
TX-103211,CUST-1414,RECIP-5475,217.93,2,0,2008,5,1,0,44.89,2,11.2,0,3,0.2149,0.1904,0
TX-103212,CUST-1513,RECIP-7741,113.91,8,1,909,1070,0,4,222.4,1,43.2,0,0,0.014,0.2051,0
TX-103213,CUST-2446,RECIP-8896,178.46,15,6,1491,201,0,3,87.36,2,2.0,0,0,0.0746,0.1354,0
TX-103214,CUST-1842,RECIP-5494,362.57,1,4,1673,858,0,3,161.0,1,4.2,0,0,0.0697,0.0552,0
TX-103215,CUST-1396,RECIP-5995,33.66,9,1,2336,1630,0,5,203.64,2,33.9,0,2,0.1037,0.249,0
TX-103216,CUST-1008,RECIP-7454,450.41,19,1,1212,1404,0,3,65.54,1,1.8,0,0,0.2114,0.2471,0
TX-103217,CUST-1644,RECIP-5488,192.45,2,0,1192,163,0,5,82.59,0,16.5,0,0,0.0716,0.1722,0
TX-103218,CUST-2479,RECIP-6370,126.04,8,1,2285,328,0,6,162.35,3,5.6,0,0,0.1396,0.0365,0
TX-103219,CUST-1648,RECIP-5045,24.35,0,5,1213,1684,0,5,205.41,1,3.0,0,0,0.1165,0.021,0
TX-103220,CUST-2049,RECIP-7246,46.96,15,4,765,1485,0,5,63.11,2,4.1,0,0,0.0617,0.1097,0
TX-103221,CUST-1379,RECIP-8218,256.6,1,2,136,22,1,0,97.31,0,18.2,0,0,0.0794,0.0961,0
TX-103222,CUST-2163,RECIP-6853,91.41,6,0,832,1887,0,3,35.25,0,471.9,0,0,0.0783,0.1022,0
TX-103223,CUST-2163,RECIP-6154,332.38,12,2,517,179,0,5,73.6,3,8.5,0,0,0.046,0.0759,0
TX-103224,CUST-1912,RECIP-6909,226.72,5,2,782,41,1,0,303.26,2,1.6,0,0,0.7636,0.3177,0
TX-103225,CUST-2157,RECIP-7292,40.21,5,0,1363,1956,0,1,25.28,0,1506.6,0,0,0.159,0.1351,0
TX-103226,CUST-1868,RECIP-5745,88.22,20,4,1326,908,0,3,389.3,3,27.9,0,0,0.0973,0.1122,0
TX-103227,CUST-1567,RECIP-5502,81.79,18,4,492,19,1,0,396.82,1,2.5,0,0,0.2127,0.2173,0
TX-103228,CUST-2106,RECIP-5818,245.33,1,6,1176,472,0,7,40.68,0,10.8,0,1,0.6958,0.0902,0
TX-103229,CUST-2252,RECIP-9433,99.96,20,2,1150,44,1,0,45.34,1,4.2,0,0,0.1382,0.1352,0
TX-103230,CUST-2261,RECIP-8253,86.44,11,1,135,1467,0,5,100.98,0,3.9,0,0,0.0533,0.0837,0
TX-103231,CUST-1319,RECIP-5564,150.62,3,5,729,875,0,1,73.5,2,2.6,0,1,0.3999,0.1681,0
TX-103232,CUST-2014,RECIP-6356,68.93,21,2,1815,515,0,2,220.71,2,16.5,0,0,0.1645,0.3386,0
TX-103233,CUST-1006,RECIP-6853,225.6,8,4,81,955,0,5,178.69,1,15.7,0,0,0.3407,0.072,0
TX-103234,CUST-1857,RECIP-5815,111.52,7,5,773,936,0,3,94.15,3,18.6,0,0,0.3075,0.0787,0
TX-103235,CUST-1856,RECIP-8832,362.99,3,6,1203,13,1,0,37.17,0,650.2,0,0,0.0088,0.1128,0
TX-103236,CUST-1545,RECIP-9232,219.69,21,2,441,1688,0,4,81.7,2,0.6,0,0,0.1783,0.0393,0
TX-103237,CUST-2491,RECIP-6101,115.59,6,4,1626,775,0,6,674.61,0,3.3,0,0,0.6861,0.0984,0
TX-103238,CUST-2324,RECIP-5074,464.77,14,0,1797,281,0,4,119.06,1,8.4,1,0,0.8498,0.105,0
TX-103239,CUST-1057,RECIP-6201,49.33,5,5,865,1599,0,5,295.66,2,2123.7,0,0,0.2495,0.0939,0
TX-103240,CUST-1313,RECIP-7621,111.95,21,0,598,31,1,0,133.34,0,23.5,0,0,0.6933,0.1011,1
TX-103241,CUST-1311,RECIP-8638,107.63,18,4,1948,44,1,0,370.78,1,9.3,0,0,0.2112,0.0364,0
TX-103242,CUST-2346,RECIP-6527,145.98,12,1,561,22,1,0,95.97,0,3113.1,0,0,0.5845,0.1752,0
TX-103243,CUST-1778,RECIP-6230,50.95,8,3,390,1010,0,5,250.61,0,4.8,0,0,0.0574,0.041,0
TX-103244,CUST-2093,RECIP-6119,107.88,15,0,111,1366,0,4,209.35,1,13.4,1,0,0.4314,0.1605,0
TX-103245,CUST-2214,RECIP-5012,49.19,11,4,255,575,0,4,107.74,2,19.8,0,0,0.1363,0.2015,0
TX-103246,CUST-2151,RECIP-5063,19.56,22,3,2182,405,0,6,108.07,0,23.0,0,0,0.2436,0.0306,0
TX-103247,CUST-1133,RECIP-6925,78.93,16,4,2339,43,1,0,33.56,1,5.4,0,0,0.1273,0.2061,0
TX-103248,CUST-1210,RECIP-7778,124.84,0,2,1378,165,0,3,76.02,2,26.4,0,0,0.1972,0.1212,0
TX-103249,CUST-1592,RECIP-5056,29.96,19,0,2306,24,1,0,655.36,2,13.1,0,0,0.3313,0.2281,0
TX-103250,CUST-1507,RECIP-5901,62.88,4,4,1776,1,1,0,389.24,4,23.2,0,0,0.0325,0.0944,0
TX-103251,CUST-2120,RECIP-9094,167.55,7,4,1034,736,0,5,94.96,1,29.8,0,0,0.1228,0.0872,0
TX-103252,CUST-1234,RECIP-9455,193.32,10,4,1791,25,1,0,53.49,0,9.0,0,1,0.1817,0.095,0
TX-103253,CUST-1557,RECIP-7888,1827.89,5,1,1067,4,1,0,256.47,0,11.8,0,0,0.1016,0.1041,0
TX-103254,CUST-1354,RECIP-7347,30.34,22,5,2405,1492,0,1,126.21,2,1.1,0,0,0.1586,0.0207,0
TX-103255,CUST-1283,RECIP-7623,1096.21,23,3,2132,1499,0,8,145.25,0,7.2,1,0,0.0785,0.3017,0
TX-103256,CUST-1259,RECIP-6667,17.12,3,1,2116,305,0,4,81.01,1,4.0,0,0,0.0297,0.0259,0
TX-103257,CUST-1293,RECIP-5907,74.53,7,0,1340,37,1,0,311.86,1,23.8,0,0,0.0629,0.0659,0
TX-103258,CUST-1846,RECIP-6691,7.22,8,2,1310,21,1,0,123.44,1,1.7,0,0,0.3186,0.1805,0
TX-103259,CUST-1615,RECIP-8149,30.59,16,0,319,42,1,0,162.54,0,2.8,0,0,0.2991,0.008,0
TX-103260,CUST-1652,RECIP-7981,34.5,14,5,1642,27,1,0,46.08,1,2.6,0,1,0.3266,0.1043,0
TX-103261,CUST-1719,RECIP-8047,364.58,16,0,313,996,0,3,56.53,1,3.9,0,0,0.2877,0.1313,0
TX-103262,CUST-2111,RECIP-7739,580.4,0,0,1364,11,1,0,42.89,0,2.3,0,0,0.2226,0.0211,0
TX-103263,CUST-2292,RECIP-5272,653.53,12,1,353,736,0,4,141.58,2,4.0,0,0,0.8014,0.1681,0
TX-103264,CUST-1789,RECIP-7819,377.2,5,2,1205,41,1,0,107.55,2,2.6,0,0,0.4179,0.16,0
TX-103265,CUST-1963,RECIP-8963,5.33,5,0,1958,1235,0,1,37.11,5,4.3,0,2,0.0402,0.2022,0
TX-103266,CUST-2107,RECIP-7920,37.28,18,4,791,38,1,0,127.61,0,7.1,1,0,0.3291,0.0254,0
TX-103267,CUST-2035,RECIP-7607,12.1,3,0,1516,7,1,0,110.76,3,16.7,0,2,0.5277,0.2545,0
TX-103268,CUST-1201,RECIP-6007,43.24,0,5,672,28,1,0,24.71,1,2.4,0,0,0.2621,0.1231,0
TX-103269,CUST-2474,RECIP-8566,63.33,11,3,770,248,0,5,58.2,0,9.2,0,0,0.0557,0.1738,0
TX-103270,CUST-1247,RECIP-7032,113.87,17,0,481,1913,0,1,120.3,0,4.6,0,0,0.3821,0.1472,0
TX-103271,CUST-1617,RECIP-6183,73.01,12,2,430,1251,0,6,46.05,2,1.0,0,0,0.2042,0.1971,0
TX-103272,CUST-1978,RECIP-7204,54.46,3,0,948,564,0,6,82.02,0,31.8,0,0,0.2041,0.478,0
TX-103273,CUST-1605,RECIP-5549,427.72,18,6,334,128,0,2,56.91,1,23.6,0,1,0.637,0.3562,0
TX-103274,CUST-1364,RECIP-9168,77.19,9,4,2232,1902,0,9,30.43,1,6.6,0,1,0.2267,0.0632,0
TX-103275,CUST-2385,RECIP-8161,298.8,17,5,1861,143,0,3,20.32,0,9.2,0,0,0.3469,0.0383,1
TX-103276,CUST-1107,RECIP-6469,190.41,4,2,577,413,0,2,41.05,4,54.9,0,1,0.203,0.119,0
TX-103277,CUST-1368,RECIP-8572,43.36,21,1,2218,1775,0,3,441.31,0,954.8,0,0,0.0339,0.2511,0
TX-103278,CUST-2489,RECIP-5243,62.48,6,1,932,715,0,3,39.24,0,0.8,0,0,0.4065,0.0597,0
TX-103279,CUST-2094,RECIP-6737,777.95,23,2,1341,1748,0,3,87.22,2,1517.5,0,4,0.1685,0.1321,0
TX-103280,CUST-1130,RECIP-7931,46.55,9,5,1756,1127,0,2,94.49,0,27.1,0,0,0.525,0.1234,0
TX-103281,CUST-2131,RECIP-5106,184.39,17,3,1938,25,1,0,425.53,4,5.4,0,0,0.1427,0.1911,0
TX-103282,CUST-2454,RECIP-8189,266.44,12,6,49,17,1,0,21.0,1,18.5,1,0,0.3853,0.1989,1
TX-103283,CUST-1146,RECIP-8682,92.48,1,2,729,34,1,0,57.82,0,3.6,0,0,0.0746,0.1531,0
TX-103284,CUST-1621,RECIP-7673,44.13,2,1,861,734,0,5,123.12,1,3.5,0,0,0.8487,0.0863,0
TX-103285,CUST-1702,RECIP-5927,11.45,9,3,1476,725,0,1,90.08,2,28.6,0,3,0.0439,0.2419,0
TX-103286,CUST-1196,RECIP-8370,175.35,4,0,2184,1481,0,10,71.66,1,2.0,0,1,0.355,0.2439,0
TX-103287,CUST-1300,RECIP-6525,115.8,14,4,1111,731,0,3,149.01,3,61.6,0,1,0.1007,0.1366,0
TX-103288,CUST-1260,RECIP-8311,40.59,3,0,1174,1768,0,5,20.11,2,1140.7,0,0,0.08,0.1505,0
TX-103289,CUST-1278,RECIP-7827,163.69,14,4,246,1458,0,3,78.56,2,11.8,0,2,0.6222,0.1075,0
TX-103290,CUST-1605,RECIP-5420,105.06,4,2,1329,25,1,0,63.67,0,26.5,0,1,0.0732,0.1006,0
TX-103291,CUST-1695,RECIP-5449,38.51,4,2,1233,20,1,0,189.45,3,2.0,0,0,0.1,0.1702,0
TX-103292,CUST-1356,RECIP-5068,18.76,8,4,1602,1509,0,4,19.85,0,13.8,0,0,0.3045,0.1307,0
TX-103293,CUST-1434,RECIP-5323,56.16,13,4,2121,747,0,4,82.39,2,3.4,0,0,0.0446,0.0878,0
TX-103294,CUST-1288,RECIP-6348,434.76,9,6,1430,1471,0,4,85.09,2,49.3,1,0,0.1176,0.1734,0
TX-103295,CUST-2194,RECIP-5115,189.64,8,2,157,878,0,4,69.91,1,9.7,0,0,0.2991,0.1579,0
TX-103296,CUST-1317,RECIP-9223,137.54,8,5,2048,38,1,0,61.78,0,16.6,0,0,0.1558,0.0555,0
TX-103297,CUST-2361,RECIP-9124,144.45,8,5,1208,495,0,5,86.63,0,1.8,0,0,0.2176,0.245,0
TX-103298,CUST-1808,RECIP-5776,35.44,9,6,1231,1797,0,4,218.09,0,15.8,0,0,0.1207,0.1355,0
TX-103299,CUST-2204,RECIP-6401,53.09,20,6,2186,1472,0,1,155.71,4,46.7,0,1,0.9795,0.3051,0
TX-103300,CUST-1954,RECIP-8339,96.77,13,5,1486,155,0,5,55.72,1,3498.5,0,0,0.3185,0.0838,0
TX-103301,CUST-1399,RECIP-7972,84.24,10,2,1981,18,1,0,55.41,3,18.2,1,0,0.0486,0.0364,0
TX-103302,CUST-1902,RECIP-7617,256.04,17,4,2203,1185,0,4,42.0,0,20.2,0,0,0.1722,0.0376,0
TX-103303,CUST-1411,RECIP-9451,26.43,12,5,1248,42,1,0,202.52,0,9.5,1,0,0.0665,0.0433,0
TX-103304,CUST-1177,RECIP-7834,82.38,22,2,2456,655,0,6,60.58,1,37.8,0,0,0.1942,0.334,0
TX-103305,CUST-1382,RECIP-8012,52.34,13,5,453,1431,0,4,37.65,1,8.6,0,0,0.0199,0.4076,0
TX-103306,CUST-1413,RECIP-7259,66.34,5,4,2182,588,0,5,100.76,1,28.5,0,0,0.3914,0.2717,0
TX-103307,CUST-1202,RECIP-7362,72.59,13,3,2125,363,0,4,115.71,0,17.0,0,0,0.1306,0.1958,0
TX-103308,CUST-1035,RECIP-6309,419.8,18,6,276,11,1,0,75.84,0,5.6,0,0,0.0389,0.2891,0
TX-103309,CUST-2415,RECIP-7344,54.65,5,0,408,1777,0,3,101.72,1,21.3,0,0,0.2361,0.0128,0
TX-103310,CUST-1770,RECIP-9131,153.82,4,4,121,1335,0,2,82.14,3,51.8,0,0,0.1101,0.1467,0
TX-103311,CUST-1603,RECIP-6696,28.11,14,5,713,1659,0,4,136.4,0,4.4,0,0,0.2727,0.0611,0
TX-103312,CUST-2394,RECIP-5599,412.72,21,0,2478,42,1,0,114.21,1,19.2,0,1,0.0747,0.101,0
TX-103313,CUST-1337,RECIP-7699,622.17,8,2,336,1191,0,5,57.62,3,403.2,0,0,0.0477,0.0558,0
TX-103314,CUST-1604,RECIP-8533,58.55,12,3,113,624,0,3,151.44,1,5.4,0,1,0.0037,0.2474,0
TX-103315,CUST-2270,RECIP-9314,22.68,15,1,1163,32,1,0,49.08,0,22.3,1,0,0.1712,0.085,0
TX-103316,CUST-1948,RECIP-7439,13.45,15,6,903,1447,0,4,41.62,1,15.2,0,0,0.6456,0.2567,0
TX-103317,CUST-1598,RECIP-8546,110.17,3,4,1584,384,0,5,105.64,1,22.9,0,0,0.095,0.1685,0
TX-103318,CUST-1383,RECIP-6127,64.72,9,1,1528,1756,0,5,123.59,1,12.1,0,0,0.3777,0.1695,0
TX-103319,CUST-1052,RECIP-6909,421.44,23,3,2072,238,0,3,177.3,0,3209.6,0,0,0.1764,0.0987,0
TX-103320,CUST-1127,RECIP-6885,124.63,21,0,1054,1955,0,1,373.63,1,19.7,0,0,0.0426,0.3959,0
TX-103321,CUST-1242,RECIP-6496,42.6,18,0,1169,959,0,4,23.58,3,45.9,0,0,0.2656,0.167,0
TX-103322,CUST-2179,RECIP-8222,245.35,0,5,85,35,1,0,60.08,1,13.1,0,0,0.0393,0.1209,0
TX-103323,CUST-1958,RECIP-8975,9.03,10,6,2427,575,0,5,102.44,0,2.9,1,0,0.3836,0.0988,0
TX-103324,CUST-1650,RECIP-6469,87.39,1,1,556,1374,0,5,331.53,2,4.7,1,0,0.2195,0.3363,0
TX-103325,CUST-2174,RECIP-5611,98.55,7,1,1501,24,1,0,69.34,0,31.8,0,0,0.1344,0.0562,0
TX-103326,CUST-1241,RECIP-8714,155.28,20,4,2205,982,0,5,27.25,2,2451.0,0,2,0.1272,0.2377,1
TX-103327,CUST-1316,RECIP-8823,49.75,9,3,1522,905,0,2,41.06,3,12.8,0,2,0.1448,0.116,0
TX-103328,CUST-1589,RECIP-9207,76.31,4,0,1574,1764,0,4,80.2,1,3.6,0,0,0.0589,0.5068,0
TX-103329,CUST-2376,RECIP-6147,50.87,17,4,462,937,0,1,125.03,0,2001.3,0,0,0.1459,0.2163,0
TX-103330,CUST-1921,RECIP-8235,157.31,18,1,1781,42,1,0,486.38,5,13.0,0,0,0.7538,0.111,0
TX-103331,CUST-2276,RECIP-8220,204.32,15,0,499,9,1,0,57.04,1,23.0,0,0,0.0778,0.2237,0
TX-103332,CUST-1372,RECIP-8555,35.56,19,3,1738,1616,0,3,139.05,0,4.6,0,0,0.2137,0.043,0
TX-103333,CUST-2272,RECIP-8627,199.68,16,5,1454,1180,0,2,203.1,0,5.6,0,1,0.0422,0.0972,0
TX-103334,CUST-1108,RECIP-9286,24.05,15,3,1239,81,0,7,60.5,0,78.5,0,0,0.0968,0.0876,0
TX-103335,CUST-1341,RECIP-7146,68.31,21,4,1810,811,0,3,324.93,1,17.0,0,0,0.0279,0.2556,0
TX-103336,CUST-1784,RECIP-5341,240.17,7,1,1807,1956,0,3,59.96,1,0.3,0,1,0.5485,0.3059,0
TX-103337,CUST-1075,RECIP-5865,53.83,10,3,535,1967,0,6,42.6,6,18.7,0,0,0.0451,0.2835,0
TX-103338,CUST-2287,RECIP-8989,52.87,13,4,957,7,1,0,294.2,0,15.5,0,0,0.1375,0.5279,0
TX-103339,CUST-2301,RECIP-8801,111.35,16,3,1225,957,0,4,89.45,1,6.1,0,0,0.0133,0.1183,0
TX-103340,CUST-1812,RECIP-5049,5.0,11,1,404,1727,0,3,39.89,3,33.7,0,0,0.4769,0.0333,0
TX-103341,CUST-1458,RECIP-6653,41.44,10,6,909,1184,0,5,66.54,1,0.9,0,1,0.3022,0.2198,0
TX-103342,CUST-1148,RECIP-6103,58.6,3,0,132,176,0,3,53.95,1,283.0,0,3,0.0211,0.0669,0
TX-103343,CUST-1928,RECIP-6443,70.36,15,6,1113,801,0,3,60.86,1,5.0,0,0,0.012,0.1439,0
TX-103344,CUST-1806,RECIP-7874,1309.73,2,5,538,21,1,0,105.47,1,21.9,0,0,0.0461,0.0012,0
TX-103345,CUST-2139,RECIP-7295,85.96,11,0,578,13,1,0,71.16,3,12.3,0,0,0.222,0.105,0
TX-103346,CUST-1903,RECIP-7164,344.88,9,1,2051,39,1,0,432.4,1,1.2,0,0,0.8598,0.1353,0
TX-103347,CUST-1192,RECIP-6957,616.01,18,2,377,1565,0,5,70.42,0,0.7,0,3,0.9406,0.0372,0
TX-103348,CUST-1182,RECIP-7887,80.11,11,6,328,532,0,5,82.24,0,15.9,0,0,0.2789,0.053,0
TX-103349,CUST-2171,RECIP-8073,43.6,0,3,821,1279,0,6,279.73,1,8.1,0,0,0.0123,0.1479,0
TX-103350,CUST-1238,RECIP-5195,2282.56,12,1,88,643,0,4,234.45,1,1.9,0,1,0.021,0.3055,0
TX-103351,CUST-2407,RECIP-5617,67.63,5,6,2176,541,0,3,162.0,3,2608.9,0,2,0.9137,0.2256,1
TX-103352,CUST-1158,RECIP-6535,44.63,9,0,2467,1427,0,4,68.27,0,3.4,0,0,0.0145,0.1715,0
TX-103353,CUST-2092,RECIP-6960,219.05,7,5,2018,1888,0,4,271.81,1,39.6,0,0,0.1288,0.206,0
TX-103354,CUST-2462,RECIP-9482,91.71,3,5,2004,42,1,0,68.93,2,3.6,0,0,0.1619,0.0974,1
TX-103355,CUST-1661,RECIP-9012,229.1,22,2,281,1052,0,6,41.49,1,82.1,0,0,0.3035,0.0589,0
TX-103356,CUST-1085,RECIP-7919,41.27,6,0,1399,5,1,0,58.9,0,52.8,0,3,0.0508,0.3216,0
TX-103357,CUST-2315,RECIP-5162,66.01,12,6,246,33,1,0,167.81,1,490.2,0,0,0.0645,0.1208,0
TX-103358,CUST-1280,RECIP-5453,227.75,19,6,772,1840,0,4,75.67,2,1.2,0,0,0.1779,0.1916,0
TX-103359,CUST-1791,RECIP-7058,7.91,8,2,1247,77,0,3,107.14,0,12.9,0,0,0.0478,0.1474,0
TX-103360,CUST-2476,RECIP-7641,53.8,22,1,1713,1637,0,4,44.15,0,14.5,0,3,0.2205,0.283,0
TX-103361,CUST-2117,RECIP-7972,273.84,9,1,715,1064,0,5,170.9,2,5.5,0,0,0.3871,0.1915,0
TX-103362,CUST-1069,RECIP-5638,68.35,22,0,662,5,1,0,52.96,1,29.3,0,0,0.2772,0.0155,0
TX-103363,CUST-2230,RECIP-8994,292.72,10,4,2063,30,1,0,47.51,2,20.9,0,0,0.0868,0.104,0
TX-103364,CUST-1241,RECIP-7219,39.92,0,3,583,1068,0,2,78.63,2,26.9,0,0,0.0173,0.1706,0
TX-103365,CUST-2124,RECIP-7672,117.93,20,2,1230,1395,0,7,34.67,1,27.6,0,0,0.0689,0.3779,0
TX-103366,CUST-1931,RECIP-5176,65.07,20,4,738,1966,0,6,46.14,0,3.0,1,0,0.8239,0.087,1
TX-103367,CUST-1431,RECIP-8710,14.88,23,4,2136,281,0,5,47.98,1,776.3,0,0,0.8577,0.2411,0
TX-103368,CUST-1635,RECIP-7443,62.44,2,0,1351,1499,0,9,109.61,1,4.0,0,0,0.2408,0.2613,0
TX-103369,CUST-1176,RECIP-6002,54.09,20,2,297,40,1,0,54.05,1,593.5,0,0,0.448,0.1055,0
TX-103370,CUST-2480,RECIP-6434,44.36,8,6,395,429,0,7,115.42,2,3.1,0,0,0.2158,0.3536,0
TX-103371,CUST-1357,RECIP-6587,440.85,20,5,2426,89,0,5,81.72,1,3.3,0,0,0.6798,0.2231,0
TX-103372,CUST-1463,RECIP-5121,420.88,23,5,2352,1287,0,3,64.71,0,0.3,1,0,0.7497,0.3024,0
TX-103373,CUST-1754,RECIP-9239,42.56,4,6,1924,775,0,7,232.8,2,51.4,0,0,0.007,0.2731,0
TX-103374,CUST-2008,RECIP-8613,129.05,8,0,221,668,0,6,26.82,1,7.6,0,0,0.0299,0.1441,0
TX-103375,CUST-1757,RECIP-8986,78.39,6,1,1837,519,0,3,146.26,0,10.8,0,0,0.7852,0.3057,0
TX-103376,CUST-1757,RECIP-6591,1459.53,7,3,1662,1116,0,2,39.36,0,11.8,0,0,0.3031,0.2728,0
TX-103377,CUST-1873,RECIP-7510,606.07,14,3,2352,40,1,0,50.02,0,4.4,0,0,0.1801,0.1759,1
TX-103378,CUST-2286,RECIP-7062,493.16,9,5,1231,204,0,6,66.66,2,9.8,0,0,0.1394,0.086,0
TX-103379,CUST-1592,RECIP-7139,50.24,15,5,1191,140,0,4,77.6,0,1.9,0,0,0.1052,0.2214,0
TX-103380,CUST-2248,RECIP-7650,1964.69,16,4,1592,563,0,2,88.48,0,7.0,0,0,0.1313,0.0593,0
TX-103381,CUST-2180,RECIP-7029,330.13,4,1,397,1257,0,4,99.61,1,2603.7,0,0,0.95,0.0802,0
TX-103382,CUST-2441,RECIP-8479,65.44,1,4,1871,1084,0,0,62.71,4,14.1,0,0,0.2066,0.1866,0
TX-103383,CUST-2369,RECIP-5264,273.9,17,5,1257,1499,0,3,15.41,1,1.5,1,4,0.8127,0.2082,0
TX-103384,CUST-2197,RECIP-5866,93.16,4,5,494,1221,0,4,53.03,2,5.3,0,0,0.1573,0.1086,0
TX-103385,CUST-1370,RECIP-9015,21.98,4,4,2043,626,0,6,170.98,1,51.0,0,0,0.1231,0.229,0
TX-103386,CUST-2161,RECIP-8970,800.79,14,0,683,3,1,0,139.26,2,0.3,0,2,0.2599,0.2676,1
TX-103387,CUST-2104,RECIP-8681,13.46,6,1,2153,1198,0,5,142.48,0,28.8,0,1,0.017,0.2423,0
TX-103388,CUST-1434,RECIP-6659,19.84,4,5,703,1260,0,5,75.79,2,0.6,0,0,0.116,0.5254,0
TX-103389,CUST-2016,RECIP-7053,53.64,7,6,1236,17,1,0,130.9,0,14.8,0,0,0.1288,0.2911,0
TX-103390,CUST-1379,RECIP-5113,247.11,12,5,1108,880,0,4,64.1,1,26.8,0,0,0.0043,0.1462,0
TX-103391,CUST-1784,RECIP-6257,171.65,20,2,1838,1986,0,5,68.94,1,1.6,0,0,0.5208,0.0761,0
TX-103392,CUST-2195,RECIP-8268,723.23,23,4,489,815,0,7,58.64,1,1869.0,0,1,0.2054,0.2577,0
TX-103393,CUST-1282,RECIP-6543,273.05,17,1,639,1635,0,6,187.07,2,8.0,0,0,0.0223,0.3216,0
TX-103394,CUST-1505,RECIP-7161,108.66,21,4,505,222,0,6,13.08,0,23.0,0,0,0.0112,0.1352,0
TX-103395,CUST-2192,RECIP-5554,341.93,12,1,599,1895,0,2,99.16,0,5.3,0,0,0.0547,0.0371,0
TX-103396,CUST-1680,RECIP-7233,66.11,9,5,1148,23,1,0,99.11,1,9.9,0,1,0.0564,0.2379,0
TX-103397,CUST-2440,RECIP-8248,102.75,19,5,1478,1659,0,7,105.41,1,1.2,0,0,0.8304,0.0997,0
TX-103398,CUST-1011,RECIP-7574,52.58,7,0,2163,679,0,3,84.98,0,35.2,0,0,0.1318,0.0411,0
TX-103399,CUST-2082,RECIP-7505,293.14,19,6,1071,1335,0,8,228.29,1,17.5,0,0,0.2743,0.0408,0
TX-103400,CUST-2221,RECIP-9115,60.73,23,5,1042,1525,0,2,93.18,1,22.2,1,3,0.3499,0.0528,0
TX-103401,CUST-2376,RECIP-6053,20.95,9,2,427,42,1,0,77.05,2,1.4,0,0,0.3315,0.2225,0
TX-103402,CUST-1235,RECIP-6347,20.76,15,3,274,1319,0,1,147.26,0,5.2,1,4,0.551,0.2439,0
TX-103403,CUST-2476,RECIP-7803,26.3,18,0,1910,1724,0,2,27.43,1,18.0,0,0,0.8469,0.1813,0
TX-103404,CUST-1588,RECIP-7160,1990.29,18,6,1593,1704,0,4,52.36,2,11.1,0,0,0.2971,0.4425,1
TX-103405,CUST-1528,RECIP-9406,74.83,4,0,1344,44,1,0,199.47,3,45.6,0,0,0.3636,0.1954,0
TX-103406,CUST-1533,RECIP-5268,91.96,23,6,1126,1793,0,2,111.35,1,7.3,0,0,0.2376,0.0279,0
TX-103407,CUST-1957,RECIP-5550,137.68,12,4,1315,607,0,0,31.66,1,16.9,0,0,0.0342,0.2235,0
TX-103408,CUST-1988,RECIP-6538,156.78,1,6,2118,1396,0,2,646.47,2,2.9,0,0,0.1389,0.1907,0
TX-103409,CUST-1710,RECIP-7063,62.56,2,2,497,582,0,4,79.99,0,13.4,1,0,0.6665,0.1048,0
TX-103410,CUST-1106,RECIP-9007,80.03,17,6,1262,1733,0,6,50.99,0,2.3,0,0,0.2945,0.0683,0
TX-103411,CUST-2479,RECIP-7223,53.93,10,2,625,1077,0,5,30.94,0,17.1,0,0,0.064,0.233,0
TX-103412,CUST-1333,RECIP-6967,1225.62,2,2,289,27,1,0,249.99,1,6.5,0,2,0.2347,0.1877,0
TX-103413,CUST-1140,RECIP-5750,79.63,12,2,1740,609,0,1,44.87,1,10.4,0,0,0.386,0.2702,0
TX-103414,CUST-1896,RECIP-6954,33.82,14,6,1771,655,0,0,67.73,0,4.4,0,0,0.0343,0.0635,0
TX-103415,CUST-1618,RECIP-7392,98.69,1,3,2134,11,1,0,115.99,1,6.5,0,2,0.9538,0.4996,1
TX-103416,CUST-1923,RECIP-7627,187.32,8,3,82,1814,0,3,20.11,1,1.6,0,0,0.1419,0.1052,0
TX-103417,CUST-2313,RECIP-7726,621.14,11,4,467,41,1,0,167.66,1,11.6,0,0,0.054,0.2388,0
TX-103418,CUST-1145,RECIP-6933,24.49,18,3,1449,810,0,2,46.23,1,17.2,0,0,0.3064,0.0136,0
TX-103419,CUST-1426,RECIP-5708,21.65,15,3,2036,357,0,3,203.57,1,7.3,0,0,0.5026,0.4252,0
TX-103420,CUST-1774,RECIP-5687,18.49,2,2,2351,1294,0,6,112.26,2,44.3,0,0,0.4244,0.0362,0
TX-103421,CUST-2181,RECIP-5696,44.46,14,1,1976,1,1,0,213.88,0,21.8,0,0,0.185,0.0827,0
TX-103422,CUST-1900,RECIP-7783,72.48,21,6,2265,26,1,0,105.88,1,0.7,0,0,0.0265,0.2033,0
TX-103423,CUST-1574,RECIP-8853,54.35,1,3,2042,1132,0,3,196.18,2,25.7,0,0,0.161,0.0092,0
TX-103424,CUST-1915,RECIP-8974,18.33,23,6,809,1796,0,3,127.97,1,1812.1,0,0,0.2727,0.2102,0
TX-103425,CUST-2469,RECIP-6401,433.35,2,3,1466,13,1,0,87.0,1,9.2,0,0,0.1188,0.022,1
TX-103426,CUST-1720,RECIP-5358,11.52,14,4,1599,1409,0,3,117.47,1,4.9,0,0,0.084,0.0314,0
TX-103427,CUST-2325,RECIP-7836,629.45,8,3,899,1197,0,6,9.81,2,2.4,0,2,0.2502,0.1536,0
TX-103428,CUST-2169,RECIP-5172,167.1,17,6,2217,410,0,3,60.54,2,23.0,0,0,0.1394,0.0838,0
TX-103429,CUST-1451,RECIP-7820,432.17,20,0,1934,27,1,0,220.92,0,20.0,0,0,0.6561,0.079,1
TX-103430,CUST-1374,RECIP-6723,30.15,20,3,1306,37,1,0,34.91,1,461.7,0,0,0.0586,0.0726,0
TX-103431,CUST-2155,RECIP-8776,60.59,20,1,1215,1851,0,5,58.8,0,7.0,0,0,0.0207,0.0966,0
TX-103432,CUST-1311,RECIP-7814,71.48,19,6,1987,152,0,3,29.17,1,0.6,0,0,0.803,0.0239,0
TX-103433,CUST-1505,RECIP-8329,54.69,7,3,578,795,0,3,24.1,1,2017.8,0,0,0.1818,0.0944,0
TX-103434,CUST-1353,RECIP-6825,117.29,11,6,569,2,1,0,67.93,1,66.4,0,0,0.0475,0.2058,0
TX-103435,CUST-1909,RECIP-8782,118.91,17,1,1023,333,0,4,123.51,0,7.4,0,0,0.2201,0.0899,0
TX-103436,CUST-1441,RECIP-7363,33.79,4,1,344,745,0,2,73.26,2,13.6,0,0,0.0589,0.1114,0
TX-103437,CUST-1987,RECIP-7813,722.88,13,4,1160,13,1,0,35.05,2,50.0,1,0,0.0566,0.2333,1
TX-103438,CUST-2402,RECIP-6622,26.42,12,1,1098,535,0,3,37.05,2,5.1,0,1,0.0421,0.1483,0
TX-103439,CUST-2244,RECIP-7022,154.54,23,2,1278,910,0,9,43.43,0,18.5,0,0,0.7765,0.0628,0
TX-103440,CUST-2421,RECIP-8780,118.5,1,2,1170,1502,0,4,71.58,1,6.1,0,0,0.044,0.0948,0
TX-103441,CUST-1036,RECIP-6771,122.09,2,1,2246,1116,0,7,43.76,0,1955.8,1,0,0.5704,0.0493,0
TX-103442,CUST-1683,RECIP-5096,5.85,0,0,708,1114,0,8,203.58,1,5.8,0,3,0.2737,0.0405,0
TX-103443,CUST-1330,RECIP-6705,73.32,13,4,1045,1226,0,6,52.25,2,14.0,1,0,0.1545,0.2622,0
TX-103444,CUST-2376,RECIP-6763,73.92,13,5,1853,4,1,0,61.93,2,20.5,0,2,0.4152,0.4892,0
TX-103445,CUST-2067,RECIP-6882,1202.25,14,2,733,202,0,0,132.79,1,16.7,0,0,0.0041,0.3019,0
TX-103446,CUST-1480,RECIP-5317,20.82,5,1,1651,27,1,0,19.42,1,1.1,0,0,0.1569,0.0105,1
TX-103447,CUST-1845,RECIP-5581,128.41,7,1,2406,40,1,0,278.16,0,27.3,0,0,0.2415,0.1608,0
TX-103448,CUST-1908,RECIP-6458,221.95,10,4,957,1759,0,4,166.19,0,2204.4,0,0,0.0348,0.1045,0
TX-103449,CUST-1743,RECIP-6907,187.59,1,5,627,712,0,2,162.82,1,0.3,1,0,0.2597,0.044,0
TX-103450,CUST-1711,RECIP-5130,760.77,18,3,499,1581,0,3,51.27,2,15.4,0,0,0.0126,0.1054,0
TX-103451,CUST-1082,RECIP-6752,334.07,1,3,57,10,1,0,46.74,1,14.3,0,0,0.1707,0.4695,1
TX-103452,CUST-1678,RECIP-6440,241.72,16,4,731,19,1,0,56.52,1,3292.9,1,2,0.1802,0.1003,1
TX-103453,CUST-1522,RECIP-5155,335.89,10,6,2129,31,1,0,66.71,0,2.8,0,0,0.0225,0.1919,0
TX-103454,CUST-2227,RECIP-6126,112.26,23,6,659,44,1,0,231.12,2,9.6,0,0,0.4307,0.0845,0
TX-103455,CUST-2297,RECIP-6238,269.26,16,1,2387,38,1,0,20.71,0,28.6,0,0,0.1263,0.1142,0
TX-103456,CUST-2125,RECIP-5645,547.71,11,3,2383,1921,0,2,237.87,1,5.2,0,0,0.0451,0.4012,0
TX-103457,CUST-1046,RECIP-8383,45.88,16,6,1714,1986,0,3,76.25,0,9.6,0,2,0.1517,0.0387,0
TX-103458,CUST-2261,RECIP-5325,35.03,2,4,2452,117,0,5,200.74,1,413.7,0,0,0.2416,0.0695,0
TX-103459,CUST-1594,RECIP-7600,29.18,4,5,1036,29,1,0,119.59,2,2.5,0,0,0.1546,0.0617,0
TX-103460,CUST-1624,RECIP-7994,22.04,11,6,2392,974,0,3,144.8,4,80.6,0,0,0.0061,0.079,0
TX-103461,CUST-2417,RECIP-8627,92.65,20,0,1373,12,1,0,183.3,0,66.9,0,2,0.2001,0.3403,0
TX-103462,CUST-2300,RECIP-7455,44.4,19,4,229,21,1,0,81.94,2,17.8,0,0,0.028,0.149,1
TX-103463,CUST-1076,RECIP-7442,172.81,9,3,2085,1947,0,4,43.99,0,6.1,0,0,0.0294,0.0652,0
TX-103464,CUST-1539,RECIP-8423,47.19,6,1,2377,407,0,2,45.48,3,23.0,0,0,0.0955,0.0667,0
TX-103465,CUST-2124,RECIP-8843,26.45,23,4,2216,995,0,4,184.71,4,29.9,0,0,0.1585,0.2625,0
TX-103466,CUST-1808,RECIP-5949,261.85,13,0,1059,994,0,3,285.4,2,13.7,0,0,0.1656,0.06,0
TX-103467,CUST-1386,RECIP-8582,86.6,2,3,283,1343,0,6,51.98,4,873.3,0,0,0.6768,0.1308,0
TX-103468,CUST-1787,RECIP-7080,231.04,5,2,1476,1122,0,4,207.23,3,1646.5,0,0,0.1032,0.1561,0
TX-103469,CUST-2299,RECIP-5442,52.31,20,2,2173,30,1,0,185.61,0,1897.7,0,0,0.8583,0.1984,1
TX-103470,CUST-1334,RECIP-7755,614.52,21,4,2106,34,1,0,29.0,4,4.5,0,0,0.1697,0.1895,0
TX-103471,CUST-2119,RECIP-9396,135.34,21,6,1554,711,0,7,180.65,3,9.4,0,0,0.9023,0.1706,0
TX-103472,CUST-2102,RECIP-5633,26.89,0,6,1972,309,0,6,57.57,0,19.7,0,2,0.0052,0.098,0
TX-103473,CUST-2328,RECIP-5066,14.99,19,4,109,6,1,0,280.98,0,69.2,0,0,0.2131,0.1259,0
TX-103474,CUST-1446,RECIP-9124,126.78,2,2,1569,1108,0,6,108.91,0,7.7,1,0,0.7155,0.2644,0
TX-103475,CUST-1323,RECIP-7685,146.15,19,6,297,1930,0,1,593.73,0,0.9,0,0,0.7786,0.3361,0
TX-103476,CUST-1821,RECIP-5985,198.78,21,6,1880,1836,0,8,89.63,1,8.4,0,0,0.2656,0.1264,0
TX-103477,CUST-1796,RECIP-8566,12.71,8,5,142,39,1,0,57.84,1,7.9,0,0,0.1337,0.0777,0
TX-103478,CUST-1614,RECIP-6771,13.11,4,6,1499,519,0,2,137.85,1,19.5,0,0,0.8241,0.0671,0
TX-103479,CUST-2168,RECIP-6493,12.43,17,5,2372,1658,0,4,165.5,0,5.6,0,0,0.052,0.1304,0
TX-103480,CUST-2198,RECIP-6304,32.61,1,5,306,138,0,5,142.69,2,32.3,0,0,0.1232,0.0315,0
TX-103481,CUST-1368,RECIP-7693,1279.52,13,5,1083,1030,0,2,70.15,0,7.7,0,0,0.0826,0.0868,0
TX-103482,CUST-2193,RECIP-5605,92.25,7,4,130,1745,0,2,167.15,1,9.3,0,0,0.3279,0.1431,0
TX-103483,CUST-1346,RECIP-6629,13.93,10,4,1797,1,1,0,38.66,1,720.6,0,3,0.4644,0.2105,0
TX-103484,CUST-1611,RECIP-6372,17.03,19,2,2315,451,0,1,17.01,1,10.0,0,0,0.0014,0.0237,0
TX-103485,CUST-1040,RECIP-5272,131.15,23,6,34,205,0,4,122.65,0,4.9,0,0,0.0846,0.0475,0
TX-103486,CUST-1510,RECIP-8434,319.17,9,4,1378,949,0,1,498.91,0,15.1,0,0,0.0569,0.1041,0
TX-103487,CUST-2437,RECIP-5038,159.06,6,4,1989,1598,0,4,148.61,2,32.8,0,2,0.3299,0.2427,0
TX-103488,CUST-1663,RECIP-9318,501.07,20,5,92,1844,0,3,52.44,0,39.3,0,0,0.082,0.1242,0
TX-103489,CUST-2065,RECIP-5426,140.66,9,0,1220,1513,0,3,73.57,1,4.1,0,0,0.8531,0.0876,0
TX-103490,CUST-1161,RECIP-6612,1997.43,4,6,348,918,0,7,93.9,2,2833.9,0,0,0.8238,0.423,1
TX-103491,CUST-1953,RECIP-5442,16851.56,21,4,2311,1434,0,2,47.51,0,9.0,0,0,0.1386,0.4123,1
TX-103492,CUST-1557,RECIP-6650,1029.35,23,6,1288,12,1,0,44.64,2,1785.7,0,3,0.1809,0.275,1
TX-103493,CUST-2115,RECIP-7749,198.8,6,0,1316,802,0,1,124.36,1,27.8,0,0,0.0841,0.3621,0
TX-103494,CUST-2392,RECIP-5393,8.45,3,1,2493,5,1,0,129.62,3,8.9,0,0,0.4016,0.258,0
TX-103495,CUST-1797,RECIP-7366,202.02,3,6,1978,575,0,6,46.61,2,3.9,0,1,0.9676,0.3552,1
TX-103496,CUST-1154,RECIP-8473,28.05,14,4,805,1506,0,6,33.39,3,5.1,0,0,0.0246,0.0945,0
TX-103497,CUST-1714,RECIP-7049,178.24,7,4,1584,1631,0,5,79.25,0,9.9,0,2,0.1235,0.0718,0
TX-103498,CUST-1184,RECIP-5506,55.35,14,2,763,14,1,0,67.33,1,17.9,0,0,0.2352,0.3724,0
TX-103499,CUST-1674,RECIP-8113,148.85,18,3,1315,1950,0,0,149.29,0,28.2,0,0,0.1562,0.0988,0
TX-103500,CUST-1091,RECIP-5839,24.62,0,3,2036,34,1,0,52.55,0,2.9,1,1,0.1327,0.1086,0
TX-103501,CUST-1960,RECIP-5075,61.24,20,1,2372,881,0,7,117.42,0,9.6,0,0,0.0603,0.011,0
TX-103502,CUST-1465,RECIP-6965,207.78,0,3,2380,996,0,3,125.0,1,29.0,0,0,0.3234,0.0922,0
TX-103503,CUST-1302,RECIP-6219,1358.26,2,3,1254,167,0,4,166.16,3,1.5,0,0,0.0899,0.2279,0
TX-103504,CUST-1025,RECIP-5128,10.74,17,2,2240,30,1,0,86.32,3,4.9,0,0,0.1904,0.2578,0
TX-103505,CUST-2332,RECIP-8498,77.17,14,2,2234,1807,0,3,54.83,1,10.2,0,1,0.0285,0.3958,0
TX-103506,CUST-2255,RECIP-7698,45.16,23,5,1379,39,1,0,73.23,1,7.3,0,0,0.1757,0.0156,0
TX-103507,CUST-2217,RECIP-9094,343.93,13,4,119,1397,0,4,79.46,4,34.3,0,0,0.1695,0.0444,0
TX-103508,CUST-1087,RECIP-7161,41.24,10,3,324,1905,0,4,406.51,0,6.5,1,0,0.4572,0.0703,0
TX-103509,CUST-1524,RECIP-6972,3099.31,16,4,1653,23,1,0,61.54,4,13.6,0,0,0.1155,0.1833,1
TX-103510,CUST-2457,RECIP-8791,504.07,18,1,2081,936,0,4,378.11,3,2084.3,0,0,0.3845,0.2632,0
TX-103511,CUST-1867,RECIP-5366,177.57,16,3,2281,7,1,0,94.89,3,39.8,0,0,0.11,0.1509,0
TX-103512,CUST-1192,RECIP-6627,44.91,8,3,630,838,0,3,67.83,2,12.9,0,0,0.3072,0.1388,0
TX-103513,CUST-1211,RECIP-8594,95.08,23,1,2251,1360,0,2,55.34,0,11.7,0,0,0.0494,0.0286,0
TX-103514,CUST-1394,RECIP-6316,94.6,7,1,2071,1553,0,6,40.68,1,6.7,0,0,0.1181,0.1387,0
TX-103515,CUST-2458,RECIP-8983,246.81,8,3,1228,1257,0,1,79.51,3,4.5,1,0,0.2963,0.0965,0
TX-103516,CUST-1254,RECIP-6278,92.71,6,6,953,669,0,4,86.68,2,19.8,0,0,0.1346,0.2656,0
TX-103517,CUST-2354,RECIP-6861,177.2,7,3,1196,1437,0,4,91.95,0,2.6,0,0,0.258,0.0654,0
TX-103518,CUST-2017,RECIP-9038,96.78,5,6,1698,661,0,4,477.6,2,3.7,0,0,0.0651,0.0864,0
TX-103519,CUST-2382,RECIP-6095,162.32,13,5,2031,19,1,0,256.74,0,6.4,0,0,0.1071,0.0564,0
TX-103520,CUST-2239,RECIP-9356,242.31,17,5,453,1117,0,4,97.33,2,5.2,0,1,0.4474,0.0363,0
TX-103521,CUST-1498,RECIP-5197,27.32,10,6,857,616,0,1,67.04,6,7.1,0,0,0.6737,0.1163,0
TX-103522,CUST-2241,RECIP-6196,75.66,22,2,326,7,1,0,31.54,0,29.7,0,4,0.7502,0.0627,0
TX-103523,CUST-1253,RECIP-7659,68.49,11,5,2344,548,0,4,110.71,2,4.3,0,0,0.0971,0.1032,0
TX-103524,CUST-1436,RECIP-7673,210.27,11,1,1035,32,1,0,191.05,0,22.9,0,0,0.0102,0.0456,0
TX-103525,CUST-1317,RECIP-9094,88.23,1,2,649,1468,0,7,242.34,1,2.0,0,0,0.3219,0.005,0
TX-103526,CUST-1199,RECIP-9319,39.91,21,3,532,15,1,0,59.75,2,2.3,0,1,0.1189,0.1281,0
TX-103527,CUST-1135,RECIP-8050,56.21,3,0,213,530,0,3,32.87,2,32.6,0,2,0.431,0.0602,0
TX-103528,CUST-1281,RECIP-7968,105.34,3,5,1194,1064,0,3,91.42,0,5.0,0,0,0.1565,0.2654,0
TX-103529,CUST-1180,RECIP-6427,174.59,22,6,1936,23,1,0,130.31,2,12.6,0,0,0.0252,0.0756,0
TX-103530,CUST-1570,RECIP-8625,41.76,12,0,827,777,0,3,70.89,1,18.2,0,1,0.1018,0.1169,0
TX-103531,CUST-1106,RECIP-7892,48.62,1,6,1029,841,0,1,129.44,1,62.3,0,0,0.21,0.0321,0
TX-103532,CUST-1091,RECIP-5108,46.56,10,0,1602,1414,0,3,83.35,1,15.6,0,0,0.1257,0.0241,0
TX-103533,CUST-2484,RECIP-8744,48.74,14,0,908,1289,0,5,102.09,0,8.9,0,0,0.3008,0.3251,0
TX-103534,CUST-1131,RECIP-6618,56.67,0,5,1855,305,0,4,108.45,0,0.1,0,0,0.2431,0.3628,0
TX-103535,CUST-1111,RECIP-7141,137.28,18,4,822,143,0,5,86.02,0,18.3,0,0,0.1269,0.1994,1
TX-103536,CUST-1045,RECIP-7187,1730.0,16,6,1132,19,1,0,34.72,2,1.8,0,0,0.0256,0.0305,1
TX-103537,CUST-1198,RECIP-8688,47.53,0,2,2451,930,0,2,225.28,2,6.4,0,0,0.1519,0.1475,0
TX-103538,CUST-1791,RECIP-6205,13.43,14,4,2095,1249,0,3,58.2,0,1.6,0,0,0.0885,0.1214,0
TX-103539,CUST-2240,RECIP-6763,123.47,5,1,1442,27,1,0,15.75,3,29.0,0,0,0.1116,0.0906,0
TX-103540,CUST-2102,RECIP-5176,15.75,17,4,997,36,1,0,82.66,0,7.2,0,0,0.4829,0.0198,0
TX-103541,CUST-1870,RECIP-6568,389.78,9,6,2480,21,1,0,118.28,1,2.7,0,0,0.1657,0.0839,0
TX-103542,CUST-1127,RECIP-5397,81.75,4,4,1172,897,0,4,181.74,2,14.5,0,0,0.0304,0.156,0
TX-103543,CUST-2161,RECIP-7623,111.59,12,6,878,167,0,1,104.06,1,15.2,0,0,0.1407,0.2165,0
TX-103544,CUST-1055,RECIP-9019,278.27,10,2,1502,1218,0,7,94.5,4,9.3,0,0,0.1512,0.168,0
TX-103545,CUST-1946,RECIP-7091,66.93,8,6,1052,840,0,6,99.87,3,7.2,0,1,0.215,0.1659,0
TX-103546,CUST-1613,RECIP-9104,136.07,21,3,2226,1099,0,1,52.5,1,2544.2,0,2,0.1532,0.0477,0
TX-103547,CUST-2323,RECIP-9397,137.53,15,1,553,1724,0,2,68.91,4,3.4,0,0,0.3547,0.3437,0
TX-103548,CUST-1461,RECIP-5242,578.38,11,2,153,431,0,6,172.1,0,2455.3,1,0,0.0998,0.1048,0
TX-103549,CUST-1957,RECIP-7323,856.63,5,3,1092,1356,0,7,60.95,1,26.0,0,0,0.3752,0.2486,0
TX-103550,CUST-1659,RECIP-7377,84.6,13,0,2372,15,1,0,99.22,1,58.9,0,0,0.1451,0.098,0
TX-103551,CUST-1783,RECIP-6733,1869.53,0,6,183,5,1,0,64.9,0,11.9,0,0,0.0803,0.3213,0
TX-103552,CUST-2408,RECIP-8737,8.92,21,1,2026,769,0,3,55.64,3,63.5,0,1,0.4348,0.104,0
TX-103553,CUST-2069,RECIP-6777,67.73,0,4,31,1540,0,5,77.81,1,26.4,0,0,0.2307,0.2102,0
TX-103554,CUST-1621,RECIP-5248,180.41,16,6,1407,32,1,0,78.74,2,5.5,0,0,0.0977,0.3314,0
TX-103555,CUST-1671,RECIP-7465,18.86,8,3,1149,1344,0,8,80.58,2,15.8,0,1,0.1492,0.2456,0
TX-103556,CUST-2056,RECIP-5908,958.79,17,4,424,546,0,3,110.21,1,3119.8,0,0,0.1041,0.1161,0
TX-103557,CUST-1519,RECIP-6597,457.39,8,3,1872,819,0,9,21.42,1,1.4,0,0,0.0953,0.2457,0
TX-103558,CUST-1251,RECIP-7258,60.29,0,5,463,513,0,1,65.4,0,7.1,0,0,0.2749,0.1701,0
TX-103559,CUST-1701,RECIP-8253,959.82,22,0,1109,834,0,4,135.63,3,13.6,0,0,0.2509,0.029,0
TX-103560,CUST-1102,RECIP-6251,213.9,18,2,1409,1595,0,8,254.71,4,1.3,0,0,0.1284,0.3403,0
TX-103561,CUST-1254,RECIP-6712,117.1,1,4,1309,159,0,3,36.38,0,23.8,0,0,0.5355,0.1135,0
TX-103562,CUST-1631,RECIP-5305,146.92,0,0,108,1228,0,4,39.33,2,0.4,0,0,0.2067,0.0034,0
TX-103563,CUST-2194,RECIP-6728,38.95,12,6,1130,37,1,0,105.21,1,1473.0,0,0,0.1177,0.0182,0
TX-103564,CUST-2172,RECIP-7611,108.12,22,4,1647,830,0,2,191.32,0,642.3,0,0,0.9294,0.0698,0
TX-103565,CUST-1391,RECIP-7776,36.79,13,0,1331,1142,0,8,50.44,0,6.3,1,1,0.0615,0.2372,0
TX-103566,CUST-1632,RECIP-6319,90.16,0,0,1833,247,0,3,22.91,0,11.0,0,0,0.0789,0.3801,0
TX-103567,CUST-1230,RECIP-5273,101.0,16,1,1945,1796,0,7,106.56,2,5.6,1,1,0.0064,0.0479,0
TX-103568,CUST-2132,RECIP-7597,114.17,10,4,473,37,1,0,46.8,2,2502.1,0,0,0.302,0.1562,0
TX-103569,CUST-1369,RECIP-7949,88.76,15,3,2015,1247,0,6,291.64,1,2.1,0,2,0.6508,0.1461,0
TX-103570,CUST-2199,RECIP-5383,1196.96,8,3,2240,1864,0,1,81.5,0,9.4,0,0,0.4734,0.0613,0
TX-103571,CUST-2263,RECIP-7272,15.28,0,3,2100,12,1,0,37.04,0,64.8,0,0,0.2292,0.0407,0
TX-103572,CUST-2033,RECIP-5427,12.39,0,3,2132,332,0,1,45.6,2,17.2,0,0,0.1002,0.519,0
TX-103573,CUST-1495,RECIP-7038,34.3,15,2,554,1673,0,1,99.06,2,4.0,0,0,0.0488,0.073,0
TX-103574,CUST-2429,RECIP-7883,88.29,15,0,1640,1291,0,1,69.05,1,347.1,0,0,0.1144,0.1739,0
TX-103575,CUST-2029,RECIP-8236,58.16,7,0,1160,930,0,5,95.65,2,11.8,0,0,0.2142,0.0706,0
TX-103576,CUST-1968,RECIP-8212,18.99,1,4,2460,224,0,5,793.76,3,3.2,0,0,0.1231,0.2722,0
TX-103577,CUST-2284,RECIP-8412,734.28,18,5,2082,564,0,6,40.44,0,6.0,0,0,0.4778,0.0346,0
TX-103578,CUST-2322,RECIP-6085,2115.62,3,1,428,1191,0,4,156.02,1,17.0,1,0,0.2674,0.1248,0
TX-103579,CUST-1116,RECIP-8808,62.43,4,1,2356,215,0,2,239.41,0,8.8,0,0,0.1168,0.1196,0
TX-103580,CUST-2322,RECIP-6573,32.61,10,2,1751,1123,0,1,216.92,0,9.2,0,0,0.1163,0.0237,0
TX-103581,CUST-2147,RECIP-6686,66.92,17,4,1371,1667,0,4,41.66,4,0.3,0,3,0.0932,0.1738,0
TX-103582,CUST-1309,RECIP-8544,51.48,23,4,1131,35,1,0,95.93,1,41.0,0,1,0.3187,0.1259,0
TX-103583,CUST-1461,RECIP-6471,137.35,15,3,1247,1254,0,4,30.09,2,902.7,0,0,0.1223,0.0598,0
TX-103584,CUST-2128,RECIP-5336,21.53,23,0,1934,479,0,2,160.01,2,3.7,0,1,0.3315,0.2475,0
TX-103585,CUST-1324,RECIP-8214,166.88,15,3,1918,1186,0,2,62.65,0,50.3,1,0,0.1731,0.1632,0
TX-103586,CUST-1678,RECIP-7979,1601.04,20,5,1393,414,0,7,113.58,1,45.5,0,0,0.1644,0.3173,0
TX-103587,CUST-2033,RECIP-7618,46.26,4,4,2479,33,1,0,247.84,2,3.1,0,0,0.2475,0.1011,0
TX-103588,CUST-1975,RECIP-5644,180.14,1,5,603,1092,0,4,106.17,1,7.3,0,0,0.3655,0.1096,0
TX-103589,CUST-2364,RECIP-7843,83.18,16,4,1082,1233,0,9,104.79,2,52.1,0,0,0.1908,0.2416,0
TX-103590,CUST-1167,RECIP-5892,67.16,23,6,1508,681,0,3,75.24,3,393.8,0,3,0.1518,0.2306,0
TX-103591,CUST-1442,RECIP-7499,41.36,17,4,437,740,0,5,228.18,2,2.3,0,0,0.084,0.1704,0
TX-103592,CUST-2477,RECIP-7285,97.01,8,3,1262,1338,0,2,58.87,0,17.2,0,1,0.7412,0.2012,0
TX-103593,CUST-1853,RECIP-8477,434.56,11,3,2090,1258,0,6,122.91,1,16.9,0,0,0.9661,0.1941,0
TX-103594,CUST-1373,RECIP-9394,94.19,2,1,1698,1401,0,4,137.73,0,30.3,0,2,0.1387,0.0666,0
TX-103595,CUST-1434,RECIP-5855,307.51,8,3,1784,331,0,5,157.89,0,23.5,0,0,0.1646,0.2157,0
TX-103596,CUST-1508,RECIP-5516,128.78,16,1,429,424,0,3,113.61,1,0.1,0,0,0.2104,0.0126,0
TX-103597,CUST-1831,RECIP-7500,18.59,3,3,388,634,0,4,42.57,0,5.2,0,0,0.1037,0.1761,0
TX-103598,CUST-1426,RECIP-9283,73.22,11,1,1121,810,0,4,90.0,1,19.3,0,0,0.0235,0.123,0
TX-103599,CUST-1932,RECIP-5711,556.35,6,3,829,1102,0,1,25.93,1,7.2,0,0,0.0201,0.0266,0
TX-103600,CUST-1667,RECIP-7193,31.4,11,6,54,7,1,0,74.96,3,2.4,0,0,0.0165,0.0155,0
TX-103601,CUST-1915,RECIP-6832,183.22,18,3,1396,194,0,5,146.68,0,2.1,0,0,0.1076,0.158,0
TX-103602,CUST-1232,RECIP-6431,424.78,21,5,1892,128,0,5,190.96,2,2869.2,0,0,0.249,0.213,0
TX-103603,CUST-1935,RECIP-7987,54.55,9,3,1836,2,1,0,56.29,0,9.2,0,0,0.2602,0.4364,0
TX-103604,CUST-2387,RECIP-6329,56.51,19,6,284,36,1,0,422.64,0,9.4,0,0,0.174,0.0482,0
TX-103605,CUST-1202,RECIP-7218,31.81,16,1,1958,146,0,2,28.62,0,9.9,1,0,0.0421,0.1365,0
TX-103606,CUST-1491,RECIP-8804,7.78,22,5,970,1715,0,4,129.11,2,3.1,0,0,0.1758,0.0393,0
TX-103607,CUST-2040,RECIP-6708,143.06,17,5,414,782,0,7,139.04,0,3242.3,0,0,0.0365,0.3107,0
TX-103608,CUST-1926,RECIP-5094,727.97,13,6,1195,1344,0,1,140.89,0,4.6,0,0,0.0716,0.3046,0
TX-103609,CUST-2012,RECIP-8982,75.67,16,0,565,941,0,6,123.35,0,6.8,0,0,0.2185,0.0781,0
TX-103610,CUST-1839,RECIP-6235,73.74,7,6,1691,19,1,0,97.54,0,63.1,0,0,0.5603,0.0925,0
TX-103611,CUST-2023,RECIP-8477,83.52,16,6,1867,1380,0,2,326.68,1,47.1,0,0,0.1953,0.1193,0
TX-103612,CUST-1914,RECIP-8432,51.34,17,2,1822,764,0,5,42.16,0,11.4,0,0,0.0483,0.0932,0
TX-103613,CUST-1111,RECIP-7368,25.5,14,4,316,360,0,5,72.03,1,5.4,0,0,0.16,0.0264,0
TX-103614,CUST-2126,RECIP-5395,1501.7,2,4,890,491,0,7,100.52,0,0.9,1,0,0.9252,0.1974,1
TX-103615,CUST-1670,RECIP-9275,150.28,12,0,1260,1653,0,3,82.86,1,24.9,0,0,0.3256,0.0419,0
TX-103616,CUST-1077,RECIP-8063,172.38,17,3,2462,44,1,0,45.83,1,3087.0,0,0,0.2107,0.2498,0
TX-103617,CUST-1613,RECIP-6909,1079.21,4,4,1378,18,1,0,145.6,1,6.4,0,0,0.0636,0.2266,1
TX-103618,CUST-1652,RECIP-8842,112.28,18,1,1643,1575,0,2,111.47,4,17.3,0,0,0.1124,0.1099,0
TX-103619,CUST-1130,RECIP-8546,35.47,20,2,868,44,1,0,326.12,0,1.7,0,0,0.4131,0.2598,0
TX-103620,CUST-2494,RECIP-8421,27.18,12,4,759,352,0,4,170.37,1,25.9,0,0,0.2559,0.1629,0
TX-103621,CUST-1333,RECIP-5755,744.33,23,6,1996,24,1,0,209.0,1,2180.9,0,0,0.3264,0.1145,0
TX-103622,CUST-1495,RECIP-7847,216.29,20,0,2091,257,0,4,203.05,1,0.8,0,0,0.2837,0.071,0
TX-103623,CUST-1661,RECIP-6286,756.08,11,6,166,19,1,0,43.42,1,2.2,0,0,0.372,0.2162,0
TX-103624,CUST-2248,RECIP-5353,49.27,21,5,1360,1807,0,5,72.6,0,21.0,0,0,0.8479,0.4037,0
TX-103625,CUST-2114,RECIP-6521,65.59,22,5,1950,38,1,0,74.19,0,30.4,0,0,0.2643,0.1993,0
TX-103626,CUST-2156,RECIP-5468,139.06,2,0,419,976,0,2,217.47,2,0.3,0,0,0.2006,0.0814,0
TX-103627,CUST-1355,RECIP-5476,674.71,23,3,1625,799,0,4,107.39,0,21.1,1,0,0.0697,0.2422,0
TX-103628,CUST-2268,RECIP-8271,83.66,0,2,1199,15,1,0,97.06,2,6.1,0,1,0.2276,0.1586,0
TX-103629,CUST-2244,RECIP-7258,35.04,11,6,1282,409,0,5,92.23,2,3.6,0,0,0.2584,0.1062,0
TX-103630,CUST-1695,RECIP-6790,21.96,22,5,1496,37,1,0,216.64,2,2.9,0,0,0.1748,0.1891,0
TX-103631,CUST-1818,RECIP-5865,180.05,17,4,2184,1042,0,3,46.11,3,23.0,1,0,0.2916,0.4188,0
TX-103632,CUST-1055,RECIP-8469,295.84,6,0,244,1832,0,3,100.12,1,1.4,0,1,0.1093,0.1312,0
TX-103633,CUST-2140,RECIP-7853,680.17,15,6,529,680,0,6,297.95,1,16.9,0,1,0.0265,0.085,0
TX-103634,CUST-2441,RECIP-7635,1736.62,5,3,882,1536,0,3,143.12,2,649.1,0,2,0.435,0.329,0
TX-103635,CUST-1708,RECIP-5855,17.2,5,1,2007,381,0,7,73.87,1,0.4,0,0,0.0179,0.1832,0
TX-103636,CUST-1810,RECIP-5555,93.17,21,6,1492,239,0,4,120.03,2,3.2,0,0,0.0972,0.2018,0
TX-103637,CUST-1748,RECIP-5555,58.57,1,6,493,27,1,0,32.93,2,22.4,0,1,0.1247,0.0968,1
TX-103638,CUST-1123,RECIP-5112,73.03,23,3,88,32,1,0,59.18,2,5.5,0,0,0.0529,0.0857,0
TX-103639,CUST-1929,RECIP-9360,36.11,10,4,2476,15,1,0,77.32,2,3.5,1,0,0.3511,0.1683,0
TX-103640,CUST-2082,RECIP-6654,131.1,1,4,370,173,0,2,42.84,3,7.5,0,3,0.2769,0.0035,0
TX-103641,CUST-2391,RECIP-7962,22.49,18,2,110,21,1,0,162.82,1,6.8,0,0,0.2934,0.2136,0
TX-103642,CUST-2394,RECIP-9420,153.76,1,5,1034,978,0,7,40.51,0,34.2,0,0,0.1022,0.267,0
TX-103643,CUST-1737,RECIP-9214,325.15,7,6,1396,615,0,8,238.29,2,16.7,0,1,0.3005,0.2038,0
TX-103644,CUST-2438,RECIP-6442,51.26,5,6,668,20,1,0,146.28,1,29.1,0,0,0.026,0.027,0
TX-103645,CUST-1792,RECIP-7204,314.04,18,4,445,784,0,3,59.95,1,9.7,1,0,0.2139,0.5974,0
TX-103646,CUST-1963,RECIP-7083,104.48,9,2,243,108,0,2,66.7,0,7.3,0,0,0.1196,0.1145,0
TX-103647,CUST-1902,RECIP-5150,254.93,15,6,1037,1854,0,3,97.17,0,3.8,0,0,0.1075,0.5753,0
TX-103648,CUST-2498,RECIP-8457,127.27,1,6,2381,643,0,5,191.77,2,13.6,1,0,0.0815,0.2605,0
TX-103649,CUST-2106,RECIP-7584,32.48,16,0,395,6,1,0,92.99,0,26.3,0,0,0.0122,0.148,0
TX-103650,CUST-1180,RECIP-6671,87.7,17,2,1444,1591,0,6,206.89,0,3.6,0,0,0.0548,0.1845,0
TX-103651,CUST-1107,RECIP-7512,55.42,6,3,508,381,0,5,96.96,2,25.2,0,0,0.1052,0.0246,0
TX-103652,CUST-1614,RECIP-8309,227.53,21,4,1694,31,1,0,158.36,1,16.8,0,0,0.0241,0.2794,0
TX-103653,CUST-1773,RECIP-5067,69.4,11,4,180,29,1,0,289.45,2,4.6,0,0,0.0909,0.2116,0
TX-103654,CUST-2002,RECIP-7907,287.51,16,3,532,1988,0,2,114.96,2,0.8,0,0,0.2115,0.0296,0
TX-103655,CUST-1722,RECIP-8875,158.96,4,0,49,7,1,0,44.45,1,11.9,0,2,0.1019,0.1663,0
TX-103656,CUST-1771,RECIP-8268,112.35,22,1,1631,1828,0,5,84.8,0,7.4,0,0,0.2458,0.2337,0
TX-103657,CUST-2382,RECIP-7789,807.23,5,5,1806,93,0,4,418.09,2,0.0,0,0,0.0781,0.0468,0
TX-103658,CUST-1502,RECIP-5407,265.96,15,4,453,1489,0,1,66.83,1,3.0,0,0,0.2705,0.1638,0
TX-103659,CUST-1740,RECIP-8351,187.47,2,4,1150,1941,0,4,24.79,0,1.5,0,0,0.1816,0.1009,1
TX-103660,CUST-1836,RECIP-8378,257.56,1,3,754,1506,0,2,48.04,0,23.0,0,0,0.2487,0.322,0
TX-103661,CUST-1702,RECIP-7222,28.91,3,1,142,282,0,1,81.92,0,3201.3,0,0,0.1086,0.4047,0
TX-103662,CUST-2452,RECIP-7621,49.5,22,2,122,81,0,8,140.55,2,7.5,0,0,0.0279,0.2427,0
TX-103663,CUST-2443,RECIP-7782,90.58,5,4,2349,8,1,0,230.35,1,20.4,1,0,0.6691,0.1802,0
TX-103664,CUST-1769,RECIP-5545,67.26,21,3,1629,1144,0,4,53.18,2,9.7,0,1,0.2889,0.0339,0
TX-103665,CUST-1675,RECIP-6158,32.07,13,0,1674,1335,0,0,264.76,3,6.6,0,0,0.6002,0.1562,0
TX-103666,CUST-1883,RECIP-8565,5055.61,2,2,759,1860,0,4,167.45,1,2369.3,0,0,0.32,0.1337,1
TX-103667,CUST-1271,RECIP-9381,361.3,10,5,682,1196,0,2,216.32,1,40.4,0,4,0.0518,0.2282,0
TX-103668,CUST-1638,RECIP-6215,264.16,11,4,1992,7,1,0,204.53,1,3.1,0,0,0.2101,0.0934,0
TX-103669,CUST-1325,RECIP-6803,638.56,6,6,1113,68,0,5,73.45,0,1.6,0,0,0.0959,0.0268,0
TX-103670,CUST-1216,RECIP-9118,51.69,14,3,282,28,1,0,377.2,1,13.2,0,0,0.0492,0.1032,0
TX-103671,CUST-1142,RECIP-5730,7.87,20,3,1238,1239,0,2,261.65,0,11.5,0,0,0.0249,0.069,0
TX-103672,CUST-1880,RECIP-6175,53.25,21,6,1318,1376,0,2,105.12,2,21.6,0,0,0.1961,0.0392,0
TX-103673,CUST-1000,RECIP-5251,38.64,12,3,1437,1470,0,6,281.77,0,8.4,1,0,0.1095,0.1166,0
TX-103674,CUST-1969,RECIP-6056,19.15,21,0,1356,1612,0,2,706.37,0,0.6,0,0,0.9043,0.0378,0
TX-103675,CUST-1647,RECIP-7862,142.71,22,2,2147,1707,0,3,207.57,3,13.7,0,0,0.2698,0.016,0
TX-103676,CUST-1549,RECIP-6567,146.15,2,4,633,1747,0,2,23.44,1,16.7,0,0,0.0929,0.068,0
TX-103677,CUST-2153,RECIP-9425,149.87,15,2,1487,37,1,0,29.49,2,12.6,0,0,0.1054,0.1993,0
TX-103678,CUST-1808,RECIP-9011,32.42,18,2,2222,634,0,3,123.76,3,15.5,0,0,0.2105,0.0821,0
TX-103679,CUST-2100,RECIP-9031,295.72,0,6,2447,131,0,1,50.59,0,47.2,1,0,0.2707,0.1381,0
TX-103680,CUST-2064,RECIP-8268,43.7,14,3,2413,296,0,1,57.88,1,27.2,0,0,0.1728,0.1236,0
TX-103681,CUST-1048,RECIP-8159,28.31,21,2,1825,1892,0,6,119.46,1,13.6,0,0,0.1341,0.2538,0
TX-103682,CUST-1323,RECIP-7293,27.18,6,0,293,21,1,0,75.62,1,11.4,0,0,0.0171,0.0937,0
TX-103683,CUST-1854,RECIP-9457,39.76,20,2,2471,30,1,0,190.52,0,3.3,0,0,0.7001,0.0946,0
TX-103684,CUST-2463,RECIP-5429,101.69,22,5,109,1156,0,4,209.43,1,33.8,0,0,0.2624,0.209,0
TX-103685,CUST-1231,RECIP-8252,28.29,15,2,1390,4,1,0,46.31,0,3.5,0,0,0.5005,0.1197,0
TX-103686,CUST-1158,RECIP-5631,36.76,15,3,1133,375,0,1,123.91,1,14.4,0,0,0.2528,0.2714,0
TX-103687,CUST-2411,RECIP-6526,515.9,12,4,1705,1466,0,5,69.18,3,26.8,0,0,0.2478,0.1669,0
TX-103688,CUST-2450,RECIP-6150,44.37,9,6,1963,2,1,0,172.3,2,650.1,0,0,0.0212,0.066,0
TX-103689,CUST-1251,RECIP-7705,237.13,10,5,1852,364,0,2,85.21,1,1.2,1,0,0.4701,0.1875,0
TX-103690,CUST-1602,RECIP-8542,98.63,12,2,590,683,0,8,201.77,0,19.4,0,0,0.9421,0.1432,0
TX-103691,CUST-1939,RECIP-5358,257.15,11,1,1894,1919,0,3,94.57,2,17.4,0,0,0.1988,0.0346,0
TX-103692,CUST-1292,RECIP-7707,113.54,19,4,1901,35,1,0,325.07,0,23.0,0,0,0.8294,0.1914,1
TX-103693,CUST-1489,RECIP-5997,91.15,18,1,90,17,1,0,121.7,0,3.7,0,0,0.0835,0.1535,0
TX-103694,CUST-1592,RECIP-5346,62.73,8,2,1604,1921,0,6,31.66,1,2.0,0,1,0.1873,0.0318,0
TX-103695,CUST-1962,RECIP-6878,37.59,12,0,344,1761,0,6,152.16,1,81.1,0,0,0.306,0.1834,0
TX-103696,CUST-1462,RECIP-7615,119.16,5,5,1418,1252,0,6,79.46,2,6.5,0,0,0.2371,0.1545,0
TX-103697,CUST-1618,RECIP-5908,49.34,4,1,592,1140,0,5,21.82,1,9.6,0,0,0.0675,0.0645,0
TX-103698,CUST-1434,RECIP-6754,10.57,8,2,915,25,1,0,77.96,0,1453.3,0,0,0.5197,0.2202,0
TX-103699,CUST-2139,RECIP-9290,131.73,1,2,700,10,1,0,150.57,1,10.6,1,0,0.0413,0.0873,0
TX-103700,CUST-1229,RECIP-6560,80.08,20,0,2159,7,1,0,178.15,3,0.0,0,0,0.0297,0.2743,0
TX-103701,CUST-1346,RECIP-9480,136.48,3,5,2266,695,0,7,164.08,1,10.6,0,0,0.2068,0.312,0
TX-103702,CUST-1374,RECIP-8753,90.03,7,4,2001,642,0,2,98.06,1,3.1,0,3,0.0256,0.0243,0
TX-103703,CUST-2358,RECIP-6669,213.28,6,3,1814,318,0,4,75.38,1,564.1,0,1,0.4418,0.2389,0
TX-103704,CUST-2416,RECIP-7595,147.84,4,1,927,22,1,0,50.45,1,10.4,0,3,0.4965,0.1513,1
TX-103705,CUST-1750,RECIP-8191,78.22,8,0,383,746,0,5,186.91,4,1295.1,0,1,0.0823,0.0662,0
TX-103706,CUST-1234,RECIP-7090,139.66,17,0,1433,544,0,4,168.49,0,0.8,0,0,0.0116,0.1251,0
TX-103707,CUST-2134,RECIP-6834,4663.45,21,4,1083,1800,0,1,63.91,1,2590.5,0,2,0.0053,0.1431,0
TX-103708,CUST-1738,RECIP-6483,35.3,4,5,727,35,1,0,300.77,0,6.8,0,0,0.677,0.1236,0
TX-103709,CUST-2274,RECIP-5627,10.07,5,5,630,1414,0,7,196.59,1,0.3,0,1,0.518,0.2097,0
TX-103710,CUST-1539,RECIP-5112,256.32,11,5,427,37,1,0,198.51,2,6.5,0,0,0.9448,0.0638,0
TX-103711,CUST-2498,RECIP-6516,177.05,7,2,2079,24,1,0,97.95,0,2.5,0,1,0.1655,0.2183,0
TX-103712,CUST-2210,RECIP-8580,1922.41,19,0,823,1629,0,2,449.43,3,3.4,1,2,0.0645,0.5144,0
TX-103713,CUST-1335,RECIP-6050,101.62,5,1,2296,516,0,5,54.24,0,26.7,0,0,0.119,0.2046,0
TX-103714,CUST-2088,RECIP-5808,641.04,9,5,1684,823,0,3,20.17,0,28.0,0,0,0.7546,0.2553,0
TX-103715,CUST-1430,RECIP-6476,147.98,13,5,435,1220,0,2,197.05,0,11.9,0,0,0.0531,0.1637,0
TX-103716,CUST-1524,RECIP-7695,233.42,9,3,184,35,1,0,205.34,0,2343.9,0,0,0.7904,0.0368,0
TX-103717,CUST-1375,RECIP-5967,176.84,14,0,1058,1210,0,5,188.9,1,8.2,0,0,0.2337,0.0982,0
TX-103718,CUST-2023,RECIP-5991,306.17,19,5,231,1252,0,6,253.31,1,23.0,1,0,0.0314,0.0675,0
TX-103719,CUST-1394,RECIP-5505,369.54,12,5,2383,1089,0,2,237.73,1,15.2,0,0,0.1909,0.1736,0
TX-103720,CUST-1958,RECIP-6494,30.79,10,1,2270,381,0,1,247.26,1,3094.6,0,0,0.8572,0.1916,0
TX-103721,CUST-1873,RECIP-5978,43.23,22,5,1653,5,1,0,134.32,0,0.5,0,0,0.0751,0.306,0
TX-103722,CUST-2126,RECIP-8740,513.99,23,4,753,1685,0,8,134.39,2,3.6,0,0,0.88,0.0732,0
TX-103723,CUST-2490,RECIP-9075,194.24,23,6,2174,531,0,9,111.75,2,8.9,1,0,0.0357,0.2093,0
TX-103724,CUST-1013,RECIP-6667,56.76,0,4,1628,18,1,0,225.29,0,9.6,0,0,0.1171,0.3449,0
TX-103725,CUST-2485,RECIP-5383,104.91,20,0,913,1051,0,4,59.7,2,44.9,0,0,0.0398,0.1444,0
TX-103726,CUST-1164,RECIP-5393,878.49,21,4,2203,18,1,0,90.61,0,3210.4,0,0,0.1044,0.2257,0
TX-103727,CUST-1790,RECIP-6461,71.15,19,0,547,658,0,4,45.47,2,4.9,1,1,0.1779,0.0341,0
TX-103728,CUST-1511,RECIP-7085,42.0,17,1,1432,1334,0,3,163.23,0,1544.6,0,0,0.4238,0.1602,0
TX-103729,CUST-1958,RECIP-7378,1372.88,8,6,1737,458,0,3,343.48,1,3.8,0,0,0.0619,0.1539,0
TX-103730,CUST-2082,RECIP-6368,241.77,17,6,2272,42,1,0,54.41,1,17.4,1,0,0.0528,0.168,1
TX-103731,CUST-2289,RECIP-6595,137.5,13,3,369,705,0,3,29.25,0,33.9,1,1,0.2234,0.1681,0
TX-103732,CUST-1602,RECIP-6276,289.64,19,2,740,8,1,0,95.55,2,14.7,0,0,0.2528,0.3568,0
TX-103733,CUST-2399,RECIP-7329,36.03,8,2,2104,1617,0,3,126.31,0,16.9,0,1,0.2558,0.0936,0
TX-103734,CUST-1483,RECIP-8136,24.69,17,1,1264,1751,0,1,88.71,0,36.3,0,0,0.2701,0.0051,0
TX-103735,CUST-1305,RECIP-5195,305.09,18,4,1894,3,1,0,40.6,0,9.8,0,0,0.1476,0.0491,0
TX-103736,CUST-1568,RECIP-7154,25.76,20,2,1940,1553,0,3,228.1,2,6.6,0,0,0.1049,0.09,0
TX-103737,CUST-1792,RECIP-7918,25.47,4,0,783,594,0,4,128.39,1,31.2,0,0,0.1595,0.03,0
TX-103738,CUST-2002,RECIP-8026,40.38,20,4,848,1795,0,4,385.62,1,52.5,0,0,0.4067,0.132,0
TX-103739,CUST-2249,RECIP-7535,32.85,5,4,1261,38,1,0,206.94,2,20.3,0,0,0.3994,0.1557,0
TX-103740,CUST-1337,RECIP-7363,44.94,22,4,98,1848,0,4,53.02,3,5.1,0,0,0.0286,0.2501,0
TX-103741,CUST-1454,RECIP-8064,13.62,0,6,2004,4,1,0,142.96,0,1495.1,0,0,0.3864,0.2563,0
TX-103742,CUST-2408,RECIP-6702,421.13,5,4,315,31,1,0,155.74,0,12.4,0,0,0.1003,0.3552,1
TX-103743,CUST-1659,RECIP-7552,16.73,14,4,2339,12,1,0,339.26,0,12.7,1,3,0.9104,0.1968,1
TX-103744,CUST-1362,RECIP-6437,1109.58,13,1,1953,751,0,4,64.79,1,17.1,0,0,0.1938,0.0279,0
TX-103745,CUST-2478,RECIP-6970,225.01,16,3,899,29,1,0,39.08,1,5.9,0,4,0.869,0.2174,1
TX-103746,CUST-1673,RECIP-5558,1845.55,9,3,208,159,0,3,102.2,2,37.7,0,0,0.3569,0.0599,0
TX-103747,CUST-2477,RECIP-6575,41.31,0,6,1981,1375,0,5,85.98,1,1.1,0,0,0.1483,0.117,0
TX-103748,CUST-2378,RECIP-5639,58.22,14,3,1137,1821,0,2,84.29,0,25.6,0,0,0.2991,0.0851,0
TX-103749,CUST-2359,RECIP-6018,415.96,12,4,510,16,1,0,128.04,1,18.4,0,0,0.0754,0.3881,0
TX-103750,CUST-1872,RECIP-6887,322.23,12,3,1091,1972,0,5,12.13,0,23.5,0,1,0.0691,0.2723,0
TX-103751,CUST-2197,RECIP-7250,229.23,9,0,2261,101,0,8,42.65,1,9.5,0,0,0.9162,0.1706,0
TX-103752,CUST-2440,RECIP-9238,83.83,21,6,1730,303,0,5,109.33,0,15.7,0,1,0.0967,0.0218,0
TX-103753,CUST-1403,RECIP-5117,266.33,19,4,1725,668,0,3,93.56,4,9.4,0,0,0.2926,0.0338,0
TX-103754,CUST-1056,RECIP-9043,425.68,4,1,1300,668,0,1,447.13,1,1.4,0,1,0.2557,0.0634,0
TX-103755,CUST-1481,RECIP-6477,52.29,0,0,407,1225,0,7,100.37,0,4.8,0,1,0.1164,0.2984,0
TX-103756,CUST-1955,RECIP-8258,346.15,4,6,2375,1743,0,2,36.01,2,15.0,0,0,0.4066,0.0344,0
TX-103757,CUST-1820,RECIP-8050,22.39,1,2,1857,18,1,0,59.12,1,11.9,0,0,0.1474,0.2605,0
TX-103758,CUST-1120,RECIP-9368,18.49,17,0,1302,1512,0,5,209.46,0,44.7,0,0,0.0828,0.0199,0
TX-103759,CUST-1841,RECIP-5489,51.19,14,4,1818,1657,0,4,82.3,3,0.2,1,0,0.1468,0.3632,0
TX-103760,CUST-1261,RECIP-9352,93.2,11,0,926,1188,0,4,21.65,1,17.2,0,2,0.2721,0.0249,0
TX-103761,CUST-1758,RECIP-5283,50.13,14,1,1863,1973,0,3,164.03,2,42.9,0,0,0.0123,0.1127,0
TX-103762,CUST-1863,RECIP-8947,125.7,19,6,2420,247,0,3,235.06,0,28.4,0,2,0.101,0.0517,0
TX-103763,CUST-1955,RECIP-7934,209.41,19,0,881,1490,0,5,91.83,1,10.9,0,0,0.3151,0.0829,0
TX-103764,CUST-1618,RECIP-7168,50.86,10,5,50,9,1,0,65.95,2,4.0,0,0,0.7294,0.3375,0
TX-103765,CUST-1612,RECIP-6789,57.25,14,4,1857,3,1,0,188.37,3,0.2,0,0,0.4179,0.2169,0
TX-103766,CUST-2017,RECIP-5421,352.46,13,2,2134,10,1,0,22.32,2,15.3,0,1,0.2614,0.2834,1
TX-103767,CUST-2123,RECIP-8608,141.08,22,2,2071,2,1,0,175.57,1,40.6,0,0,0.1725,0.0981,0
TX-103768,CUST-2211,RECIP-8275,76.78,18,3,2438,994,0,7,102.58,1,13.6,0,0,0.2065,0.2327,0
TX-103769,CUST-1500,RECIP-9217,45.05,7,3,887,588,0,3,193.07,1,1.9,0,0,0.1081,0.1387,0
TX-103770,CUST-1636,RECIP-8286,246.77,21,6,2297,576,0,2,42.59,1,455.1,0,0,0.2972,0.0483,0
TX-103771,CUST-1496,RECIP-9306,69.41,9,1,543,1910,0,2,95.25,3,23.1,0,0,0.1479,0.1941,0
TX-103772,CUST-1791,RECIP-8990,11.19,18,4,1480,863,0,6,206.45,0,22.4,0,0,0.0323,0.1501,0
TX-103773,CUST-1190,RECIP-6915,9.88,23,4,2223,771,0,8,150.2,0,1.9,0,0,0.2402,0.3017,0
TX-103774,CUST-1645,RECIP-8166,307.08,19,0,2291,1157,0,4,15.32,2,2.8,0,0,0.1892,0.0916,0
TX-103775,CUST-1283,RECIP-6189,30.38,2,6,1563,7,1,0,188.72,0,1293.4,0,0,0.2312,0.2401,0
TX-103776,CUST-1798,RECIP-8578,97.5,4,6,1378,132,0,5,221.33,0,17.6,0,0,0.0479,0.1434,0
TX-103777,CUST-2275,RECIP-7738,11.86,19,0,1167,96,0,5,136.59,0,68.4,0,1,0.0055,0.1063,0
TX-103778,CUST-2478,RECIP-6981,96.63,2,1,2172,43,1,0,104.95,1,11.9,0,0,0.0264,0.1853,0
TX-103779,CUST-1669,RECIP-7826,31.24,0,5,2202,1283,0,8,211.56,1,19.9,0,0,0.0741,0.1059,0
TX-103780,CUST-1084,RECIP-6247,285.03,6,5,621,1012,0,4,109.24,3,13.9,0,0,0.7561,0.269,0
TX-103781,CUST-1341,RECIP-7800,580.24,11,1,365,34,1,0,26.23,1,16.1,0,0,0.6681,0.09,1
TX-103782,CUST-1157,RECIP-7136,240.53,3,6,2040,1579,0,3,57.36,1,3.7,0,0,0.7544,0.1579,0
TX-103783,CUST-2139,RECIP-6448,83.47,3,2,2032,258,0,6,317.7,2,2844.7,0,0,0.4591,0.3914,0
TX-103784,CUST-2477,RECIP-9389,52.98,8,2,276,1301,0,1,83.37,0,6.1,0,1,0.0653,0.0336,0
TX-103785,CUST-1830,RECIP-5286,22.12,14,2,1242,18,1,0,118.46,1,11.3,0,0,0.4401,0.1739,0
TX-103786,CUST-1265,RECIP-8409,37.11,13,4,1281,8,1,0,28.44,1,364.3,0,2,0.0572,0.0941,0
TX-103787,CUST-1031,RECIP-5945,406.85,19,1,135,265,0,3,149.35,1,16.6,0,0,0.2308,0.2575,0
TX-103788,CUST-2464,RECIP-6001,80.73,23,3,1670,1359,0,4,156.47,2,17.2,1,0,0.0195,0.0979,0
TX-103789,CUST-1474,RECIP-5694,34.8,0,0,2432,29,1,0,552.6,1,1.6,0,0,0.138,0.1403,0
TX-103790,CUST-1168,RECIP-5460,126.29,16,1,552,1107,0,7,182.21,0,20.6,0,0,0.4161,0.0088,0
TX-103791,CUST-1265,RECIP-5557,52.85,3,5,1951,1796,0,3,205.52,2,20.3,0,0,0.3206,0.2369,0
TX-103792,CUST-1382,RECIP-8747,41.02,8,2,229,1499,0,4,25.42,0,14.3,0,0,0.3976,0.3081,0
TX-103793,CUST-1983,RECIP-9168,56.18,8,5,560,183,0,0,65.46,1,86.5,0,0,0.175,0.0482,0
TX-103794,CUST-2337,RECIP-7631,257.06,16,5,1426,1965,0,2,486.83,0,4.6,0,0,0.1844,0.0827,0
TX-103795,CUST-1412,RECIP-5062,86.03,6,6,2311,28,1,0,196.14,1,6.7,0,0,0.4915,0.054,0
TX-103796,CUST-2030,RECIP-8890,192.88,21,0,2217,1672,0,2,143.0,0,18.2,0,0,0.5371,0.0007,0
TX-103797,CUST-1097,RECIP-7708,55.39,9,6,2340,176,0,1,392.53,2,1.6,0,0,0.1467,0.0585,0
TX-103798,CUST-1015,RECIP-7343,45.22,19,6,2469,1834,0,4,53.06,1,5.7,1,0,0.1652,0.0452,0
TX-103799,CUST-1082,RECIP-9263,447.55,22,3,2007,1453,0,3,133.0,0,1.2,0,3,0.337,0.179,0
TX-103800,CUST-2384,RECIP-6844,27.62,12,0,927,1775,0,6,144.05,3,0.8,0,0,0.0452,0.1592,0
TX-103801,CUST-1872,RECIP-6620,63.07,2,0,344,31,1,0,90.38,3,48.7,1,1,0.1347,0.1647,0
TX-103802,CUST-2207,RECIP-8509,3220.46,16,3,2060,2,1,0,34.37,0,6.7,0,0,0.123,0.2045,0
TX-103803,CUST-1032,RECIP-7371,53.85,10,0,490,893,0,5,306.32,0,5.1,0,0,0.255,0.3774,0
TX-103804,CUST-1033,RECIP-8225,689.19,8,0,1315,39,1,0,107.13,2,3136.4,0,4,0.0893,0.0149,0
TX-103805,CUST-2273,RECIP-8131,33.61,10,3,1892,1938,0,7,139.34,0,3051.8,0,0,0.625,0.1461,1
TX-103806,CUST-1153,RECIP-8777,2302.71,7,3,115,42,1,0,59.62,2,4.0,0,0,0.1094,0.2614,0
TX-103807,CUST-1233,RECIP-6427,587.73,6,6,2287,1304,0,4,57.99,0,22.7,0,0,0.0199,0.0035,1
TX-103808,CUST-1778,RECIP-5324,110.7,23,6,779,1918,0,2,77.67,0,1040.0,0,1,0.0477,0.1291,0
TX-103809,CUST-1909,RECIP-7149,140.72,6,1,561,3,1,0,83.94,2,18.3,0,0,0.2361,0.0406,0
TX-103810,CUST-1343,RECIP-7913,223.19,11,2,948,18,1,0,230.78,0,5.8,0,0,0.0309,0.3553,0
TX-103811,CUST-1667,RECIP-8676,5.4,17,1,1168,20,1,0,132.98,0,5.7,0,0,0.2059,0.1129,0
TX-103812,CUST-2012,RECIP-6201,433.0,5,1,1152,35,1,0,47.42,1,3484.9,0,0,0.6186,0.0754,1
TX-103813,CUST-1664,RECIP-8354,130.96,14,3,412,31,1,0,32.27,0,13.7,0,0,0.077,0.1791,0
TX-103814,CUST-1573,RECIP-8744,1087.53,21,6,497,290,0,5,201.28,1,1.6,0,0,0.0079,0.3346,0
TX-103815,CUST-1107,RECIP-8638,106.94,19,6,1210,1731,0,3,217.97,2,25.6,1,0,0.1014,0.1528,0
TX-103816,CUST-1677,RECIP-8636,9.48,0,6,589,1307,0,1,79.16,1,1288.8,1,1,0.078,0.1835,0
TX-103817,CUST-2204,RECIP-9443,243.6,9,3,1617,315,0,4,62.13,1,32.7,1,0,0.2895,0.2291,0
TX-103818,CUST-1940,RECIP-7975,136.04,0,4,2250,498,0,5,103.64,0,1.8,0,0,0.0792,0.0841,0
TX-103819,CUST-2339,RECIP-6666,31.43,14,5,75,115,0,3,104.02,0,14.4,1,0,0.7604,0.2345,0
TX-103820,CUST-1189,RECIP-6964,141.46,7,1,119,1496,0,6,122.84,0,1761.2,0,1,0.2107,0.1533,0
TX-103821,CUST-1016,RECIP-8361,164.17,21,3,1618,756,0,2,221.97,1,75.5,0,1,0.1747,0.0163,0
TX-103822,CUST-1822,RECIP-6064,48.95,4,3,100,420,0,2,208.92,1,10.9,0,0,0.0798,0.2471,0
TX-103823,CUST-1267,RECIP-7712,366.53,20,2,1610,369,0,3,190.78,0,0.5,0,0,0.0585,0.2046,0
TX-103824,CUST-1890,RECIP-7577,78.57,8,3,1241,1039,0,2,46.46,1,4.3,0,0,0.06,0.3062,0
TX-103825,CUST-2355,RECIP-7999,66.29,22,3,1153,712,0,7,147.77,2,0.3,1,1,0.2373,0.157,0
TX-103826,CUST-1505,RECIP-6895,188.13,4,0,1528,1815,0,3,128.01,0,30.9,0,1,0.1399,0.0811,0
TX-103827,CUST-1824,RECIP-8329,34.58,6,5,2241,1919,0,1,38.11,2,26.9,0,1,0.1459,0.1746,0
TX-103828,CUST-2022,RECIP-5321,302.0,8,6,344,448,0,6,75.19,0,20.6,1,0,0.6141,0.1085,0
TX-103829,CUST-1225,RECIP-8373,25.46,23,5,363,38,1,0,144.43,0,2.5,0,1,0.3929,0.3543,0
TX-103830,CUST-2346,RECIP-8653,74.27,17,6,1750,177,0,4,34.41,1,3.4,0,0,0.0003,0.1099,0
TX-103831,CUST-1304,RECIP-8985,62.52,19,3,156,913,0,3,63.75,0,0.9,0,0,0.0599,0.1652,0
TX-103832,CUST-2212,RECIP-9152,637.63,13,0,1089,40,1,0,106.74,3,4.8,0,0,0.4562,0.1556,0
TX-103833,CUST-1989,RECIP-6571,276.18,19,1,1254,20,1,0,72.56,1,1.2,0,0,0.1376,0.0664,1
TX-103834,CUST-1211,RECIP-5208,190.15,15,5,997,1319,0,5,223.87,2,24.5,0,0,0.2146,0.307,0
TX-103835,CUST-2087,RECIP-7940,103.72,16,0,1346,1180,0,8,173.23,0,15.4,0,0,0.479,0.0268,0
TX-103836,CUST-1294,RECIP-5405,371.12,20,3,310,1872,0,2,37.34,3,8.6,0,0,0.108,0.3428,0
TX-103837,CUST-1899,RECIP-6261,45.38,23,0,688,31,1,0,52.13,3,0.4,0,0,0.196,0.0754,0
TX-103838,CUST-2439,RECIP-8161,1855.46,13,2,42,40,1,0,234.24,6,20.7,0,0,0.2679,0.2023,0
TX-103839,CUST-2429,RECIP-7675,246.32,10,0,2405,1593,0,6,152.59,3,40.8,0,0,0.0433,0.1314,0
TX-103840,CUST-2306,RECIP-7729,721.91,15,0,2084,714,0,5,11.44,2,10.8,0,0,0.3343,0.1639,0
TX-103841,CUST-1741,RECIP-8380,105.72,17,1,656,1743,0,3,289.84,1,8.9,0,0,0.0589,0.0133,0
TX-103842,CUST-1839,RECIP-5741,58.77,23,3,119,2,1,0,100.61,0,1.7,0,1,0.1996,0.065,0
TX-103843,CUST-1450,RECIP-8559,91.56,16,4,697,38,1,0,96.74,2,0.5,0,0,0.1811,0.0927,0
TX-103844,CUST-2381,RECIP-7639,96.8,22,2,2391,21,1,0,51.22,3,4.1,0,0,0.0448,0.0426,1
TX-103845,CUST-1715,RECIP-6890,42.94,17,5,2033,1037,0,5,256.53,0,1386.0,0,0,0.2175,0.2769,0
TX-103846,CUST-2157,RECIP-7086,91.96,22,2,1657,1630,0,5,146.95,1,1831.0,0,0,0.0022,0.2442,0
TX-103847,CUST-1539,RECIP-7289,632.96,18,5,2309,334,0,8,89.88,0,5.4,0,1,0.6909,0.1145,0
TX-103848,CUST-2110,RECIP-7476,128.89,21,3,466,1711,0,6,12.73,3,16.6,0,0,0.0439,0.1624,0
TX-103849,CUST-1336,RECIP-6502,50.43,4,5,1354,1648,0,6,69.0,1,6.7,0,0,0.2597,0.1267,0
TX-103850,CUST-2100,RECIP-6003,16.97,23,6,1990,25,1,0,43.96,0,18.1,0,0,0.7054,0.2606,1
TX-103851,CUST-1068,RECIP-5760,32.28,8,6,77,1322,0,0,74.18,2,18.1,0,0,0.1168,0.1004,0
TX-103852,CUST-1157,RECIP-6533,24.25,19,4,1104,29,1,0,51.21,2,44.8,0,0,0.0258,0.0624,0
TX-103853,CUST-1528,RECIP-6172,37.03,9,6,907,1558,0,4,181.28,1,2.0,0,0,0.828,0.0716,0
TX-103854,CUST-1723,RECIP-7322,28.9,10,4,466,291,0,7,317.8,2,14.9,0,0,0.4534,0.1298,0
TX-103855,CUST-2067,RECIP-9104,147.79,17,1,583,1483,0,2,94.15,1,4.3,0,0,0.1308,0.0586,0
TX-103856,CUST-1538,RECIP-5486,31.85,12,6,2421,1375,0,1,41.76,1,16.7,1,0,0.1626,0.0975,0
TX-103857,CUST-1027,RECIP-6390,25.28,17,1,1292,537,0,2,76.12,0,40.6,0,1,0.0503,0.0586,0
TX-103858,CUST-1488,RECIP-5221,10.47,1,3,231,1640,0,2,71.46,0,11.0,0,0,0.0719,0.1119,0
TX-103859,CUST-1658,RECIP-9386,268.95,20,1,1715,614,0,5,324.12,2,19.4,0,0,0.1901,0.0728,0
TX-103860,CUST-1815,RECIP-8153,392.9,9,5,1490,36,1,0,102.69,0,19.8,1,0,0.2936,0.2268,1
TX-103861,CUST-1966,RECIP-6086,1134.39,18,6,999,1721,0,3,295.29,0,2.2,0,2,0.1501,0.4724,0
TX-103862,CUST-1371,RECIP-6864,103.54,6,5,1010,175,0,2,34.39,0,7.7,0,0,0.8987,0.0455,0
TX-103863,CUST-1915,RECIP-8253,185.71,14,0,1357,850,0,6,99.71,0,18.2,0,0,0.1717,0.0606,0
TX-103864,CUST-1947,RECIP-9309,220.36,14,1,2324,1276,0,3,45.6,0,1420.2,0,0,0.1318,0.1059,0
TX-103865,CUST-2164,RECIP-7582,25.27,3,2,1906,404,0,2,90.53,1,9.4,0,1,0.0267,0.0961,0
TX-103866,CUST-1783,RECIP-6219,68.49,11,0,1019,1056,0,3,145.01,3,6.5,0,0,0.1262,0.0611,0
TX-103867,CUST-2215,RECIP-8135,264.36,15,3,637,1306,0,1,32.15,2,15.2,0,0,0.3328,0.0525,0
TX-103868,CUST-1332,RECIP-8085,49.51,20,0,298,38,1,0,66.04,1,1915.8,0,0,0.3484,0.0238,0
TX-103869,CUST-2067,RECIP-7897,107.08,21,4,514,42,1,0,86.2,2,2.2,1,0,0.0493,0.059,0
TX-103870,CUST-1068,RECIP-5206,341.46,9,4,369,1673,0,4,114.32,0,23.9,0,0,0.2679,0.1032,0
TX-103871,CUST-1154,RECIP-8180,1250.96,15,4,2019,1306,0,1,31.1,2,19.0,0,0,0.428,0.2895,1
TX-103872,CUST-2297,RECIP-5088,266.18,4,6,1452,1048,0,0,135.25,1,14.0,0,0,0.185,0.0904,0
TX-103873,CUST-1712,RECIP-9074,22.31,21,5,121,1204,0,1,138.86,1,539.3,0,2,0.2152,0.2704,0
TX-103874,CUST-1931,RECIP-8968,41.92,20,1,2317,15,1,0,209.74,0,50.2,0,0,0.3478,0.1962,0
TX-103875,CUST-1905,RECIP-7535,341.59,23,4,401,1346,0,7,30.12,1,16.6,0,0,0.1329,0.0845,0
TX-103876,CUST-2042,RECIP-7907,39.59,11,5,1624,895,0,3,78.22,2,7.5,0,1,0.4367,0.1001,0
TX-103877,CUST-1368,RECIP-5305,234.65,8,5,60,1987,0,2,98.07,1,3070.3,0,1,0.1384,0.0268,0
TX-103878,CUST-1267,RECIP-8934,598.23,18,4,1484,1402,0,5,114.53,2,47.7,0,2,0.5279,0.033,0
TX-103879,CUST-1063,RECIP-6218,291.44,17,0,1401,597,0,4,104.71,0,27.7,0,0,0.1835,0.4143,0
TX-103880,CUST-2297,RECIP-6179,647.06,5,3,2274,1244,0,5,65.45,2,1.2,0,0,0.2608,0.0012,0
TX-103881,CUST-1335,RECIP-8186,25.72,12,6,1512,1952,0,5,107.09,3,8.9,0,0,0.0377,0.1577,0
TX-103882,CUST-1862,RECIP-9224,10.66,15,0,1238,1416,0,0,850.11,3,13.9,0,0,0.2285,0.0233,0
TX-103883,CUST-1682,RECIP-7223,37.9,10,4,1341,1541,0,2,152.2,2,3.4,1,0,0.3134,0.039,0
TX-103884,CUST-1243,RECIP-7283,90.48,8,3,1594,1343,0,3,31.16,3,918.2,0,1,0.1405,0.1888,0
TX-103885,CUST-1620,RECIP-7468,254.01,5,1,1053,1719,0,4,310.95,1,2.6,1,0,0.0421,0.1365,0
TX-103886,CUST-1124,RECIP-6310,38.2,9,2,1793,217,0,7,344.5,0,12.5,0,0,0.038,0.0808,0
TX-103887,CUST-1265,RECIP-7684,76.88,5,6,1336,13,1,0,185.05,1,5.2,0,0,0.0923,0.0361,0
TX-103888,CUST-1209,RECIP-9324,54.06,7,4,2423,1807,0,3,262.65,2,7.8,0,0,0.9084,0.2415,0
TX-103889,CUST-2236,RECIP-6721,1101.71,4,6,509,104,0,4,574.01,0,11.1,0,0,0.2071,0.0581,0
TX-103890,CUST-1851,RECIP-8478,91.44,9,3,1831,1589,0,6,123.26,1,12.2,0,0,0.5333,0.1809,0
TX-103891,CUST-2388,RECIP-8482,46.87,15,5,2070,1037,0,3,220.13,0,418.5,0,0,0.0442,0.5143,0
TX-103892,CUST-1653,RECIP-8828,257.08,9,4,1803,4,1,0,311.55,3,5.3,0,0,0.3827,0.2518,0
TX-103893,CUST-1302,RECIP-8255,2086.18,3,6,2452,24,1,0,55.9,2,5.8,0,0,0.4291,0.2642,1
TX-103894,CUST-1912,RECIP-9146,149.31,19,2,1102,677,0,6,308.16,1,3.0,0,0,0.1616,0.0965,0
TX-103895,CUST-2394,RECIP-8214,49.9,10,2,1365,1366,0,5,115.68,3,15.9,0,0,0.1825,0.0852,0
TX-103896,CUST-1798,RECIP-9392,14.47,14,0,410,1057,0,2,205.56,0,16.3,1,1,0.0776,0.4378,0
TX-103897,CUST-1026,RECIP-8218,66.49,12,1,954,1,1,0,198.4,2,3.7,0,0,0.0861,0.129,0
TX-103898,CUST-1455,RECIP-8766,24.1,12,0,424,654,0,3,60.03,0,1739.9,0,0,0.3185,0.1398,0
TX-103899,CUST-2387,RECIP-9006,155.87,10,1,1985,124,0,1,276.72,0,3.8,1,0,0.2494,0.1084,0
TX-103900,CUST-1777,RECIP-9425,566.81,18,2,1961,764,0,4,71.88,1,3.4,0,0,0.2216,0.1978,0
TX-103901,CUST-2427,RECIP-7679,250.11,20,6,506,1819,0,2,122.53,1,17.8,0,0,0.0149,0.014,0
TX-103902,CUST-1763,RECIP-8196,47.08,21,2,2013,1530,0,2,185.78,2,0.2,0,0,0.1117,0.2537,0
TX-103903,CUST-1018,RECIP-9351,1727.69,10,5,822,1839,0,4,152.87,0,14.7,0,0,0.3471,0.103,0
TX-103904,CUST-2309,RECIP-6711,40.1,8,5,1832,383,0,1,65.05,0,10.3,1,1,0.0428,0.3057,0
TX-103905,CUST-2144,RECIP-5536,13.01,1,6,2351,1270,0,5,38.05,0,12.3,0,0,0.0297,0.1671,0
TX-103906,CUST-2072,RECIP-8979,330.96,10,3,2078,6,1,0,53.56,3,4.9,0,0,0.2438,0.0696,1
TX-103907,CUST-2455,RECIP-7843,19.15,23,5,490,952,0,4,171.13,1,11.8,1,2,0.0659,0.2482,0
TX-103908,CUST-1294,RECIP-6928,80.48,6,2,475,43,1,0,148.78,2,15.3,0,0,0.0972,0.2577,0
TX-103909,CUST-2358,RECIP-8226,76.19,20,4,306,24,1,0,85.8,0,13.2,0,0,0.1657,0.0893,0
TX-103910,CUST-1348,RECIP-5146,55.2,18,5,2109,15,1,0,83.66,0,10.5,0,3,0.9175,0.1061,1
TX-103911,CUST-2456,RECIP-7147,172.08,15,0,1379,28,1,0,78.86,1,0.7,0,0,0.1477,0.0685,0
TX-103912,CUST-1287,RECIP-6194,16.46,13,0,414,1027,0,2,43.91,4,23.3,0,0,0.1643,0.1728,0
TX-103913,CUST-1825,RECIP-6296,130.35,18,1,1480,4,1,0,197.77,0,35.5,0,0,0.0387,0.1324,0
TX-103914,CUST-2184,RECIP-9361,34.39,2,5,1338,25,1,0,43.41,1,25.3,1,0,0.1184,0.0507,0
TX-103915,CUST-1117,RECIP-7475,93.0,3,3,1504,33,1,0,109.18,1,16.0,0,0,0.1092,0.1777,0
TX-103916,CUST-1100,RECIP-5631,35.41,4,1,1597,8,1,0,258.45,0,27.8,0,0,0.0621,0.0609,0
TX-103917,CUST-2274,RECIP-6641,99.8,18,5,436,1815,0,3,96.82,0,6.4,0,0,0.7358,0.1679,0
TX-103918,CUST-1090,RECIP-6091,219.16,10,0,986,1780,0,6,326.18,2,7.7,0,0,0.0835,0.008,0
TX-103919,CUST-1920,RECIP-9091,73.29,4,1,1811,252,0,3,44.65,2,21.3,0,0,0.2157,0.1242,0
TX-103920,CUST-2407,RECIP-6310,61.73,1,3,2275,42,1,0,36.75,2,14.4,1,1,0.0531,0.4091,0
TX-103921,CUST-1922,RECIP-6605,36.54,11,6,628,1445,0,8,17.7,1,23.5,0,1,0.0072,0.0423,0
TX-103922,CUST-1721,RECIP-6503,97.97,9,5,1440,268,0,6,175.3,3,13.8,0,0,0.3076,0.0475,0
TX-103923,CUST-1625,RECIP-5790,261.62,4,4,2371,26,1,0,22.68,2,0.2,0,0,0.8927,0.0199,1
TX-103924,CUST-1957,RECIP-8510,80.6,0,4,1514,574,0,2,327.78,1,873.1,0,0,0.002,0.1744,0
TX-103925,CUST-1857,RECIP-7593,407.33,18,2,593,1071,0,3,365.12,0,4.3,0,0,0.2084,0.0933,0
TX-103926,CUST-1752,RECIP-6966,66.15,18,3,1472,418,0,6,121.52,1,11.4,0,2,0.0882,0.1852,0
TX-103927,CUST-1230,RECIP-6781,724.53,5,6,72,249,0,2,54.23,2,1.5,0,0,0.4046,0.0771,0
TX-103928,CUST-1994,RECIP-8000,10.2,11,5,1238,1322,0,1,24.72,1,18.9,0,0,0.5026,0.0833,0
TX-103929,CUST-2109,RECIP-5431,295.95,6,4,1432,24,1,0,134.17,1,75.5,0,0,0.2998,0.2452,0
TX-103930,CUST-2063,RECIP-9192,35.57,9,0,169,13,1,0,98.25,2,31.1,0,0,0.1367,0.4003,0
TX-103931,CUST-1112,RECIP-7541,79.07,2,5,531,1227,0,2,118.49,1,9.6,0,0,0.0118,0.1887,0
TX-103932,CUST-2054,RECIP-6024,169.48,22,2,2472,1014,0,6,148.69,2,0.6,0,1,0.4563,0.1779,1
TX-103933,CUST-2094,RECIP-7420,1509.11,17,2,1582,1861,0,6,43.78,2,55.8,0,0,0.0133,0.0131,0
TX-103934,CUST-1275,RECIP-8834,1479.19,21,4,1162,1157,0,6,84.48,2,102.1,0,0,0.2807,0.0506,0
TX-103935,CUST-2273,RECIP-5779,228.71,7,2,596,993,0,1,111.42,0,3.0,0,0,0.187,0.0818,0
TX-103936,CUST-1785,RECIP-7357,36.62,20,4,336,20,1,0,549.73,1,7.9,0,0,0.2215,0.4099,0
TX-103937,CUST-1708,RECIP-7689,63.88,12,0,1087,1830,0,2,179.17,0,6.1,0,0,0.1701,0.4261,0
TX-103938,CUST-2084,RECIP-8645,189.86,4,1,1377,37,1,0,111.29,0,2.6,0,0,0.0596,0.2493,0
TX-103939,CUST-1764,RECIP-7553,16.96,7,3,473,416,0,6,46.54,1,52.5,0,0,0.5148,0.0586,0
TX-103940,CUST-1817,RECIP-8313,25.57,19,6,2008,71,0,2,259.68,0,36.7,0,0,0.1676,0.0844,0
TX-103941,CUST-1468,RECIP-8481,98.19,18,5,1089,19,1,0,353.94,1,1.7,0,0,0.0067,0.2985,0
TX-103942,CUST-2391,RECIP-9010,75.13,17,2,167,14,1,0,32.14,1,7.8,0,0,0.2049,0.4573,0
TX-103943,CUST-2454,RECIP-6627,114.28,5,6,367,1901,0,5,24.9,0,7.4,0,2,0.8317,0.0375,0
TX-103944,CUST-1195,RECIP-8167,14.14,15,1,2158,1263,0,10,104.16,1,27.1,0,0,0.0583,0.2436,0
TX-103945,CUST-2099,RECIP-6119,61.86,22,6,864,24,1,0,86.17,1,24.4,0,2,0.8475,0.3194,0
TX-103946,CUST-1035,RECIP-8799,67.94,1,2,950,13,1,0,288.25,1,9.5,0,0,0.0267,0.0325,0
TX-103947,CUST-1553,RECIP-9280,111.26,7,0,521,518,0,4,42.65,1,52.8,0,0,0.0006,0.0417,0
TX-103948,CUST-2454,RECIP-6323,228.56,1,0,2025,206,0,5,48.99,1,2.8,0,0,0.2682,0.306,0
TX-103949,CUST-1262,RECIP-7525,94.61,2,6,2045,334,0,4,31.62,0,438.5,0,0,0.0307,0.4021,0
TX-103950,CUST-1565,RECIP-8700,26.91,23,4,628,237,0,2,46.94,1,17.7,0,0,0.0448,0.0872,0
TX-103951,CUST-1329,RECIP-5122,128.54,5,1,1831,1436,0,4,112.41,0,9.4,1,0,0.506,0.0407,0
TX-103952,CUST-2092,RECIP-8172,13.1,4,6,1147,1385,0,3,31.77,2,4.8,0,0,0.3995,0.1597,0
TX-103953,CUST-1695,RECIP-8693,100.21,1,0,442,10,1,0,1127.84,0,9.8,0,0,0.0953,0.2537,0
TX-103954,CUST-1889,RECIP-8920,153.03,23,2,1995,35,1,0,15.03,2,0.4,1,1,0.3057,0.0747,1
TX-103955,CUST-2413,RECIP-5885,83.92,11,5,234,1,1,0,66.04,0,63.3,0,0,0.1203,0.0144,0
TX-103956,CUST-1781,RECIP-8407,184.84,18,0,2189,784,0,7,118.28,0,7.3,0,0,0.399,0.1034,0
TX-103957,CUST-2101,RECIP-8537,21.03,6,6,93,344,0,7,260.01,1,6.0,0,0,0.3806,0.2342,0
TX-103958,CUST-1146,RECIP-5012,16217.32,15,4,827,27,1,0,46.39,3,7.8,0,0,0.1914,0.0943,1
TX-103959,CUST-1322,RECIP-8173,32.59,21,6,589,684,0,2,24.91,1,9.3,0,0,0.1047,0.2386,0
TX-103960,CUST-2420,RECIP-7818,61.84,16,5,611,43,1,0,46.01,1,2224.7,0,1,0.4346,0.5476,0
TX-103961,CUST-2289,RECIP-9359,22.0,12,5,1216,675,0,2,393.43,1,0.8,0,3,0.222,0.0752,0
TX-103962,CUST-1985,RECIP-5193,2267.41,5,1,1886,1342,0,3,21.49,1,2694.4,0,1,0.0237,0.0591,0
TX-103963,CUST-1567,RECIP-9345,298.57,5,1,1017,1948,0,7,217.68,0,35.4,0,0,0.4404,0.3093,0
TX-103964,CUST-1299,RECIP-7571,22.32,14,1,1304,69,0,6,123.2,3,3.6,0,0,0.2022,0.2813,0
TX-103965,CUST-2277,RECIP-6234,327.62,10,1,2429,1190,0,3,134.26,0,3.5,0,0,0.107,0.2056,0
TX-103966,CUST-2177,RECIP-6743,367.4,1,4,1259,32,1,0,244.54,0,5.7,0,0,0.8496,0.2172,0
TX-103967,CUST-1362,RECIP-8449,18.22,4,0,1986,714,0,1,56.83,1,8.8,1,0,0.9202,0.1451,1
TX-103968,CUST-1884,RECIP-9482,344.53,10,2,980,1309,0,3,207.09,2,4.3,0,0,0.0307,0.0649,0
TX-103969,CUST-1927,RECIP-6425,57.19,4,4,223,639,0,3,111.98,2,8.6,1,0,0.1798,0.1431,0
TX-103970,CUST-1716,RECIP-9426,1039.67,13,3,662,910,0,0,37.1,2,6.8,0,0,0.1587,0.0232,0
TX-103971,CUST-2390,RECIP-7831,258.84,7,3,422,678,0,6,92.75,2,1.7,0,0,0.0581,0.1309,0
TX-103972,CUST-1186,RECIP-5864,252.52,6,1,2270,762,0,3,96.29,2,8.7,0,0,0.5966,0.2459,0
TX-103973,CUST-1386,RECIP-7689,463.09,2,0,95,15,1,0,15.83,3,1790.3,0,0,0.1198,0.2755,1
TX-103974,CUST-1142,RECIP-8607,36.41,12,6,2061,32,1,0,47.67,2,7.0,0,0,0.1384,0.0507,0
TX-103975,CUST-2039,RECIP-5245,160.42,4,3,371,1125,0,2,143.33,0,0.6,0,0,0.0698,0.0494,0
TX-103976,CUST-1966,RECIP-5355,222.05,15,4,401,1597,0,4,111.0,0,662.4,0,1,0.4302,0.1698,0
TX-103977,CUST-2480,RECIP-5023,150.35,22,3,1337,38,1,0,218.8,1,12.5,0,0,0.1478,0.1367,0
TX-103978,CUST-1813,RECIP-7566,83.98,21,2,230,1533,0,4,261.08,1,5.8,0,1,0.1447,0.1448,0
TX-103979,CUST-1225,RECIP-5259,188.54,16,5,219,40,1,0,50.92,1,2719.4,0,0,0.0742,0.3621,0
TX-103980,CUST-1676,RECIP-9194,14.97,19,2,1945,961,0,4,57.2,0,9.5,0,0,0.0605,0.1369,0
TX-103981,CUST-1132,RECIP-5575,201.21,22,2,177,110,0,5,30.53,3,2.5,0,0,0.1885,0.112,0
TX-103982,CUST-2006,RECIP-5322,832.32,16,5,1505,1427,0,8,145.82,3,24.9,0,0,0.0536,0.1346,0
TX-103983,CUST-2011,RECIP-6159,305.6,6,2,321,1392,0,2,66.0,4,5.4,0,0,0.1561,0.0981,0
TX-103984,CUST-2286,RECIP-8434,107.37,12,4,241,1050,0,2,238.66,1,2.0,1,0,0.0221,0.4307,0
TX-103985,CUST-1509,RECIP-9081,1934.21,20,4,1683,1464,0,3,216.55,0,5.3,0,0,0.3238,0.2304,0
TX-103986,CUST-1465,RECIP-6129,171.01,16,0,998,1337,0,6,143.86,1,5.7,0,0,0.0491,0.0641,0
TX-103987,CUST-1106,RECIP-7333,645.19,8,4,77,31,1,0,71.49,2,10.2,0,0,0.0158,0.2123,0
TX-103988,CUST-1622,RECIP-8481,39.41,4,5,1713,27,1,0,225.74,2,0.1,1,0,0.1071,0.1784,0
TX-103989,CUST-1712,RECIP-8586,251.93,3,1,2424,1319,0,6,99.3,0,1.2,1,0,0.0713,0.2467,0
TX-103990,CUST-2131,RECIP-5688,128.61,9,6,1415,250,0,3,119.11,2,4.4,0,1,0.1669,0.1424,0
TX-103991,CUST-2130,RECIP-8772,121.97,19,0,970,1762,0,4,23.31,0,5.0,0,0,0.0718,0.0978,0
TX-103992,CUST-1210,RECIP-8902,248.24,13,1,2114,736,0,2,132.18,1,3.3,0,0,0.267,0.2014,0
TX-103993,CUST-1427,RECIP-8307,177.9,1,6,861,1229,0,4,102.75,0,7.4,0,1,0.9386,0.0382,0
TX-103994,CUST-1767,RECIP-7372,401.8,22,5,1544,32,1,0,91.23,2,12.1,0,0,0.1817,0.1876,0
TX-103995,CUST-1502,RECIP-6761,867.83,9,5,1202,1356,0,3,64.06,2,7.5,0,1,0.0601,0.0611,1
TX-103996,CUST-1038,RECIP-9002,162.07,9,4,1823,20,1,0,31.23,0,13.9,1,2,0.2012,0.1182,1
TX-103997,CUST-2268,RECIP-8887,4290.05,19,1,1309,1419,0,7,95.1,2,8.2,0,0,0.1358,0.0679,0
TX-103998,CUST-2096,RECIP-7331,45.61,9,3,1220,396,0,2,19.57,3,18.6,0,1,0.2726,0.2085,0
TX-103999,CUST-1780,RECIP-8339,31.09,14,3,1067,689,0,3,83.48,1,17.9,0,0,0.1937,0.0858,0
TX-104000,CUST-1476,RECIP-6799,80.86,22,0,760,136,0,5,64.97,0,1.3,0,0,0.102,0.066,0
TX-104001,CUST-2264,RECIP-8344,93.72,12,4,1231,359,0,5,265.64,3,3.7,0,3,0.1932,0.3438,0
TX-104002,CUST-1052,RECIP-5401,115.69,14,0,179,167,0,6,404.25,3,3281.1,0,1,0.8869,0.05,0
TX-104003,CUST-1669,RECIP-9057,214.84,8,0,869,38,1,0,31.71,2,0.5,0,0,0.1453,0.5223,0
TX-104004,CUST-2201,RECIP-7319,161.58,21,1,218,202,0,6,178.81,0,27.4,0,0,0.4068,0.1824,0
TX-104005,CUST-2429,RECIP-7693,1595.12,1,1,825,509,0,2,60.21,2,55.5,0,0,0.5274,0.0536,0
TX-104006,CUST-1377,RECIP-5852,367.23,6,0,898,997,0,1,69.47,1,1.8,0,0,0.0846,0.0481,0
TX-104007,CUST-1976,RECIP-7378,618.68,23,6,97,1392,0,3,68.55,0,5.0,0,0,0.0249,0.0189,0
TX-104008,CUST-1284,RECIP-5014,241.32,11,5,761,108,0,3,262.91,2,0.1,0,0,0.2378,0.2088,0
TX-104009,CUST-1173,RECIP-9005,86.5,4,3,1689,1446,0,3,90.99,0,50.1,0,0,0.4284,0.1458,0
TX-104010,CUST-1529,RECIP-8369,182.94,9,2,2425,1067,0,9,136.16,1,5.2,0,0,0.1285,0.0924,0
TX-104011,CUST-2327,RECIP-7045,128.48,6,1,1554,6,1,0,28.33,1,3.0,0,0,0.0663,0.2306,0
TX-104012,CUST-2034,RECIP-8761,12.94,12,6,1788,248,0,5,42.01,2,439.6,0,0,0.0576,0.2789,0
TX-104013,CUST-1733,RECIP-8652,41.23,5,5,1681,1911,0,2,65.44,1,25.6,0,0,0.0968,0.2967,0
TX-104014,CUST-1424,RECIP-5535,106.51,9,5,2363,932,0,3,99.32,1,2.3,0,0,0.758,0.1199,0
TX-104015,CUST-1212,RECIP-5242,206.64,21,3,2354,1854,0,3,164.23,1,53.0,0,0,0.7993,0.0894,0
TX-104016,CUST-1406,RECIP-6141,26.78,1,0,312,1059,0,4,63.96,2,3.2,1,0,0.1535,0.1448,0
TX-104017,CUST-1229,RECIP-5005,414.72,18,4,1198,315,0,2,283.9,2,27.0,0,0,0.1444,0.1575,0
TX-104018,CUST-1280,RECIP-7579,1021.3,1,3,2272,19,1,0,80.76,1,19.4,0,0,0.0697,0.0715,1
TX-104019,CUST-2031,RECIP-7377,30.6,10,2,2207,986,0,3,59.11,0,13.8,0,0,0.0065,0.0137,0
TX-104020,CUST-1199,RECIP-7420,89.53,16,2,1350,793,0,5,189.4,3,345.1,0,0,0.0783,0.074,0
TX-104021,CUST-1071,RECIP-5331,243.48,22,0,1126,465,0,3,168.8,1,2.2,0,0,0.8111,0.0064,0
TX-104022,CUST-1813,RECIP-9131,4093.72,6,6,173,921,0,3,25.78,0,21.9,0,3,0.7903,0.2426,0
TX-104023,CUST-1429,RECIP-9394,20.35,1,1,1209,1930,0,1,325.96,2,29.9,0,4,0.0922,0.1119,0
TX-104024,CUST-1682,RECIP-7657,44.02,18,5,1280,13,1,0,65.92,1,3.0,0,0,0.198,0.3116,0
TX-104025,CUST-1209,RECIP-5024,281.57,21,6,1593,1158,0,5,84.22,1,2896.2,0,1,0.1585,0.1023,0
TX-104026,CUST-1314,RECIP-6781,25.84,13,0,1319,123,0,6,51.21,1,26.1,0,0,0.1553,0.2441,0
TX-104027,CUST-1661,RECIP-8231,174.59,1,4,563,1418,0,2,71.71,1,22.2,0,0,0.0743,0.1713,0
TX-104028,CUST-2035,RECIP-8369,89.37,12,0,2421,1788,0,3,27.31,1,2.9,0,1,0.5136,0.3396,0
TX-104029,CUST-1621,RECIP-6095,71.8,9,5,566,1957,0,0,123.38,1,21.3,0,0,0.2343,0.2875,0
TX-104030,CUST-1812,RECIP-8702,6.82,10,3,975,1633,0,6,61.37,1,17.7,0,0,0.3364,0.0022,0
TX-104031,CUST-1782,RECIP-9353,291.0,1,0,1289,1365,0,3,78.11,3,2543.5,0,0,0.2454,0.0788,0
TX-104032,CUST-1403,RECIP-7289,248.91,7,5,754,1190,0,3,206.43,0,31.9,0,0,0.1281,0.1504,0
TX-104033,CUST-1419,RECIP-6716,46.74,23,5,199,1749,0,4,138.46,1,18.6,0,0,0.899,0.1726,0
TX-104034,CUST-1638,RECIP-7367,153.07,1,6,1539,79,0,6,98.02,3,24.3,0,1,0.1503,0.0389,0
TX-104035,CUST-1048,RECIP-5122,90.58,21,3,614,526,0,3,429.98,1,32.5,0,0,0.1862,0.2287,0
TX-104036,CUST-2028,RECIP-7355,90.06,12,6,2201,146,0,5,40.84,0,4.9,0,0,0.1359,0.1832,0
TX-104037,CUST-1921,RECIP-5121,763.77,14,4,1989,10,1,0,103.27,0,3161.7,0,3,0.2246,0.0777,0
TX-104038,CUST-1459,RECIP-5156,48.79,22,3,1087,16,1,0,254.73,1,11.9,0,0,0.3616,0.0177,0
TX-104039,CUST-1560,RECIP-7490,45.39,5,2,1175,915,0,6,308.26,2,13.1,0,0,0.1823,0.0818,0
TX-104040,CUST-1493,RECIP-7298,172.91,23,2,2375,1400,0,1,32.37,0,3.6,0,0,0.011,0.0667,0
TX-104041,CUST-1977,RECIP-9440,31.85,6,4,95,1770,0,3,56.64,1,30.4,0,0,0.2871,0.0745,0
TX-104042,CUST-2139,RECIP-7284,43.92,8,5,965,1222,0,4,230.7,0,3.4,0,3,0.4939,0.3095,0
TX-104043,CUST-1163,RECIP-9408,95.05,10,0,180,135,0,3,69.26,2,9.9,0,0,0.9796,0.0504,0
TX-104044,CUST-1619,RECIP-8631,178.53,14,2,372,251,0,4,102.65,0,3237.0,0,0,0.5824,0.1418,0
TX-104045,CUST-1020,RECIP-6517,450.17,7,0,2301,916,0,7,68.34,0,1.8,0,0,0.1203,0.3547,0
TX-104046,CUST-1678,RECIP-9167,36.57,19,2,280,1249,0,4,97.45,0,25.6,1,0,0.1791,0.4593,0
TX-104047,CUST-1372,RECIP-7172,65.28,0,5,2393,1660,0,3,7.35,1,2.3,0,0,0.1888,0.0137,0
TX-104048,CUST-1503,RECIP-7677,33.58,15,4,1965,785,0,7,73.87,1,3.6,0,2,0.4636,0.0915,0
TX-104049,CUST-1684,RECIP-5452,78.39,15,0,1613,404,0,8,94.21,0,18.5,0,0,0.2817,0.3546,0
TX-104050,CUST-1485,RECIP-5956,7.61,12,5,1862,20,1,0,70.47,3,2214.0,0,0,0.2216,0.2129,0
TX-104051,CUST-1591,RECIP-7349,468.66,14,0,486,1254,0,3,107.83,1,18.5,0,0,0.0588,0.0806,0
TX-104052,CUST-2147,RECIP-6220,83.16,17,0,319,1,1,0,36.66,2,3049.7,0,1,0.0891,0.2173,0
TX-104053,CUST-2215,RECIP-7698,12.51,21,6,939,195,0,7,121.8,1,8.6,0,0,0.9346,0.0077,0
TX-104054,CUST-1008,RECIP-5359,47.41,5,0,1918,77,0,3,342.55,1,6.8,0,0,0.3933,0.5054,0
TX-104055,CUST-1566,RECIP-6129,95.29,11,1,784,80,0,3,262.11,1,1.8,1,0,0.3678,0.1539,0
TX-104056,CUST-2270,RECIP-7993,77.97,13,0,464,1119,0,1,168.63,0,26.4,0,0,0.5687,0.1064,0
TX-104057,CUST-1795,RECIP-7754,20.65,8,4,1969,33,1,0,121.06,1,48.2,0,2,0.185,0.193,0
TX-104058,CUST-1307,RECIP-9426,347.16,23,3,1596,6,1,0,58.29,1,10.7,0,0,0.2647,0.0531,0
TX-104059,CUST-1890,RECIP-9048,228.31,12,5,1356,43,1,0,68.6,0,22.4,0,1,0.465,0.0121,0
TX-104060,CUST-1217,RECIP-8647,21.07,14,6,1048,1034,0,1,190.18,2,3022.8,0,0,0.089,0.0721,0
TX-104061,CUST-1032,RECIP-5004,127.04,4,5,1955,1,1,0,89.23,3,2.9,0,0,0.1737,0.0182,0
TX-104062,CUST-1948,RECIP-7711,32.17,9,3,1844,9,1,0,485.37,2,11.5,0,0,0.8975,0.4358,1
TX-104063,CUST-1772,RECIP-6030,19.77,15,0,920,44,1,0,26.83,3,41.8,0,0,0.2155,0.0911,0
TX-104064,CUST-2134,RECIP-6201,32.16,10,6,349,1682,0,3,85.03,1,1.2,1,0,0.0158,0.036,0
TX-104065,CUST-1517,RECIP-5944,197.74,18,3,2177,1473,0,0,65.3,0,499.7,0,1,0.2833,0.2515,0
TX-104066,CUST-2281,RECIP-7051,28.81,3,1,367,43,1,0,177.94,1,8.3,0,1,0.3588,0.1151,0
TX-104067,CUST-1631,RECIP-5557,117.24,3,3,1090,776,0,4,208.89,2,14.7,1,1,0.1604,0.0452,0
TX-104068,CUST-2107,RECIP-7393,18.09,8,2,2242,686,0,3,37.88,1,14.9,0,0,0.1873,0.0454,0
TX-104069,CUST-1150,RECIP-5747,184.87,7,2,1060,988,0,7,36.37,2,9.4,0,0,0.9563,0.129,0
TX-104070,CUST-1145,RECIP-7252,63.07,19,3,2083,1660,0,5,55.69,2,2.0,0,1,0.0818,0.0434,0
TX-104071,CUST-2174,RECIP-7816,137.78,20,5,1238,1030,0,4,150.18,2,1086.8,0,0,0.1011,0.0997,0
TX-104072,CUST-2250,RECIP-5808,22.29,11,1,1870,711,0,6,138.04,1,3.6,0,0,0.0983,0.025,0
TX-104073,CUST-2413,RECIP-5462,915.88,12,6,1491,8,1,0,29.27,0,8.3,0,0,0.2785,0.0586,0
TX-104074,CUST-1486,RECIP-8628,723.78,7,0,721,819,0,4,124.01,1,10.4,0,0,0.8294,0.355,0
TX-104075,CUST-1033,RECIP-8323,5.27,12,1,2238,1759,0,6,112.03,0,10.6,0,0,0.4464,0.0267,0
TX-104076,CUST-2469,RECIP-6176,354.9,16,4,1184,34,1,0,95.2,2,7.6,0,0,0.2214,0.0126,0
TX-104077,CUST-1902,RECIP-8991,103.74,17,1,1160,183,0,4,154.69,3,28.7,0,0,0.0421,0.0715,0
TX-104078,CUST-1370,RECIP-5995,148.94,23,5,1656,28,1,0,117.97,0,20.6,0,0,0.0497,0.3826,0
TX-104079,CUST-2145,RECIP-9169,139.72,13,5,2327,1402,0,7,105.71,0,5.3,0,1,0.6546,0.1464,0
TX-104080,CUST-2355,RECIP-5509,240.69,8,3,2182,1835,0,2,238.59,2,14.2,0,0,0.3584,0.0906,0
TX-104081,CUST-1427,RECIP-7970,45.79,1,3,1002,1113,0,4,313.05,1,7.4,0,4,0.7564,0.0499,0
TX-104082,CUST-2154,RECIP-5086,16.89,16,6,601,35,1,0,73.15,0,0.7,0,0,0.1414,0.1238,0
TX-104083,CUST-2181,RECIP-5888,42.61,19,5,831,747,0,7,94.84,0,6.9,0,0,0.1421,0.2617,0
TX-104084,CUST-1752,RECIP-6821,37.03,13,4,678,23,1,0,164.68,1,6.8,0,0,0.0532,0.2263,0
TX-104085,CUST-1948,RECIP-5383,90.52,22,0,758,1015,0,2,86.37,0,10.8,0,0,0.3651,0.329,0
TX-104086,CUST-1404,RECIP-7056,87.48,7,4,1093,806,0,7,167.69,1,14.7,0,0,0.1243,0.0696,0
TX-104087,CUST-2393,RECIP-6044,50.56,1,0,82,16,1,0,109.62,0,37.1,0,0,0.7763,0.1055,1
TX-104088,CUST-2474,RECIP-5445,41.54,15,1,1346,869,0,1,178.07,0,2.2,0,0,0.0827,0.1346,0
TX-104089,CUST-2471,RECIP-9328,186.82,2,4,2127,1559,0,2,164.57,2,38.1,0,0,0.0905,0.161,0
TX-104090,CUST-2105,RECIP-9418,27.67,2,2,1092,100,0,3,93.41,2,11.6,0,0,0.1097,0.1639,0
TX-104091,CUST-1063,RECIP-9330,205.72,16,6,225,17,1,0,194.91,1,3384.1,0,1,0.1237,0.125,0
TX-104092,CUST-1549,RECIP-5693,84.46,10,6,992,21,1,0,169.7,0,2024.9,0,0,0.1165,0.13,0
TX-104093,CUST-1667,RECIP-6718,48.3,14,0,855,31,1,0,566.24,3,10.5,0,0,0.1351,0.0752,0
TX-104094,CUST-2439,RECIP-6473,29.73,17,6,1498,1116,0,4,25.1,3,70.1,0,0,0.1224,0.3085,0
TX-104095,CUST-1820,RECIP-6466,414.91,9,6,648,9,1,0,163.95,0,1.5,0,0,0.3582,0.3957,0
TX-104096,CUST-1804,RECIP-6874,13.18,14,0,773,10,1,0,217.51,1,31.2,0,0,0.3946,0.0727,0
TX-104097,CUST-1220,RECIP-7295,1378.05,12,2,1868,1026,0,6,528.76,1,21.8,1,0,0.272,0.1783,0
TX-104098,CUST-2190,RECIP-7183,77.33,13,6,463,848,0,5,67.62,2,23.8,0,0,0.2924,0.1564,0
TX-104099,CUST-1504,RECIP-6312,67.15,16,0,2333,926,0,4,108.13,2,16.1,0,0,0.2456,0.0186,0
TX-104100,CUST-1137,RECIP-9409,21.74,9,0,765,1632,0,5,70.42,2,2786.6,0,0,0.0055,0.0265,0
TX-104101,CUST-2481,RECIP-9408,304.22,12,3,2047,24,1,0,377.32,1,8.9,0,0,0.0775,0.2135,0
TX-104102,CUST-1285,RECIP-6490,1156.95,14,6,232,205,0,4,55.85,4,2.0,0,0,0.0484,0.1043,0
TX-104103,CUST-1024,RECIP-5995,298.86,3,1,820,1985,0,5,68.9,2,20.6,0,0,0.0344,0.1935,0
TX-104104,CUST-1116,RECIP-7397,3843.0,5,5,961,158,0,5,33.41,1,11.7,1,0,0.1655,0.1394,0
TX-104105,CUST-1678,RECIP-6661,196.58,2,4,1155,1905,0,6,12.23,2,47.4,0,1,0.002,0.0618,0
TX-104106,CUST-1154,RECIP-9442,120.27,4,1,257,35,1,0,99.99,0,2924.2,0,0,0.4427,0.2206,0
TX-104107,CUST-2263,RECIP-6932,443.31,10,2,640,1493,0,6,92.14,0,33.6,0,0,0.0452,0.0696,0
TX-104108,CUST-1768,RECIP-5179,115.17,22,4,2196,11,1,0,83.67,1,1.9,0,0,0.0391,0.2439,0
TX-104109,CUST-1485,RECIP-5562,1218.59,22,3,2312,13,1,0,157.24,3,32.3,0,0,0.1404,0.0912,0
TX-104110,CUST-1004,RECIP-5335,370.23,18,1,1119,1209,0,4,177.09,0,19.1,0,0,0.347,0.1305,0
TX-104111,CUST-1719,RECIP-6722,134.97,13,1,323,679,0,5,59.44,1,8.5,0,0,0.1959,0.1569,0
TX-104112,CUST-1226,RECIP-6424,187.11,4,3,710,1036,0,0,104.27,1,9.1,0,0,0.0826,0.0481,0
TX-104113,CUST-2467,RECIP-8855,85.74,8,5,2381,1,1,0,91.16,2,34.8,0,0,0.7672,0.0875,0
TX-104114,CUST-1436,RECIP-9007,622.8,18,2,2299,268,0,5,99.74,1,15.3,0,0,0.9368,0.1089,1
TX-104115,CUST-1712,RECIP-5631,48.25,21,6,2039,943,0,6,305.13,1,4.0,0,0,0.3167,0.0477,0
TX-104116,CUST-1027,RECIP-9250,189.65,23,4,2161,713,0,4,135.56,0,7.8,0,0,0.3259,0.0049,0
TX-104117,CUST-1196,RECIP-7628,1387.02,9,2,1787,23,1,0,216.4,1,2.1,0,1,0.1014,0.2256,0
TX-104118,CUST-1311,RECIP-6380,38.41,11,4,1569,988,0,2,85.25,2,7.5,0,0,0.3073,0.1656,0
TX-104119,CUST-1077,RECIP-6829,146.17,12,3,1941,274,0,8,42.4,3,1536.8,0,0,0.0697,0.0052,0
TX-104120,CUST-2088,RECIP-6986,5.0,1,5,1626,20,1,0,222.28,1,728.2,0,0,0.3045,0.0434,0
TX-104121,CUST-2418,RECIP-5767,245.4,2,6,868,1681,0,1,172.1,2,742.5,0,0,0.0011,0.2284,0
TX-104122,CUST-2478,RECIP-8903,506.69,1,5,1613,678,0,3,69.67,2,3.3,0,0,0.1176,0.2883,0
TX-104123,CUST-1398,RECIP-5055,51.49,17,0,760,44,1,0,86.82,2,22.7,0,0,0.0675,0.4318,0
TX-104124,CUST-2183,RECIP-5313,61.84,5,0,1573,1341,0,4,149.95,2,896.6,0,0,0.2279,0.2245,0
TX-104125,CUST-1756,RECIP-6230,74.56,16,5,972,1546,0,3,130.52,2,31.7,0,0,0.676,0.0343,0
TX-104126,CUST-1068,RECIP-5646,283.52,9,5,1234,1739,0,3,90.49,1,5.5,0,2,0.1029,0.1476,0
TX-104127,CUST-1136,RECIP-5278,494.9,19,3,478,1277,0,3,43.79,2,22.2,0,0,0.0108,0.0838,0
TX-104128,CUST-1821,RECIP-6725,388.11,2,1,2393,573,0,3,416.88,0,3.3,0,1,0.0935,0.0911,0
TX-104129,CUST-1635,RECIP-6695,335.76,7,6,1873,25,1,0,98.89,1,19.1,0,0,0.3195,0.2699,0
TX-104130,CUST-1012,RECIP-5565,139.14,4,3,294,1432,0,0,235.62,1,4.6,0,0,0.0895,0.0976,0
TX-104131,CUST-2395,RECIP-8645,9.98,10,2,1203,1710,0,3,15.84,0,5.6,0,0,0.8802,0.079,0
TX-104132,CUST-2095,RECIP-8971,73.28,13,2,1152,1842,0,7,39.4,1,3.5,0,0,0.172,0.1039,0
TX-104133,CUST-1753,RECIP-8238,2139.63,4,2,2217,1699,0,8,227.54,1,4.6,0,0,0.0456,0.0866,0
TX-104134,CUST-2480,RECIP-7349,249.18,16,1,1895,1276,0,8,86.54,1,10.5,0,0,0.1684,0.1359,0
TX-104135,CUST-2456,RECIP-9263,73.73,23,2,2199,34,1,0,219.31,2,1694.3,0,1,0.1341,0.0791,1
TX-104136,CUST-2460,RECIP-6577,11.7,1,4,1182,867,0,3,63.88,2,8.2,0,0,0.1515,0.0862,0
TX-104137,CUST-1388,RECIP-6921,242.04,2,0,414,296,0,8,90.08,1,5.3,0,0,0.2874,0.2635,0
TX-104138,CUST-2321,RECIP-5067,34.79,22,2,1811,911,0,10,56.25,1,13.2,0,0,0.518,0.1401,0
TX-104139,CUST-1756,RECIP-8185,34.92,15,1,570,1224,0,1,207.19,0,2407.6,0,3,0.095,0.0441,0
TX-104140,CUST-2089,RECIP-5416,283.81,22,4,1602,1368,0,3,77.55,1,7.1,0,0,0.1176,0.1541,0
TX-104141,CUST-2289,RECIP-7994,109.21,16,6,1044,512,0,6,185.56,0,1207.1,0,0,0.0233,0.0255,0
TX-104142,CUST-1244,RECIP-8520,246.44,17,5,893,1410,0,5,308.3,1,3245.3,1,0,0.1832,0.0442,0
TX-104143,CUST-1672,RECIP-5976,20.02,3,1,323,704,0,4,85.53,0,1.5,0,0,0.0831,0.32,0
TX-104144,CUST-1193,RECIP-7754,82.75,12,3,2006,1409,0,5,92.79,1,26.0,0,0,0.1408,0.0886,0
TX-104145,CUST-1419,RECIP-6366,14.75,8,0,1732,1877,0,1,67.56,1,1287.3,0,1,0.7583,0.235,0
TX-104146,CUST-1620,RECIP-6792,281.08,20,2,874,621,0,3,440.95,2,5.4,0,2,0.1422,0.1431,0
TX-104147,CUST-2283,RECIP-7384,223.27,1,1,1851,11,1,0,91.77,2,1.7,0,0,0.2456,0.1443,0
TX-104148,CUST-2293,RECIP-6122,347.04,0,3,2466,1936,0,5,83.4,0,0.5,0,0,0.8398,0.0861,0
TX-104149,CUST-1584,RECIP-8584,69.74,13,2,1811,972,0,2,43.19,1,10.4,1,4,0.0663,0.3361,0
TX-104150,CUST-1493,RECIP-6775,177.61,23,4,2375,508,0,8,65.6,1,27.4,0,0,0.3182,0.2438,0
TX-104151,CUST-1796,RECIP-7078,30.4,23,3,1191,632,0,2,71.47,0,7.8,0,2,0.5369,0.1202,0
TX-104152,CUST-2367,RECIP-8666,13.59,14,6,960,3,1,0,226.28,1,5.1,0,0,0.015,0.2175,0
TX-104153,CUST-2464,RECIP-6024,86.34,10,0,2112,734,0,3,79.5,1,5.1,0,0,0.0511,0.1223,0
TX-104154,CUST-1340,RECIP-7035,211.16,6,6,1667,1815,0,4,75.98,1,14.1,0,0,0.1488,0.0524,0
TX-104155,CUST-1279,RECIP-9470,30.24,23,5,1526,777,0,2,176.59,0,3.6,0,0,0.1666,0.0102,0
TX-104156,CUST-2060,RECIP-6798,395.04,4,4,1615,37,1,0,101.64,3,14.9,0,0,0.1093,0.4821,0
TX-104157,CUST-1452,RECIP-5520,140.4,3,5,2484,564,0,2,44.06,2,5.1,0,0,0.2978,0.1259,0
TX-104158,CUST-1299,RECIP-6279,375.38,12,0,1727,1429,0,10,318.67,0,78.0,1,0,0.143,0.2871,0
TX-104159,CUST-1046,RECIP-9301,28.46,9,1,2044,1541,0,4,65.77,1,36.0,0,0,0.3862,0.1858,0
TX-104160,CUST-1604,RECIP-8416,29.81,11,0,118,1154,0,2,123.1,2,1.1,0,0,0.2173,0.1117,0
TX-104161,CUST-1587,RECIP-8640,43.42,21,5,1813,1635,0,2,139.27,0,3.4,0,0,0.0548,0.1169,0
TX-104162,CUST-1844,RECIP-6141,450.2,6,2,814,592,0,2,19.06,5,7.6,0,0,0.1529,0.2876,1
TX-104163,CUST-1300,RECIP-8775,97.41,21,2,334,1106,0,1,77.88,1,5.1,0,0,0.2047,0.0005,0
TX-104164,CUST-2071,RECIP-6770,72.81,5,4,712,5,1,0,63.94,2,3.1,0,0,0.2054,0.0309,0
TX-104165,CUST-2020,RECIP-8577,406.29,7,2,2086,43,1,0,40.83,0,36.4,0,0,0.1558,0.1315,1
TX-104166,CUST-1693,RECIP-8963,23.57,0,4,2049,38,1,0,90.85,1,2.3,0,0,0.2082,0.1656,0
TX-104167,CUST-1271,RECIP-5936,120.29,16,6,784,325,0,4,108.51,1,0.4,0,0,0.1891,0.1217,0
TX-104168,CUST-1760,RECIP-9223,80.86,20,2,504,1579,0,4,149.01,0,43.3,1,0,0.1413,0.1144,0
TX-104169,CUST-2012,RECIP-7846,529.86,21,6,1064,1042,0,4,108.07,5,2.6,0,0,0.25,0.2055,0
TX-104170,CUST-1559,RECIP-8288,255.59,4,3,849,168,0,5,95.93,1,1617.7,0,0,0.2922,0.0909,0
TX-104171,CUST-1395,RECIP-8405,52.57,18,2,1173,18,1,0,330.45,0,8.3,1,0,0.1206,0.26,0
TX-104172,CUST-1759,RECIP-5758,589.98,3,6,1966,1028,0,0,76.48,2,1.7,0,0,0.7616,0.166,1
TX-104173,CUST-1532,RECIP-8355,110.27,15,3,848,32,1,0,28.23,1,1226.9,0,1,0.0029,0.1539,0
TX-104174,CUST-1600,RECIP-5958,170.95,16,0,458,756,0,3,54.03,0,15.3,0,0,0.0754,0.1687,0
TX-104175,CUST-1523,RECIP-6222,139.66,3,2,297,11,1,0,231.25,0,2.2,0,0,0.1366,0.0761,0
TX-104176,CUST-1455,RECIP-5524,6819.69,2,5,1722,17,1,0,85.48,2,19.7,0,0,0.2341,0.0632,1
TX-104177,CUST-2075,RECIP-5815,6.32,1,3,522,1215,0,4,51.51,2,17.3,0,0,0.2413,0.3365,0
TX-104178,CUST-1690,RECIP-9405,162.7,17,3,572,1099,0,5,170.84,2,10.3,0,0,0.0539,0.1504,0
TX-104179,CUST-1699,RECIP-6476,1091.81,14,4,2014,1922,0,3,320.19,1,12.6,0,0,0.8527,0.201,0
TX-104180,CUST-1979,RECIP-6741,22.46,2,1,259,33,1,0,86.56,1,7.2,0,0,0.092,0.0194,0
TX-104181,CUST-1541,RECIP-7159,30.8,12,0,1641,251,0,5,162.04,0,16.3,0,1,0.0939,0.1484,0
TX-104182,CUST-1151,RECIP-8208,116.87,19,3,57,15,1,0,301.23,1,6.5,0,0,0.0017,0.0745,0
TX-104183,CUST-2278,RECIP-7582,360.29,5,6,2358,142,0,7,475.38,2,10.7,0,0,0.1154,0.065,0
TX-104184,CUST-1083,RECIP-7412,130.72,14,0,1792,1079,0,5,152.41,0,3.6,0,0,0.0692,0.0387,0
TX-104185,CUST-1857,RECIP-8766,71.12,7,5,2058,20,1,0,96.16,2,6.8,0,3,0.2895,0.1712,0
TX-104186,CUST-1398,RECIP-7231,89.07,6,6,1675,994,0,2,95.26,3,5.6,0,0,0.096,0.2707,0
TX-104187,CUST-1320,RECIP-8460,60.36,9,0,1023,2,1,0,19.5,2,22.6,0,0,0.1602,0.2817,0
TX-104188,CUST-1062,RECIP-9099,54.13,8,0,2488,270,0,4,38.33,0,2836.3,1,0,0.0364,0.2554,0
TX-104189,CUST-2350,RECIP-8042,20.18,11,6,1971,157,0,6,145.63,2,5.6,0,0,0.3544,0.1605,0
TX-104190,CUST-1643,RECIP-5158,932.69,4,0,249,1809,0,8,713.77,0,6.4,0,0,0.2509,0.0769,0
TX-104191,CUST-1513,RECIP-6185,109.48,9,5,1453,5,1,0,65.34,0,2048.5,0,0,0.0429,0.0822,1
TX-104192,CUST-2111,RECIP-7779,29.58,14,5,1370,917,0,4,84.63,1,0.3,0,0,0.2106,0.2191,0
TX-104193,CUST-1058,RECIP-7154,310.31,9,2,737,1970,0,10,136.81,3,3414.7,0,0,0.027,0.3592,0
TX-104194,CUST-1846,RECIP-6281,6.92,15,2,1156,1466,0,4,324.67,2,15.4,0,3,0.0674,0.0866,0
TX-104195,CUST-1741,RECIP-6509,21.78,2,3,2438,1303,0,6,53.68,2,3051.5,0,1,0.1212,0.1021,0
TX-104196,CUST-1830,RECIP-5352,125.42,3,3,243,73,0,3,71.67,4,6.6,0,0,0.3649,0.1161,0
TX-104197,CUST-1185,RECIP-6057,85.48,20,6,2323,822,0,3,102.05,2,5.5,0,0,0.0632,0.0505,0
TX-104198,CUST-2428,RECIP-8522,168.05,11,4,1759,1068,0,3,112.47,2,1.4,0,1,0.0844,0.162,0
TX-104199,CUST-1357,RECIP-5046,32.98,14,6,307,211,0,1,117.62,2,3.6,0,0,0.3311,0.0611,0
TX-104200,CUST-2017,RECIP-8765,56.0,17,1,783,1314,0,7,135.38,0,0.9,0,0,0.0013,0.274,0
TX-104201,CUST-2120,RECIP-6527,612.09,3,1,2103,1525,0,3,157.53,3,3.1,1,0,0.5726,0.2168,0
TX-104202,CUST-1515,RECIP-8635,36.51,23,1,1767,773,0,3,131.44,0,11.3,0,0,0.2658,0.1412,0
TX-104203,CUST-1196,RECIP-6152,26.27,10,4,221,1855,0,1,102.3,0,1302.7,0,0,0.0736,0.1021,0
TX-104204,CUST-1445,RECIP-8729,500.7,21,0,394,1872,0,6,36.47,2,3.6,0,0,0.3816,0.1067,0
TX-104205,CUST-2210,RECIP-7573,28.31,10,6,2324,31,1,0,38.64,2,1.6,0,0,0.1081,0.0797,0
TX-104206,CUST-2359,RECIP-8831,67.64,9,5,419,669,0,3,58.72,1,0.4,0,0,0.1267,0.1297,0
TX-104207,CUST-2405,RECIP-5280,30.97,14,6,1571,285,0,4,240.42,2,0.0,0,0,0.9181,0.1304,0
TX-104208,CUST-1339,RECIP-8588,260.55,4,6,2489,1412,0,5,298.52,1,586.4,0,0,0.2125,0.3267,0
TX-104209,CUST-1909,RECIP-6217,18.25,14,0,441,1091,0,6,37.66,4,0.1,0,0,0.2437,0.1687,0
TX-104210,CUST-1226,RECIP-6614,21.75,23,5,139,16,1,0,209.54,4,25.8,0,1,0.6832,0.0077,0
TX-104211,CUST-2065,RECIP-5201,60.19,15,3,2048,841,0,6,31.71,1,14.2,0,1,0.0296,0.1337,0
TX-104212,CUST-1623,RECIP-9293,819.35,1,5,2376,356,0,4,163.91,2,19.4,0,0,0.0594,0.1825,0
TX-104213,CUST-2070,RECIP-7886,120.37,16,6,1303,1813,0,6,74.06,2,28.5,0,2,0.0394,0.1242,0
TX-104214,CUST-2027,RECIP-9414,901.85,0,4,606,2,1,0,20.79,0,3.4,1,0,0.043,0.1759,1
TX-104215,CUST-2489,RECIP-7556,114.48,2,0,177,1538,0,4,48.47,1,2198.4,0,0,0.1239,0.1041,0
TX-104216,CUST-1732,RECIP-5711,51.34,6,6,2280,105,0,2,66.49,2,14.3,0,0,0.0568,0.2472,0
TX-104217,CUST-1512,RECIP-6518,34.66,7,3,2002,33,1,0,144.25,0,24.6,0,0,0.0553,0.1,0
TX-104218,CUST-1790,RECIP-6979,21.35,0,3,2244,1992,0,3,100.19,2,11.4,0,0,0.0414,0.0886,0
TX-104219,CUST-1244,RECIP-5663,622.26,0,4,1977,862,0,7,94.65,0,61.3,0,1,0.7074,0.1196,0
TX-104220,CUST-1167,RECIP-9191,198.25,18,6,1099,28,1,0,83.73,1,1.3,0,0,0.0503,0.0695,0
TX-104221,CUST-1778,RECIP-9310,592.26,10,3,1220,108,0,4,217.73,0,0.6,0,0,0.1173,0.1954,0
TX-104222,CUST-2238,RECIP-7535,1857.11,4,1,974,41,1,0,48.8,2,26.2,0,0,0.3349,0.3546,1
TX-104223,CUST-1799,RECIP-7629,24.7,10,5,1835,1533,0,4,153.56,0,18.7,0,0,0.1194,0.1048,0
TX-104224,CUST-2172,RECIP-8165,131.29,16,4,277,451,0,4,622.86,0,21.5,0,0,0.1537,0.3999,0
TX-104225,CUST-1266,RECIP-8056,69.03,17,0,129,1288,0,7,154.95,3,14.5,0,0,0.038,0.3648,0
TX-104226,CUST-1674,RECIP-5282,304.87,6,3,2404,566,0,6,150.85,1,1.8,0,0,0.4181,0.0581,0
TX-104227,CUST-1919,RECIP-7391,420.71,4,5,815,334,0,3,62.88,2,17.2,0,0,0.091,0.176,0
TX-104228,CUST-1521,RECIP-8497,36.73,23,6,115,103,0,7,475.86,0,4.4,0,0,0.6464,0.0427,0
TX-104229,CUST-1021,RECIP-8629,1203.18,15,1,1692,1528,0,2,56.69,0,0.1,0,0,0.3198,0.1498,0
TX-104230,CUST-1110,RECIP-7682,54.73,23,3,1015,471,0,4,96.61,1,16.7,0,0,0.1187,0.0937,0
TX-104231,CUST-2391,RECIP-9033,170.56,7,5,599,349,0,1,19.99,1,12.6,0,0,0.8169,0.3063,0
TX-104232,CUST-1907,RECIP-7637,91.72,2,4,1103,1925,0,3,62.81,2,9.0,0,0,0.9064,0.0481,0
TX-104233,CUST-1396,RECIP-6722,263.38,9,2,1142,28,1,0,180.63,2,5.3,0,0,0.0504,0.0126,0
TX-104234,CUST-1388,RECIP-6991,31.79,7,1,1541,33,1,0,92.46,0,3.6,0,0,0.1326,0.3718,0
TX-104235,CUST-1059,RECIP-8105,498.27,17,0,2331,27,1,0,224.65,1,29.3,0,0,0.4484,0.0091,0
TX-104236,CUST-2417,RECIP-8989,138.63,17,4,2206,13,1,0,119.18,1,3226.6,0,1,0.3695,0.0325,0
TX-104237,CUST-1162,RECIP-6034,92.61,1,6,2072,74,0,5,147.6,1,24.8,0,0,0.2351,0.1434,1
TX-104238,CUST-2139,RECIP-6320,268.91,14,4,1245,584,0,7,215.64,0,0.9,0,0,0.0576,0.3526,0
TX-104239,CUST-1360,RECIP-7933,193.44,8,5,1408,1563,0,2,31.1,1,1.8,0,0,0.1374,0.0055,0
TX-104240,CUST-1503,RECIP-8436,183.63,14,4,356,6,1,0,191.58,1,42.8,0,0,0.1543,0.0809,0
TX-104241,CUST-1410,RECIP-6796,147.66,9,2,1454,850,0,4,77.0,2,3287.8,0,0,0.1194,0.0752,0
TX-104242,CUST-2236,RECIP-7894,197.3,12,3,1688,41,1,0,70.81,3,923.6,1,0,0.3035,0.4417,1
TX-104243,CUST-1049,RECIP-5030,68.66,17,1,2220,27,1,0,45.28,1,4.1,0,1,0.1019,0.0956,0
TX-104244,CUST-1528,RECIP-6312,171.98,7,1,144,84,0,2,142.49,2,3.4,0,0,0.845,0.1514,0
TX-104245,CUST-1419,RECIP-9299,49.83,4,4,2161,13,1,0,112.13,0,9.9,1,0,0.0225,0.1488,1
TX-104246,CUST-1409,RECIP-7594,37.79,16,4,1310,104,0,5,191.05,0,739.3,0,2,0.3509,0.1818,0
TX-104247,CUST-1289,RECIP-8907,51.5,22,6,248,1844,0,4,31.85,1,3.0,0,0,0.531,0.0727,0
TX-104248,CUST-2368,RECIP-5979,13.46,10,1,2489,205,0,2,223.21,4,24.8,0,0,0.4649,0.0601,0
TX-104249,CUST-1567,RECIP-6308,23.14,23,2,1179,31,1,0,148.4,2,11.2,0,2,0.0674,0.0475,0
TX-104250,CUST-1627,RECIP-9387,62.81,4,1,1046,165,0,3,52.12,2,2.8,1,0,0.0203,0.2484,0
TX-104251,CUST-1577,RECIP-9489,15.28,19,6,501,1436,0,3,214.74,0,47.5,0,0,0.2893,0.0218,0
TX-104252,CUST-2470,RECIP-8945,58.3,23,5,211,655,0,2,135.31,1,935.2,0,0,0.2415,0.1657,0
TX-104253,CUST-1508,RECIP-6427,224.92,7,2,235,1055,0,5,38.66,2,8.9,1,0,0.0265,0.3501,0
TX-104254,CUST-1512,RECIP-8606,62.76,3,6,689,29,1,0,114.37,2,1.5,0,0,0.3339,0.2462,0
TX-104255,CUST-1491,RECIP-7064,58.38,15,4,752,1655,0,1,15.1,1,9.8,0,0,0.0558,0.0563,0
TX-104256,CUST-1490,RECIP-8797,74.62,20,3,1173,2,1,0,167.2,0,6.7,0,0,0.1771,0.0317,0
TX-104257,CUST-1134,RECIP-8830,38.63,1,2,1538,680,0,6,60.77,1,688.0,0,0,0.7015,0.0219,0
TX-104258,CUST-1906,RECIP-6956,100.78,15,3,2479,104,0,4,28.73,0,4.9,0,0,0.0972,0.0453,0
TX-104259,CUST-1037,RECIP-6370,193.34,20,0,1992,14,1,0,16.96,0,0.5,0,0,0.1029,0.2668,0
TX-104260,CUST-1338,RECIP-9386,251.81,0,1,1230,22,1,0,125.23,0,2958.5,0,0,0.1793,0.0915,0
TX-104261,CUST-1303,RECIP-7027,52.28,12,6,2283,278,0,3,90.2,1,41.8,0,0,0.3539,0.2167,0
TX-104262,CUST-1437,RECIP-6942,450.07,1,1,1407,1047,0,0,77.67,0,310.8,0,0,0.2735,0.1992,0
TX-104263,CUST-2134,RECIP-7995,117.05,4,1,1074,1857,0,3,120.0,1,24.6,0,0,0.1077,0.1212,0
TX-104264,CUST-1899,RECIP-9215,263.9,11,6,566,1742,0,6,100.35,0,10.2,0,0,0.145,0.1793,0
TX-104265,CUST-2486,RECIP-5587,62.45,7,6,1073,1807,0,8,173.13,0,12.7,0,0,0.0752,0.079,0
TX-104266,CUST-1526,RECIP-9430,439.75,2,5,131,1799,0,6,98.56,2,12.9,0,0,0.0025,0.3405,0
TX-104267,CUST-2392,RECIP-6900,51.79,19,0,408,595,0,2,69.71,3,55.2,0,0,0.9299,0.3194,0
TX-104268,CUST-1067,RECIP-5115,132.91,4,5,2364,369,0,1,70.63,2,59.0,0,0,0.0398,0.1166,0
TX-104269,CUST-1756,RECIP-6392,92.0,20,1,511,1190,0,1,116.89,2,1.5,0,0,0.197,0.0016,0
TX-104270,CUST-2198,RECIP-7081,22.73,4,0,1430,1450,0,4,140.68,1,9.5,0,1,0.1695,0.1521,0
TX-104271,CUST-1797,RECIP-8045,491.29,12,6,283,794,0,8,63.75,0,3.9,0,0,0.1892,0.1502,0
TX-104272,CUST-2399,RECIP-7548,61.77,17,1,1514,17,1,0,69.36,0,27.6,0,0,0.0335,0.0433,0
TX-104273,CUST-1471,RECIP-5611,23.64,11,4,2440,362,0,5,121.38,3,30.9,0,2,0.1034,0.1537,0
TX-104274,CUST-1049,RECIP-7197,35.76,10,0,1160,33,1,0,126.93,2,6.8,0,0,0.0392,0.1413,0
TX-104275,CUST-2160,RECIP-6047,215.68,18,1,345,147,0,8,49.33,1,0.6,0,1,0.0819,0.1049,0
TX-104276,CUST-1102,RECIP-6212,5423.32,0,6,86,1387,0,4,38.28,1,9.3,0,0,0.3142,0.1474,0
TX-104277,CUST-2147,RECIP-8201,33.51,19,4,1898,2,1,0,103.52,1,19.4,0,1,0.2196,0.2983,0
TX-104278,CUST-2100,RECIP-8614,146.9,16,6,284,1668,0,3,142.26,1,1.2,0,0,0.0262,0.0741,0
TX-104279,CUST-2266,RECIP-5703,51.98,18,1,814,620,0,2,122.13,1,9.4,0,2,0.5256,0.0377,0
TX-104280,CUST-1718,RECIP-7710,6.79,10,6,2113,36,1,0,34.92,1,8.3,0,0,0.044,0.0344,0
TX-104281,CUST-2343,RECIP-6899,195.91,9,6,1356,1059,0,1,127.75,1,13.8,0,2,0.1011,0.132,0
TX-104282,CUST-1254,RECIP-6514,28.56,13,6,2186,1496,0,4,190.06,1,9.9,0,0,0.1507,0.0761,0
TX-104283,CUST-1651,RECIP-8207,192.54,15,0,2185,1811,0,2,72.05,1,2592.1,0,0,0.1336,0.2219,0
TX-104284,CUST-1182,RECIP-6119,165.06,22,0,1663,293,0,1,60.78,0,3281.8,0,3,0.3609,0.0227,0
TX-104285,CUST-2150,RECIP-8444,55.33,20,3,2342,98,0,5,240.54,4,3.5,0,0,0.0735,0.0807,0
TX-104286,CUST-2071,RECIP-6803,135.23,1,0,120,334,0,7,221.45,3,7.2,0,0,0.4746,0.2061,0
TX-104287,CUST-2209,RECIP-5426,229.54,3,0,623,1121,0,8,49.25,1,2149.4,0,0,0.373,0.3521,1
TX-104288,CUST-2146,RECIP-8565,13.77,22,5,714,23,1,0,115.43,0,0.2,0,0,0.0199,0.3092,0
TX-104289,CUST-1462,RECIP-8833,126.99,9,4,2280,1913,0,5,43.9,4,6.8,0,1,0.0609,0.2034,0
TX-104290,CUST-1102,RECIP-7533,153.15,13,5,1565,731,0,2,137.66,3,12.3,1,0,0.4263,0.1611,0
TX-104291,CUST-2393,RECIP-8257,71.0,1,6,652,19,1,0,69.27,2,0.5,0,0,0.1485,0.0997,1
TX-104292,CUST-1739,RECIP-5663,512.94,2,0,545,691,0,6,47.35,0,21.3,0,3,0.2158,0.493,1
TX-104293,CUST-1141,RECIP-6526,114.31,9,5,2017,44,1,0,34.13,2,0.4,0,0,0.0576,0.1096,0
TX-104294,CUST-2390,RECIP-6574,1042.25,17,0,2151,225,0,4,253.13,0,2.0,0,0,0.1577,0.1694,0
TX-104295,CUST-2491,RECIP-8437,453.69,18,2,67,22,1,0,70.08,1,3.2,0,0,0.2077,0.0359,0
TX-104296,CUST-1668,RECIP-6584,681.55,21,2,932,1516,0,5,1072.15,0,8.8,0,0,0.4022,0.0699,0
TX-104297,CUST-2155,RECIP-8277,207.99,4,1,1352,1539,0,1,289.22,0,0.8,0,0,0.081,0.0905,0
TX-104298,CUST-1054,RECIP-6380,326.67,4,5,610,1355,0,2,263.82,0,2.7,0,0,0.083,0.0311,0
TX-104299,CUST-1139,RECIP-7704,69.0,13,0,1822,214,0,3,21.51,2,43.9,0,0,0.0524,0.2474,0
TX-104300,CUST-1414,RECIP-5944,927.47,13,5,1902,9,1,0,90.57,0,9.1,0,0,0.2688,0.0907,0
TX-104301,CUST-1984,RECIP-7513,27.43,0,6,2102,42,1,0,20.69,0,22.1,0,0,0.7362,0.183,0
TX-104302,CUST-1200,RECIP-5363,674.55,10,4,1971,1877,0,3,141.99,2,1216.4,0,0,0.0304,0.0605,0
TX-104303,CUST-1051,RECIP-8306,77.52,21,0,2107,22,1,0,95.44,0,26.1,1,0,0.0559,0.3604,0
TX-104304,CUST-2003,RECIP-5130,20.52,3,4,933,31,1,0,303.57,3,1.7,0,1,0.2429,0.3521,1
TX-104305,CUST-2155,RECIP-9496,180.56,19,4,768,1688,0,7,45.28,1,3384.5,0,0,0.0389,0.1831,0
TX-104306,CUST-2108,RECIP-8775,83.91,10,2,810,968,0,5,141.51,2,10.3,0,0,0.1455,0.0334,0
TX-104307,CUST-2198,RECIP-7603,185.79,12,2,2137,15,1,0,102.38,0,1.6,1,0,0.1162,0.06,0
TX-104308,CUST-2204,RECIP-9093,794.69,15,3,1633,805,0,7,97.51,2,9.3,0,2,0.2473,0.1342,0
TX-104309,CUST-1903,RECIP-8639,25.66,16,6,829,30,1,0,179.57,3,12.0,0,0,0.2484,0.2374,0
TX-104310,CUST-1779,RECIP-5642,508.42,15,0,1811,1000,0,7,143.5,1,8.3,0,0,0.1936,0.0553,0
TX-104311,CUST-2285,RECIP-8349,211.63,2,3,607,28,1,0,191.31,2,40.8,0,0,0.0686,0.0889,0
TX-104312,CUST-1522,RECIP-6697,236.93,7,2,688,1396,0,3,149.45,2,20.8,1,0,0.8516,0.0106,0
TX-104313,CUST-1146,RECIP-8851,12.88,20,3,33,22,1,0,131.36,0,906.1,0,0,0.8769,0.0069,1
TX-104314,CUST-2127,RECIP-8887,162.63,0,0,2416,317,0,6,56.94,1,17.6,0,0,0.2947,0.2097,0
TX-104315,CUST-1413,RECIP-9295,315.01,17,6,612,23,1,0,78.91,1,21.5,0,0,0.1692,0.0133,0
TX-104316,CUST-2468,RECIP-7029,859.65,12,3,1887,1686,0,4,45.61,1,44.6,0,0,0.214,0.074,0
TX-104317,CUST-1621,RECIP-5868,73.44,2,6,322,1927,0,6,79.51,1,10.1,0,0,0.2705,0.029,0
TX-104318,CUST-2277,RECIP-5562,65.63,2,1,119,1795,0,2,139.02,2,5.7,1,0,0.0016,0.1774,0
TX-104319,CUST-1063,RECIP-5744,22581.35,23,4,1697,40,1,0,34.04,1,64.6,0,0,0.2178,0.2803,1
TX-104320,CUST-1988,RECIP-9463,9.42,0,4,273,521,0,4,180.38,3,11.0,0,0,0.013,0.051,0
TX-104321,CUST-1672,RECIP-7638,337.06,0,5,387,218,0,4,81.7,1,18.5,0,0,0.0509,0.2952,0
TX-104322,CUST-1693,RECIP-6583,590.15,0,0,845,5,1,0,89.5,3,26.9,0,0,0.1423,0.1782,0
TX-104323,CUST-1397,RECIP-7021,45.63,15,4,1475,7,1,0,98.08,0,12.2,0,0,0.3474,0.4987,0
TX-104324,CUST-2456,RECIP-5777,61.35,22,1,74,845,0,0,113.51,2,3.5,0,1,0.2038,0.2613,0
TX-104325,CUST-1589,RECIP-7568,1568.2,4,2,342,310,0,5,15.9,1,2.2,0,0,0.1165,0.224,0
TX-104326,CUST-2275,RECIP-6915,250.51,19,0,864,1479,0,4,92.3,2,1.8,0,0,0.069,0.0486,0
TX-104327,CUST-1637,RECIP-8591,81.18,17,0,1769,775,0,2,58.93,2,3.7,0,1,0.1858,0.272,0
TX-104328,CUST-1072,RECIP-5095,40.4,5,5,270,1298,0,5,81.74,1,60.3,0,0,0.0293,0.1987,0
TX-104329,CUST-2319,RECIP-9192,2089.69,1,5,735,2,1,0,176.37,1,22.1,0,0,0.2482,0.0317,0
TX-104330,CUST-1277,RECIP-5272,68.02,11,6,506,751,0,2,68.52,1,12.7,0,0,0.1611,0.2698,0
TX-104331,CUST-1405,RECIP-6878,35.7,1,4,792,1460,0,5,55.74,1,2.5,0,0,0.2805,0.1382,0
TX-104332,CUST-2291,RECIP-6532,75.16,2,4,666,1722,0,6,125.75,2,4.7,0,0,0.1217,0.0645,0
TX-104333,CUST-2340,RECIP-8230,154.82,11,0,1611,573,0,7,41.06,2,1725.0,0,0,0.0041,0.3262,0
TX-104334,CUST-2375,RECIP-7961,78.18,19,5,195,1611,0,4,243.54,4,15.3,0,1,0.1777,0.2369,0
TX-104335,CUST-1638,RECIP-5885,686.38,23,1,2349,566,0,6,427.43,0,9.6,0,0,0.2159,0.0362,0
TX-104336,CUST-2135,RECIP-7208,233.55,15,0,633,33,1,0,35.28,0,5.3,0,2,0.4699,0.2397,1
TX-104337,CUST-1491,RECIP-7405,627.46,6,5,2479,862,0,3,158.85,2,15.7,0,0,0.9557,0.0412,0
TX-104338,CUST-2110,RECIP-7087,228.91,7,4,1831,29,1,0,305.59,0,2162.5,0,0,0.1523,0.332,0
TX-104339,CUST-1753,RECIP-5098,67.67,14,1,912,14,1,0,69.81,1,3.5,0,0,0.1652,0.3713,0
TX-104340,CUST-1077,RECIP-5801,77.85,4,3,776,220,0,2,64.01,0,0.4,0,0,0.3768,0.1511,0
TX-104341,CUST-1626,RECIP-7266,94.65,12,4,2367,1582,0,5,63.28,1,7.4,1,0,0.1678,0.0371,0
TX-104342,CUST-1701,RECIP-6172,55.57,18,3,2491,74,0,5,251.4,2,9.7,0,0,0.822,0.2201,0
TX-104343,CUST-1386,RECIP-7454,325.17,20,5,1542,10,1,0,269.53,4,2853.9,0,0,0.2755,0.1354,0
TX-104344,CUST-1561,RECIP-5736,304.01,1,3,146,173,0,0,81.89,1,19.1,0,0,0.9778,0.0705,0
TX-104345,CUST-1754,RECIP-8309,32.11,6,2,2268,1138,0,2,311.01,2,9.5,0,1,0.0052,0.0291,0
TX-104346,CUST-1074,RECIP-5848,2901.46,6,1,1207,271,0,4,40.3,1,4.4,0,0,0.4343,0.1518,0
TX-104347,CUST-1227,RECIP-7922,162.4,13,1,98,373,0,5,145.89,1,1204.4,0,0,0.1554,0.0872,0
TX-104348,CUST-2150,RECIP-8764,9.03,4,5,2010,1971,0,6,51.98,0,2.5,0,2,0.2952,0.0035,0
TX-104349,CUST-1527,RECIP-6612,117.4,22,2,111,40,1,0,112.62,0,6.7,0,0,0.3406,0.3895,0
TX-104350,CUST-1912,RECIP-5627,1221.98,22,5,948,925,0,4,76.42,0,3.0,0,2,0.1058,0.0351,0
TX-104351,CUST-1848,RECIP-5025,42.58,7,2,214,16,1,0,45.34,2,10.2,0,0,0.2926,0.3021,0
TX-104352,CUST-1826,RECIP-6622,1284.27,9,3,1109,1409,0,5,127.78,2,9.6,0,0,0.3067,0.4613,0
TX-104353,CUST-1620,RECIP-5519,34.09,10,4,2016,792,0,2,40.05,0,27.9,1,0,0.3445,0.132,0
TX-104354,CUST-1724,RECIP-8968,168.44,1,3,348,26,1,0,170.66,2,21.6,0,0,0.1115,0.0431,0
TX-104355,CUST-2235,RECIP-9378,42.52,21,5,370,26,1,0,172.52,1,5.3,0,0,0.1634,0.0502,0
TX-104356,CUST-2447,RECIP-9412,44.83,18,6,2392,1257,0,1,108.34,2,55.2,0,0,0.0821,0.3213,0
TX-104357,CUST-1385,RECIP-9150,102.78,7,6,466,1922,0,2,79.23,0,5.8,0,0,0.3657,0.0352,0
TX-104358,CUST-2004,RECIP-7640,36.91,13,6,307,1325,0,1,171.42,0,23.8,0,0,0.1819,0.1756,0
TX-104359,CUST-2454,RECIP-6462,61.64,9,0,1475,1237,0,3,183.32,2,34.5,0,1,0.0842,0.1289,0
TX-104360,CUST-1011,RECIP-7009,43.39,5,5,713,1582,0,3,69.09,3,30.0,0,0,0.6707,0.338,0
TX-104361,CUST-2177,RECIP-6164,15.59,7,5,2394,178,0,3,113.55,1,21.3,1,0,0.6524,0.0136,0
TX-104362,CUST-1745,RECIP-8781,63.46,2,2,434,1268,0,3,73.45,1,47.2,0,0,0.0297,0.3209,0
TX-104363,CUST-2451,RECIP-6963,897.2,19,2,1430,433,0,2,140.46,2,0.9,0,0,0.2843,0.0859,0
TX-104364,CUST-1867,RECIP-6733,678.43,15,0,2304,876,0,3,57.19,0,5.8,0,0,0.1034,0.1572,0
TX-104365,CUST-2257,RECIP-8104,518.72,22,5,1839,15,1,0,116.15,3,17.8,0,0,0.2325,0.151,0
TX-104366,CUST-1249,RECIP-6682,100.21,0,5,101,1475,0,2,91.99,1,9.8,0,0,0.0509,0.2044,0
TX-104367,CUST-1213,RECIP-6605,616.64,15,0,493,13,1,0,194.01,4,2.6,0,0,0.226,0.0432,0
TX-104368,CUST-2389,RECIP-6022,146.65,13,4,339,1911,0,2,66.14,0,8.1,0,0,0.2558,0.0895,0
TX-104369,CUST-1789,RECIP-5302,259.46,14,3,2288,11,1,0,121.9,2,14.5,0,0,0.1671,0.4357,1
TX-104370,CUST-1837,RECIP-5170,13.76,23,1,528,735,0,3,72.43,5,901.5,0,0,0.4348,0.3985,0
TX-104371,CUST-1254,RECIP-6812,32.16,9,3,168,657,0,6,31.59,0,22.6,0,0,0.1275,0.3663,0
TX-104372,CUST-1340,RECIP-9478,1097.54,3,5,975,257,0,6,82.19,0,3191.1,1,0,0.944,0.462,1
TX-104373,CUST-2227,RECIP-6172,24.54,0,2,728,738,0,2,159.56,4,23.1,0,2,0.2482,0.0114,0
TX-104374,CUST-1454,RECIP-7884,387.8,11,5,434,15,1,0,163.43,2,2992.2,0,0,0.2903,0.0375,0
TX-104375,CUST-1876,RECIP-6462,61.69,4,6,1150,1586,0,2,62.5,1,17.9,1,0,0.0193,0.1248,0
TX-104376,CUST-1474,RECIP-6362,396.27,3,3,2254,1600,0,3,207.87,1,7.3,0,1,0.1228,0.2004,0
TX-104377,CUST-1395,RECIP-5733,58.54,3,0,588,1077,0,7,258.34,1,2.5,0,0,0.0404,0.027,0
TX-104378,CUST-1249,RECIP-7535,35.77,6,2,2454,1931,0,4,49.67,2,26.1,0,0,0.2232,0.032,0
TX-104379,CUST-2394,RECIP-7964,30.78,2,0,1669,279,0,6,110.02,0,2.3,0,0,0.4346,0.2517,0
TX-104380,CUST-2410,RECIP-6575,156.32,11,2,974,1764,0,5,221.01,3,13.7,0,2,0.1225,0.0339,0
TX-104381,CUST-1172,RECIP-7369,365.71,15,4,1706,781,0,5,264.25,1,0.9,0,0,0.1694,0.0546,0
TX-104382,CUST-1529,RECIP-7142,147.34,6,1,890,1530,0,2,116.61,2,2.4,0,0,0.0955,0.0802,0
TX-104383,CUST-1845,RECIP-6218,23.91,3,3,553,1798,0,3,229.04,0,4.0,0,1,0.7733,0.225,0
TX-104384,CUST-1574,RECIP-8112,98.6,13,6,609,307,0,2,264.62,1,6.7,0,0,0.959,0.0162,0
TX-104385,CUST-2081,RECIP-7492,74.02,2,1,51,1701,0,1,152.8,1,3407.3,0,0,0.7826,0.0601,0
TX-104386,CUST-1390,RECIP-5296,68.54,17,6,1631,1984,0,2,80.95,0,53.8,0,0,0.3967,0.0898,0
TX-104387,CUST-1088,RECIP-7217,93.96,9,2,213,15,1,0,131.49,0,33.2,0,0,0.2171,0.09,0
TX-104388,CUST-1505,RECIP-6752,238.43,9,4,520,343,0,1,60.14,0,56.9,0,2,0.0493,0.2102,0
TX-104389,CUST-1896,RECIP-8581,540.81,5,1,31,35,1,0,62.64,1,10.3,1,0,0.1411,0.3054,1
TX-104390,CUST-1270,RECIP-6379,221.59,6,1,190,598,0,3,31.38,1,5.1,1,0,0.4052,0.1916,0
TX-104391,CUST-2223,RECIP-9301,67.48,3,6,2266,237,0,5,192.23,1,5.8,0,0,0.0128,0.3822,0
TX-104392,CUST-1018,RECIP-7767,34.55,13,4,88,1308,0,4,220.16,0,0.2,0,0,0.3942,0.171,0
TX-104393,CUST-1101,RECIP-5588,253.93,3,3,1565,297,0,4,24.15,1,1.4,0,0,0.1837,0.2569,0
TX-104394,CUST-1763,RECIP-6815,25.65,16,3,839,1163,0,4,69.71,1,23.1,0,0,0.1006,0.2719,0
TX-104395,CUST-1768,RECIP-8977,919.22,6,1,371,96,0,5,63.08,1,3.8,0,0,0.0377,0.1863,0
TX-104396,CUST-1442,RECIP-6145,52.74,13,6,770,1496,0,5,146.26,3,0.3,0,0,0.0784,0.2441,0
TX-104397,CUST-1387,RECIP-8171,83.96,12,2,258,302,0,6,98.73,2,16.5,0,0,0.9493,0.5917,0
TX-104398,CUST-1104,RECIP-8525,26.3,15,0,802,1361,0,1,161.62,0,47.4,0,0,0.5016,0.3347,0
TX-104399,CUST-1994,RECIP-8116,132.28,18,6,2049,40,1,0,101.42,2,11.8,0,0,0.0899,0.1635,0
TX-104400,CUST-1568,RECIP-5406,718.12,13,0,1562,21,1,0,121.59,0,29.9,0,0,0.3597,0.0764,0
TX-104401,CUST-1178,RECIP-6684,631.89,20,6,2033,9,1,0,102.86,0,3.0,0,0,0.1565,0.1359,0
TX-104402,CUST-1599,RECIP-6566,54.55,6,1,1750,1763,0,4,239.43,2,32.6,0,0,0.1405,0.1466,0
TX-104403,CUST-2405,RECIP-6547,15466.9,18,0,2320,962,0,5,47.52,1,3.3,1,1,0.0682,0.1422,1
TX-104404,CUST-1391,RECIP-8955,157.27,8,1,296,1040,0,2,56.55,0,3148.0,0,0,0.0238,0.0667,0
TX-104405,CUST-2342,RECIP-5025,72.54,15,4,423,539,0,2,51.79,1,4.0,0,2,0.2509,0.2455,0
TX-104406,CUST-1388,RECIP-7425,42.1,11,3,1046,982,0,1,138.54,2,16.1,0,0,0.1126,0.0928,0
TX-104407,CUST-1278,RECIP-9419,756.65,21,1,1320,1675,0,7,29.27,3,29.2,0,0,0.8846,0.0565,1
TX-104408,CUST-1390,RECIP-8939,55.58,6,2,1966,1697,0,4,23.33,1,13.8,0,0,0.3871,0.0304,0
TX-104409,CUST-1484,RECIP-7729,90.48,12,1,330,1617,0,1,166.17,0,2.5,0,2,0.3006,0.2747,0
TX-104410,CUST-1180,RECIP-9490,68.9,3,4,303,14,1,0,35.29,0,41.4,0,0,0.2162,0.0712,0
TX-104411,CUST-1881,RECIP-6810,507.08,15,6,1995,1546,0,5,50.7,1,15.0,1,0,0.194,0.0354,0
TX-104412,CUST-1500,RECIP-7751,201.26,0,1,1386,932,0,0,35.76,0,26.2,0,0,0.8335,0.0576,0
TX-104413,CUST-2077,RECIP-7446,3609.53,9,6,1048,39,1,0,58.02,1,5.1,0,0,0.1142,0.1023,1
TX-104414,CUST-1736,RECIP-5212,331.09,0,2,578,692,0,3,894.25,0,39.6,0,0,0.1197,0.109,0
TX-104415,CUST-1663,RECIP-5182,56.37,7,0,1748,1855,0,5,77.23,0,2377.9,0,0,0.3294,0.1657,0
TX-104416,CUST-1706,RECIP-9035,23.07,11,2,2011,396,0,1,97.75,0,10.9,0,0,0.0541,0.1514,0
TX-104417,CUST-1234,RECIP-5781,139.41,7,6,104,1797,0,5,46.39,2,52.6,0,0,0.1869,0.0416,0
TX-104418,CUST-2069,RECIP-6596,91.86,9,5,163,29,1,0,91.04,0,32.5,0,0,0.2605,0.0423,0
TX-104419,CUST-1156,RECIP-7805,77.12,3,5,1951,1322,0,5,206.5,1,21.7,0,1,0.7244,0.2053,0
TX-104420,CUST-2082,RECIP-7589,1220.62,17,2,2213,2,1,0,107.43,0,22.6,0,2,0.3706,0.0383,1
TX-104421,CUST-2499,RECIP-7314,174.46,19,5,596,1248,0,3,447.39,2,19.5,0,0,0.0968,0.0725,0
TX-104422,CUST-2145,RECIP-9406,29.08,10,4,1773,283,0,4,55.76,0,7.6,0,0,0.2283,0.31,0
TX-104423,CUST-1683,RECIP-8541,123.14,1,5,2111,713,0,3,19.87,0,50.3,0,0,0.0641,0.587,0
TX-104424,CUST-1471,RECIP-9237,150.86,1,3,309,206,0,4,134.52,0,0.4,1,0,0.7512,0.1861,0
TX-104425,CUST-2308,RECIP-7964,41.53,16,3,489,30,1,0,136.22,3,3.7,0,2,0.3502,0.0542,1
TX-104426,CUST-1385,RECIP-9406,215.16,22,6,352,998,0,1,104.62,0,22.3,0,3,0.2043,0.1728,0
TX-104427,CUST-1723,RECIP-7706,25.87,20,6,1981,1880,0,6,35.7,1,35.3,0,0,0.0636,0.1545,0
TX-104428,CUST-2156,RECIP-7437,37.14,9,3,1935,1386,0,1,65.94,0,3.4,0,0,0.248,0.1072,0
TX-104429,CUST-2383,RECIP-8668,64.63,11,1,361,11,1,0,115.44,2,20.9,0,0,0.2887,0.2587,0
TX-104430,CUST-2381,RECIP-8909,57.2,3,2,460,27,1,0,119.92,2,18.8,0,0,0.8221,0.074,1
TX-104431,CUST-1131,RECIP-5307,102.51,1,3,1668,614,0,5,164.55,0,3353.6,0,1,0.368,0.178,0
TX-104432,CUST-2347,RECIP-9097,39.57,18,4,2246,581,0,3,47.3,3,3.3,0,0,0.1985,0.2137,0
TX-104433,CUST-1171,RECIP-8108,139.92,10,2,1954,571,0,6,24.0,0,15.5,0,0,0.2909,0.3806,0
TX-104434,CUST-1876,RECIP-9039,130.12,11,0,443,1438,0,2,86.89,0,5.7,0,0,0.0043,0.1298,0
TX-104435,CUST-2394,RECIP-8220,5.0,8,5,983,1967,0,6,158.77,0,33.0,0,0,0.1475,0.1204,0
TX-104436,CUST-1982,RECIP-9171,391.5,7,6,194,1716,0,3,36.91,0,2.3,0,0,0.067,0.0442,0
TX-104437,CUST-2421,RECIP-6238,155.81,23,0,633,1108,0,2,327.15,2,2.1,0,0,0.1268,0.1346,0
TX-104438,CUST-1516,RECIP-5844,74.12,19,2,1421,80,0,1,76.92,3,1696.9,0,0,0.0775,0.0805,0
TX-104439,CUST-1472,RECIP-5880,36.17,16,3,880,1937,0,3,232.88,0,28.3,0,0,0.0319,0.0584,0
TX-104440,CUST-1489,RECIP-6134,193.38,9,5,1528,20,1,0,375.89,2,1161.5,0,4,0.511,0.1652,0
TX-104441,CUST-1532,RECIP-5962,44.91,17,5,762,1257,0,2,29.24,2,1.1,0,0,0.1448,0.1012,0
TX-104442,CUST-2024,RECIP-6987,55.96,8,2,1421,881,0,3,143.58,2,26.6,0,0,0.739,0.1682,0
TX-104443,CUST-1678,RECIP-5891,64.7,12,2,1593,17,1,0,386.93,0,12.5,0,0,0.161,0.3037,0
TX-104444,CUST-2106,RECIP-5711,58.96,3,2,510,31,1,0,70.9,0,2.9,0,0,0.0256,0.0841,0
TX-104445,CUST-1624,RECIP-7357,67.65,17,1,140,30,1,0,430.14,0,10.4,0,1,0.1299,0.0834,0
TX-104446,CUST-1461,RECIP-8570,14.49,1,3,864,893,0,3,209.74,2,0.3,0,0,0.6313,0.0116,0
TX-104447,CUST-1285,RECIP-5610,143.1,17,1,132,361,0,6,77.67,1,16.3,0,0,0.0588,0.3832,0
TX-104448,CUST-1826,RECIP-7300,36.38,14,0,423,793,0,0,96.8,0,12.4,0,0,0.2152,0.0226,0
TX-104449,CUST-2347,RECIP-7966,76.2,1,4,740,929,0,1,30.5,0,5.0,0,0,0.7452,0.1509,0
TX-104450,CUST-2288,RECIP-8175,52.3,12,5,865,1273,0,6,59.69,0,24.1,0,2,0.2966,0.3599,0
TX-104451,CUST-1379,RECIP-5472,1307.92,5,2,714,919,0,4,163.97,2,39.9,0,0,0.7855,0.0656,0
TX-104452,CUST-1716,RECIP-8301,73.94,11,2,162,438,0,3,80.99,2,11.2,1,0,0.4101,0.0351,0
TX-104453,CUST-2057,RECIP-5121,56.6,0,2,467,18,1,0,128.98,0,14.3,1,0,0.3063,0.1217,0
TX-104454,CUST-1918,RECIP-6066,104.84,17,0,2209,1683,0,0,236.61,3,11.1,0,0,0.2311,0.1224,0
TX-104455,CUST-1100,RECIP-6436,236.86,12,3,1800,24,1,0,230.0,2,7.3,0,0,0.1537,0.5254,0
TX-104456,CUST-1886,RECIP-8838,126.0,8,3,1127,1290,0,3,133.64,0,20.4,1,0,0.0596,0.1207,0
TX-104457,CUST-1058,RECIP-5863,289.15,21,6,88,942,0,3,65.59,1,14.2,0,0,0.0195,0.2234,0
TX-104458,CUST-1174,RECIP-8520,347.97,15,2,914,636,0,3,113.85,2,15.7,0,0,0.0548,0.0348,0
TX-104459,CUST-1980,RECIP-9448,54.8,14,5,2312,37,1,0,118.83,0,19.5,0,0,0.2804,0.237,0
TX-104460,CUST-1153,RECIP-9319,536.12,3,2,2029,1929,0,1,61.59,2,20.9,0,0,0.1387,0.3052,0
TX-104461,CUST-1508,RECIP-6363,58.07,12,1,1900,409,0,3,131.96,1,26.1,0,2,0.8668,0.3104,0
TX-104462,CUST-1882,RECIP-5430,21.71,16,2,643,1267,0,1,54.27,1,2.7,0,0,0.4346,0.2072,0
TX-104463,CUST-1983,RECIP-5999,1303.99,22,6,1025,23,1,0,98.23,1,11.7,0,0,0.2607,0.4141,1
TX-104464,CUST-1668,RECIP-8459,2421.0,14,1,100,1102,0,4,63.74,2,7.7,0,0,0.132,0.3302,0
TX-104465,CUST-1141,RECIP-5885,783.21,4,5,2151,1104,0,5,69.86,1,10.2,0,0,0.0971,0.419,0
TX-104466,CUST-2198,RECIP-7905,231.08,16,4,309,1921,0,7,198.03,1,35.1,0,0,0.5177,0.3024,0
TX-104467,CUST-2424,RECIP-6682,369.31,1,5,1556,1280,0,5,197.01,0,25.8,0,0,0.4759,0.0164,0
TX-104468,CUST-2333,RECIP-8450,359.54,7,5,726,1706,0,6,87.64,4,530.5,1,0,0.0441,0.2917,0
TX-104469,CUST-2122,RECIP-7726,277.34,22,3,1438,43,1,0,256.57,0,15.8,0,0,0.1631,0.2162,0
TX-104470,CUST-1603,RECIP-7634,161.63,19,4,2073,1203,0,5,173.78,1,22.4,0,0,0.3925,0.0858,0
TX-104471,CUST-2314,RECIP-8518,45.55,21,0,803,13,1,0,155.47,0,12.3,1,2,0.0144,0.237,0
TX-104472,CUST-1732,RECIP-9296,1118.38,8,4,71,9,1,0,94.34,4,18.9,0,0,0.2383,0.1427,0
TX-104473,CUST-1204,RECIP-6640,97.09,16,4,1667,1481,0,8,164.21,1,4.3,0,0,0.1842,0.1218,0
TX-104474,CUST-2275,RECIP-7379,131.04,16,0,1344,1747,0,5,72.09,0,8.0,0,2,0.181,0.1989,0
TX-104475,CUST-1480,RECIP-7816,544.61,5,3,375,1807,0,8,118.17,0,2202.6,0,0,0.0822,0.2128,1
TX-104476,CUST-2408,RECIP-8703,395.93,22,3,149,1543,0,5,252.76,2,0.6,0,0,0.1378,0.0484,0
TX-104477,CUST-1552,RECIP-7169,91.12,23,2,1326,30,1,0,199.13,1,30.9,0,0,0.0565,0.133,0
TX-104478,CUST-2304,RECIP-6685,60.91,2,0,1544,30,1,0,64.4,2,12.1,1,0,0.4339,0.1231,1
TX-104479,CUST-1805,RECIP-8809,343.9,18,0,316,385,0,8,228.19,4,0.6,0,0,0.8486,0.2638,0
TX-104480,CUST-1701,RECIP-9289,117.24,10,1,1509,29,1,0,40.11,3,8.0,0,0,0.0571,0.0252,0
TX-104481,CUST-1445,RECIP-7560,2957.76,16,1,1129,1606,0,3,97.64,1,0.1,0,0,0.0828,0.3269,0
TX-104482,CUST-2253,RECIP-5465,6.94,13,1,368,307,0,1,235.94,4,5.3,0,0,0.3102,0.0848,0
TX-104483,CUST-1090,RECIP-6304,1364.83,5,4,1552,1840,0,8,54.82,3,7.1,0,0,0.2891,0.0678,0
TX-104484,CUST-1703,RECIP-7083,372.14,2,2,1624,697,0,1,127.32,1,5.2,0,1,0.353,0.1774,0
TX-104485,CUST-1553,RECIP-8166,23.8,12,0,414,1360,0,5,141.46,0,5.9,0,0,0.2265,0.056,0
TX-104486,CUST-1815,RECIP-8013,17.78,20,0,1693,307,0,2,262.61,0,34.3,0,0,0.3782,0.442,0
TX-104487,CUST-1381,RECIP-8690,276.78,19,4,578,414,0,2,69.16,1,0.5,0,3,0.027,0.1089,0
TX-104488,CUST-1996,RECIP-5134,103.85,6,6,1505,1234,0,1,187.79,0,1.4,0,3,0.3451,0.2684,0
TX-104489,CUST-1578,RECIP-7094,42.68,20,5,2038,11,1,0,59.15,3,3.2,0,0,0.2694,0.1821,0
TX-104490,CUST-1282,RECIP-8154,140.0,8,5,2344,112,0,3,76.4,1,2027.7,1,0,0.0033,0.2242,0
TX-104491,CUST-1295,RECIP-9442,262.38,13,2,661,27,1,0,100.26,0,9.0,0,1,0.9097,0.0537,0
TX-104492,CUST-2044,RECIP-5640,44.21,7,4,866,1781,0,7,91.13,1,5.8,0,0,0.0531,0.1562,0
TX-104493,CUST-1392,RECIP-8955,161.31,12,0,266,431,0,0,206.98,1,43.9,0,0,0.0376,0.1722,0
TX-104494,CUST-1460,RECIP-5034,99.26,12,1,2423,1320,0,4,617.46,1,28.4,0,1,0.2322,0.1761,0
TX-104495,CUST-1940,RECIP-5886,9.85,16,0,846,1,1,0,99.99,3,0.2,1,0,0.1183,0.3852,0
TX-104496,CUST-1494,RECIP-8811,31.24,11,1,2011,24,1,0,102.37,6,61.6,0,0,0.109,0.002,0
TX-104497,CUST-1582,RECIP-8540,159.97,12,2,2339,1421,0,2,359.62,2,70.8,0,0,0.0381,0.5025,0
TX-104498,CUST-1366,RECIP-9377,175.31,15,0,1204,27,1,0,609.61,0,23.8,0,0,0.1924,0.3685,0
TX-104499,CUST-1518,RECIP-7704,19.28,10,5,1743,1113,0,2,89.37,2,11.9,1,0,0.1966,0.0713,0
TX-104500,CUST-2039,RECIP-7771,77.83,12,5,1196,106,0,3,127.19,2,0.9,0,0,0.2375,0.2,0
TX-104501,CUST-1800,RECIP-7406,8.45,2,4,1451,457,0,4,36.67,3,21.9,0,1,0.2723,0.2587,0
TX-104502,CUST-2496,RECIP-7302,87.68,20,1,646,1982,0,3,56.5,2,6.4,0,0,0.1166,0.3594,0
TX-104503,CUST-2157,RECIP-7312,174.23,3,6,2105,1256,0,1,29.54,1,2.2,0,0,0.137,0.0987,0
TX-104504,CUST-1025,RECIP-6316,15.95,20,0,333,41,1,0,79.52,3,0.6,0,0,0.1683,0.0938,0
TX-104505,CUST-1568,RECIP-8840,29.59,18,6,1660,1877,0,0,351.26,0,7.8,0,0,0.4104,0.0692,0
TX-104506,CUST-1434,RECIP-6604,83.72,22,5,2302,894,0,2,52.22,0,1740.6,0,2,0.1373,0.3056,1
TX-104507,CUST-1881,RECIP-7748,109.61,0,1,2033,1719,0,2,62.12,1,24.9,0,0,0.0303,0.0742,0
TX-104508,CUST-1398,RECIP-8011,209.9,5,1,1904,1622,0,5,142.42,2,63.5,1,0,0.7803,0.211,0
TX-104509,CUST-2449,RECIP-7419,557.63,1,4,1653,72,0,5,30.66,1,686.7,0,0,0.079,0.1002,0
TX-104510,CUST-1449,RECIP-7751,16.99,10,5,2365,20,1,0,127.93,1,0.9,0,3,0.5198,0.0996,0
TX-104511,CUST-1782,RECIP-5219,86.08,21,3,2164,1760,0,7,15.3,1,3.5,0,0,0.1189,0.2292,0
TX-104512,CUST-1184,RECIP-6421,270.44,18,0,709,1984,0,6,81.9,0,0.9,0,2,0.2366,0.2322,0
TX-104513,CUST-2364,RECIP-7017,124.27,16,3,1571,1276,0,4,30.93,2,21.8,0,1,0.2591,0.0763,0
TX-104514,CUST-2367,RECIP-6773,19.75,20,3,1088,36,1,0,57.64,2,737.4,0,0,0.0888,0.0173,0
TX-104515,CUST-2190,RECIP-9086,73.48,0,2,684,578,0,2,91.35,1,3407.5,0,0,0.1797,0.1259,0
TX-104516,CUST-1527,RECIP-9037,273.24,18,6,2050,353,0,3,91.81,0,23.0,0,0,0.3823,0.0434,0
TX-104517,CUST-1088,RECIP-8202,91.77,7,2,131,39,1,0,86.25,1,29.8,0,0,0.0138,0.3965,0
TX-104518,CUST-2066,RECIP-6585,189.96,16,1,346,33,1,0,538.65,0,3.9,0,0,0.1225,0.0417,0
TX-104519,CUST-1643,RECIP-5229,254.06,18,4,290,1944,0,5,172.2,1,23.0,0,2,0.1464,0.0319,0
TX-104520,CUST-2485,RECIP-8398,205.71,16,4,528,593,0,6,28.4,1,25.8,0,0,0.3024,0.0236,0
TX-104521,CUST-2047,RECIP-8977,36.4,10,4,1295,116,0,1,35.26,2,0.3,0,0,0.0247,0.2906,0
TX-104522,CUST-1807,RECIP-7203,523.53,14,3,2357,1391,0,3,273.39,4,33.6,0,0,0.0391,0.2816,0
TX-104523,CUST-2480,RECIP-8720,79.95,11,2,2430,418,0,3,100.42,4,3.1,0,0,0.3541,0.1857,0
TX-104524,CUST-2200,RECIP-9188,82.69,15,1,2253,1050,0,1,258.88,0,7.5,0,0,0.8273,0.0657,0
TX-104525,CUST-1687,RECIP-7460,240.44,11,0,1905,1362,0,0,217.36,1,6.7,0,0,0.224,0.174,0
TX-104526,CUST-1028,RECIP-5943,38.5,9,1,1165,1172,0,6,81.28,0,1078.0,0,0,0.8716,0.2212,0
TX-104527,CUST-1139,RECIP-5100,458.71,4,4,1945,1530,0,9,112.85,2,4.1,0,0,0.1061,0.0739,0
TX-104528,CUST-1665,RECIP-8406,428.31,9,2,692,95,0,9,64.47,1,1697.4,0,0,0.2055,0.0955,0
TX-104529,CUST-1843,RECIP-7530,241.04,17,5,1669,577,0,3,204.62,1,28.4,0,0,0.0427,0.0487,0
TX-104530,CUST-1045,RECIP-5691,587.87,20,5,50,847,0,0,110.59,1,47.6,0,0,0.1118,0.0877,0
TX-104531,CUST-1189,RECIP-5245,73.69,2,3,2261,30,1,0,250.95,2,10.7,0,0,0.3249,0.1495,0
TX-104532,CUST-2056,RECIP-9362,17.53,4,0,2429,1111,0,3,60.26,3,1.9,0,0,0.149,0.1116,0
TX-104533,CUST-2127,RECIP-6441,21.85,12,0,1846,6,1,0,81.76,0,4.3,0,0,0.307,0.1178,0
TX-104534,CUST-1044,RECIP-6471,111.27,16,1,461,1498,0,4,66.45,0,8.8,0,0,0.0061,0.1953,0
TX-104535,CUST-1761,RECIP-7830,58.82,4,1,668,13,1,0,309.84,5,13.1,0,1,0.0781,0.3077,1
TX-104536,CUST-1121,RECIP-6639,559.63,7,0,1857,1239,0,4,97.17,2,979.7,0,0,0.3351,0.13,0
TX-104537,CUST-2085,RECIP-9108,219.28,1,5,1263,38,1,0,92.08,0,6.1,0,0,0.1445,0.2021,0
TX-104538,CUST-2251,RECIP-8064,451.28,1,2,1382,43,1,0,86.41,3,25.4,0,0,0.5008,0.0797,1
TX-104539,CUST-2304,RECIP-6610,21.07,3,5,1028,123,0,5,240.52,1,60.1,0,0,0.6058,0.0761,0
TX-104540,CUST-1897,RECIP-6199,231.17,17,1,2094,605,0,6,932.5,2,10.2,0,2,0.9415,0.0152,0
TX-104541,CUST-1943,RECIP-8870,270.26,20,0,438,8,1,0,654.48,2,12.9,0,0,0.0128,0.1585,0
TX-104542,CUST-2389,RECIP-7662,18.48,11,0,1121,237,0,3,169.99,0,5.2,0,0,0.0875,0.124,0
TX-104543,CUST-1918,RECIP-9132,20.96,4,3,579,1151,0,4,48.77,1,3136.0,0,1,0.3916,0.0283,0
TX-104544,CUST-1669,RECIP-6552,321.33,22,3,1738,1546,0,2,64.16,2,6.5,0,1,0.3826,0.0949,0
TX-104545,CUST-2131,RECIP-5094,206.91,6,3,734,896,0,3,124.6,2,22.8,0,0,0.6744,0.2325,0
TX-104546,CUST-1886,RECIP-9046,452.33,3,6,769,408,0,7,17.43,1,50.6,0,0,0.0196,0.0999,0
TX-104547,CUST-2263,RECIP-6077,224.26,3,4,458,107,0,4,61.17,2,6.3,0,1,0.1383,0.0286,0
TX-104548,CUST-1787,RECIP-8804,174.76,8,5,2163,30,1,0,191.57,4,14.1,1,0,0.0037,0.0757,0
TX-104549,CUST-2303,RECIP-8194,118.65,17,0,566,1206,0,3,29.91,0,4.7,0,0,0.8773,0.5135,0
TX-104550,CUST-1067,RECIP-6043,120.65,9,3,2175,1400,0,6,148.13,0,10.4,1,3,0.1786,0.1736,0
TX-104551,CUST-1054,RECIP-8405,296.5,10,4,2293,6,1,0,65.74,1,2.2,0,0,0.262,0.1937,0
TX-104552,CUST-1148,RECIP-5367,34.65,8,4,2411,19,1,0,61.51,2,31.7,0,0,0.1658,0.1266,0
TX-104553,CUST-1834,RECIP-6765,67.04,22,6,877,1122,0,5,154.11,1,26.2,0,0,0.0107,0.2177,0
TX-104554,CUST-2063,RECIP-6604,27.53,16,3,1647,1685,0,6,324.87,0,15.2,0,0,0.3444,0.2069,0
TX-104555,CUST-1324,RECIP-7955,114.59,15,2,2073,427,0,4,94.33,1,15.2,0,0,0.3036,0.2712,0
TX-104556,CUST-1233,RECIP-7405,191.06,10,6,223,1409,0,8,278.53,2,841.8,0,0,0.2597,0.2464,0
TX-104557,CUST-2290,RECIP-7754,153.04,12,2,189,1394,0,5,127.66,1,3.9,0,1,0.4504,0.0989,0
TX-104558,CUST-2125,RECIP-7142,29.84,21,3,541,1212,0,1,42.52,1,12.5,0,0,0.8921,0.3431,0
TX-104559,CUST-1972,RECIP-8328,310.07,15,0,2455,232,0,3,227.21,2,2.3,0,0,0.4292,0.3764,0
TX-104560,CUST-1732,RECIP-5720,45.15,19,1,252,289,0,3,265.78,3,0.8,0,0,0.3067,0.0554,0
TX-104561,CUST-1630,RECIP-8233,759.59,0,0,1919,1224,0,5,133.91,3,0.9,1,0,0.2263,0.2612,1
TX-104562,CUST-1030,RECIP-5225,262.97,20,2,2102,1268,0,5,38.17,0,6.1,0,0,0.2099,0.0423,0
TX-104563,CUST-1282,RECIP-5386,96.55,22,6,2269,43,1,0,32.8,2,1708.4,0,0,0.2133,0.2792,0
TX-104564,CUST-2345,RECIP-8256,70.15,16,0,1335,44,1,0,141.73,1,2.4,0,0,0.1411,0.0178,0
TX-104565,CUST-1508,RECIP-5712,1433.14,22,6,1329,826,0,3,141.52,2,54.5,1,0,0.1352,0.0558,0
TX-104566,CUST-2056,RECIP-8465,128.43,13,6,1863,634,0,3,169.08,2,0.2,0,0,0.166,0.1269,0
TX-104567,CUST-2055,RECIP-5597,93.9,6,0,1597,1839,0,6,19.32,0,21.0,0,0,0.316,0.0283,0
TX-104568,CUST-1464,RECIP-5660,68.41,14,0,1972,1403,0,2,51.96,0,8.0,1,1,0.1075,0.3388,0
TX-104569,CUST-1306,RECIP-9196,59.25,15,6,921,1081,0,1,64.72,2,6.5,1,0,0.0867,0.0276,0
TX-104570,CUST-2037,RECIP-5797,96.7,3,4,2335,1142,0,5,222.6,1,3.6,0,0,0.1767,0.2454,0
TX-104571,CUST-1140,RECIP-9110,38.47,4,1,1097,1516,0,3,101.14,1,7.9,1,0,0.305,0.1104,0
TX-104572,CUST-1742,RECIP-6566,36.82,6,6,642,39,1,0,233.4,0,32.6,1,0,0.2677,0.189,0
TX-104573,CUST-2332,RECIP-8588,57.86,13,3,1884,922,0,5,47.49,2,0.2,0,0,0.3782,0.4222,0
TX-104574,CUST-2066,RECIP-9227,194.32,3,4,1563,143,0,4,24.88,1,2.9,0,0,0.0163,0.1288,0
TX-104575,CUST-2146,RECIP-5525,2825.93,18,4,153,1595,0,2,187.44,2,1.2,0,0,0.1514,0.2626,0
TX-104576,CUST-1124,RECIP-6487,12.86,2,1,440,1031,0,3,84.38,0,7.4,0,1,0.0306,0.1262,0
TX-104577,CUST-1299,RECIP-7584,124.23,22,2,120,1800,0,4,103.49,2,2789.3,0,0,0.0059,0.0253,0
TX-104578,CUST-1412,RECIP-8894,74.63,16,0,1452,32,1,0,39.21,3,1.2,0,0,0.0358,0.0673,0
TX-104579,CUST-1438,RECIP-5842,1492.64,8,3,2191,861,0,1,110.46,2,3.4,0,0,0.032,0.2229,0
TX-104580,CUST-1291,RECIP-5840,978.62,8,6,826,38,1,0,116.63,0,40.6,1,1,0.8874,0.4328,1
TX-104581,CUST-2458,RECIP-6657,25.82,16,4,301,1936,0,4,101.17,2,19.8,0,1,0.0582,0.0892,0
TX-104582,CUST-1247,RECIP-5920,210.35,2,4,2132,724,0,1,164.46,1,1.8,0,0,0.1324,0.2114,0
TX-104583,CUST-2062,RECIP-6201,202.94,17,1,1810,357,0,5,179.78,1,2.6,0,0,0.1097,0.2252,0
TX-104584,CUST-1880,RECIP-5584,70.41,13,3,1376,1247,0,2,256.6,2,27.8,0,0,0.3001,0.1811,0
TX-104585,CUST-1915,RECIP-8730,2045.77,5,6,522,1701,0,2,105.15,5,7.1,0,0,0.0896,0.2417,0
TX-104586,CUST-1321,RECIP-8585,312.83,21,0,1690,275,0,5,354.45,2,0.8,0,0,0.1607,0.3742,0
TX-104587,CUST-1461,RECIP-5650,374.05,15,1,934,1080,0,2,38.12,0,1749.2,0,2,0.1685,0.2754,0
TX-104588,CUST-1909,RECIP-7415,165.72,3,5,635,979,0,5,201.23,0,0.2,0,0,0.1353,0.1593,0
TX-104589,CUST-1448,RECIP-7907,226.61,15,0,755,328,0,4,103.1,1,45.3,1,0,0.1093,0.0526,0
TX-104590,CUST-2041,RECIP-7823,21.93,9,1,181,595,0,6,92.07,0,13.0,0,0,0.3185,0.2015,0
TX-104591,CUST-1059,RECIP-9427,43.82,18,6,1241,1273,0,5,71.45,1,15.0,0,0,0.251,0.0882,0
TX-104592,CUST-1109,RECIP-7885,263.21,11,0,1890,1979,0,4,150.51,2,31.9,0,0,0.0675,0.1768,0
TX-104593,CUST-2092,RECIP-8091,166.01,23,3,2071,314,0,1,401.56,1,18.0,1,0,0.3875,0.0244,0
TX-104594,CUST-1925,RECIP-5147,12.13,22,2,1818,1282,0,3,268.59,1,6.7,0,4,0.2197,0.3036,0
TX-104595,CUST-1064,RECIP-5356,10.4,0,2,2192,1781,0,6,196.69,2,21.7,0,0,0.3692,0.0971,0
TX-104596,CUST-2348,RECIP-7785,5.29,9,1,2410,1526,0,3,90.09,0,7.5,0,3,0.0985,0.1633,0
TX-104597,CUST-1007,RECIP-9085,150.04,4,1,578,1643,0,2,341.16,2,2731.4,0,0,0.4757,0.2069,0
TX-104598,CUST-2433,RECIP-6795,60.93,10,5,1100,3,1,0,137.11,2,18.0,0,1,0.0052,0.1075,0
TX-104599,CUST-2094,RECIP-7893,635.96,3,0,863,1329,0,2,45.51,2,0.7,1,0,0.181,0.1613,0
TX-104600,CUST-2482,RECIP-5945,85.09,12,0,1721,132,0,3,54.24,2,8.0,0,3,0.7021,0.15,0
TX-104601,CUST-2423,RECIP-7053,56.09,3,1,2097,511,0,6,336.21,1,4.6,0,0,0.0806,0.1257,0
TX-104602,CUST-1469,RECIP-8380,49.13,14,5,2228,25,1,0,232.52,0,8.2,0,2,0.4412,0.2227,0
TX-104603,CUST-2134,RECIP-7968,432.91,10,2,251,1927,0,6,257.9,0,7.8,0,0,0.246,0.0269,0
TX-104604,CUST-1316,RECIP-5513,220.55,23,0,1301,466,0,3,112.37,0,1.4,0,0,0.2117,0.0555,0
TX-104605,CUST-1707,RECIP-8955,253.3,21,3,318,1715,0,2,52.61,1,9.5,0,0,0.7947,0.084,0
TX-104606,CUST-1360,RECIP-9172,494.36,14,4,844,1290,0,9,26.51,3,0.8,0,0,0.7275,0.1626,0
TX-104607,CUST-1729,RECIP-7147,306.01,10,3,1214,10,1,0,53.33,0,13.3,0,0,0.0071,0.1317,0
TX-104608,CUST-2308,RECIP-6533,29.9,17,0,1561,263,0,5,33.1,0,27.3,1,1,0.3365,0.3252,0
TX-104609,CUST-1654,RECIP-7390,171.73,16,6,1981,24,1,0,570.93,0,9.5,0,0,0.4939,0.1316,0
TX-104610,CUST-1138,RECIP-8606,73.21,3,6,2486,12,1,0,65.61,2,8.0,1,0,0.2237,0.366,0
TX-104611,CUST-1486,RECIP-7036,38.43,9,6,859,6,1,0,65.64,3,30.1,0,0,0.1635,0.1244,1
TX-104612,CUST-2179,RECIP-5135,263.61,23,6,1411,1762,0,4,65.27,0,3.3,1,0,0.2355,0.1993,0
TX-104613,CUST-1782,RECIP-5326,45.48,7,2,201,715,0,1,26.89,0,29.3,0,0,0.6686,0.0101,1
TX-104614,CUST-1840,RECIP-8652,147.11,0,2,305,1745,0,4,25.36,1,19.7,1,0,0.4859,0.1956,0
TX-104615,CUST-1646,RECIP-8541,544.94,20,6,2420,1707,0,3,335.04,1,4.3,0,0,0.2288,0.0503,0
TX-104616,CUST-1439,RECIP-8474,83.83,22,3,2347,14,1,0,381.2,1,8.0,0,3,0.2395,0.0901,0
TX-104617,CUST-1897,RECIP-5568,67.16,15,6,2349,28,1,0,243.57,0,16.0,0,0,0.2035,0.0994,0
TX-104618,CUST-1949,RECIP-5768,66.07,15,4,675,251,0,5,146.75,1,21.7,0,0,0.1508,0.1655,0
TX-104619,CUST-2347,RECIP-6775,58.96,8,6,1640,25,1,0,40.19,3,27.1,0,0,0.8681,0.0294,0
TX-104620,CUST-1926,RECIP-6038,54.15,8,0,595,31,1,0,262.52,0,8.1,0,0,0.3365,0.1454,0
TX-104621,CUST-2492,RECIP-6740,79.1,21,4,1714,16,1,0,100.48,1,16.1,0,0,0.038,0.2992,0
TX-104622,CUST-2239,RECIP-7513,132.84,20,5,1227,1809,0,1,149.57,1,13.5,0,0,0.4593,0.3088,0
TX-104623,CUST-1118,RECIP-6260,492.0,11,1,2336,838,0,2,124.85,2,1.8,0,0,0.3547,0.3533,0
TX-104624,CUST-1588,RECIP-5555,66.88,7,5,953,607,0,2,179.24,2,11.2,0,0,0.0409,0.1367,0
TX-104625,CUST-1577,RECIP-6811,97.83,4,1,1620,40,1,0,207.7,1,5.9,0,2,0.3729,0.1325,0
TX-104626,CUST-1004,RECIP-8251,25.82,0,6,1658,362,0,4,89.79,4,22.3,0,0,0.0465,0.1017,0
TX-104627,CUST-1271,RECIP-7781,72.27,11,6,1977,32,1,0,218.94,0,77.2,0,0,0.2787,0.1144,0
TX-104628,CUST-2143,RECIP-6446,188.23,13,0,158,1126,0,5,80.27,3,42.2,0,0,0.0581,0.3233,0
TX-104629,CUST-1528,RECIP-6401,24.9,16,3,1174,1853,0,6,213.94,0,0.7,0,0,0.1084,0.3597,0
TX-104630,CUST-1221,RECIP-7626,156.22,19,2,1147,25,1,0,218.09,3,1.0,0,0,0.0434,0.2679,0
TX-104631,CUST-1431,RECIP-5776,1595.31,8,6,593,215,0,2,28.14,1,15.0,0,0,0.3428,0.0189,0
TX-104632,CUST-1412,RECIP-8751,659.11,4,2,2017,1802,0,6,102.89,0,5.3,0,0,0.4222,0.0842,0
TX-104633,CUST-1261,RECIP-8912,130.14,20,5,2086,151,0,4,19.86,1,22.8,0,2,0.1058,0.3326,1
TX-104634,CUST-1151,RECIP-5114,39.84,18,0,231,1598,0,6,31.59,4,2.4,0,0,0.1384,0.2274,0
TX-104635,CUST-2146,RECIP-9368,84.99,12,1,1720,763,0,4,104.92,1,1.7,0,0,0.2283,0.0621,0
TX-104636,CUST-2236,RECIP-5105,50.8,0,6,2158,728,0,3,90.22,0,7.0,0,0,0.2191,0.251,0
TX-104637,CUST-1744,RECIP-7063,73.27,11,2,745,1631,0,7,82.3,1,22.2,0,0,0.1067,0.0715,0
TX-104638,CUST-1923,RECIP-8002,21.42,14,5,1591,593,0,2,163.94,2,33.7,0,0,0.1646,0.2221,0
TX-104639,CUST-2378,RECIP-6471,83.45,20,6,1569,41,1,0,75.42,4,23.8,0,0,0.3082,0.0006,0
TX-104640,CUST-2263,RECIP-5916,365.53,12,6,75,138,0,4,41.71,3,35.6,1,2,0.3996,0.2143,0
TX-104641,CUST-1048,RECIP-5213,385.89,11,0,2046,386,0,4,31.59,3,11.5,0,1,0.2028,0.1715,0
TX-104642,CUST-2429,RECIP-8273,189.25,9,1,1882,753,0,4,28.78,1,5.0,0,0,0.0437,0.1388,0
TX-104643,CUST-1100,RECIP-5165,37.91,9,5,697,614,0,4,51.76,2,0.7,0,0,0.1144,0.0193,0
TX-104644,CUST-1039,RECIP-7178,160.64,0,6,805,1749,0,5,57.17,2,2272.1,0,0,0.4291,0.1348,0
TX-104645,CUST-1604,RECIP-6767,73.94,2,6,1927,1809,0,7,289.52,2,64.6,0,0,0.3642,0.1964,0
TX-104646,CUST-2118,RECIP-9354,65.22,18,5,2010,876,0,2,113.74,1,3.1,0,1,0.2561,0.0368,0
TX-104647,CUST-1120,RECIP-9186,335.81,8,0,208,1177,0,3,46.56,1,4.3,0,0,0.023,0.1401,0
TX-104648,CUST-1439,RECIP-8678,64.09,20,5,916,21,1,0,187.79,0,71.0,0,0,0.4276,0.173,0
TX-104649,CUST-1394,RECIP-8288,61.46,9,1,1573,850,0,3,182.62,1,20.4,0,2,0.1391,0.2318,0
TX-104650,CUST-1596,RECIP-7443,1011.18,23,5,344,712,0,3,72.22,1,3338.9,0,0,0.4204,0.0157,0
TX-104651,CUST-2479,RECIP-6571,20.5,4,3,2497,532,0,4,261.38,0,8.4,0,1,0.1063,0.2297,0
TX-104652,CUST-1497,RECIP-5749,74.82,4,1,546,1407,0,2,218.0,1,3.1,0,0,0.3903,0.184,0
TX-104653,CUST-1313,RECIP-9356,370.08,14,5,2169,7,1,0,79.35,1,33.5,0,0,0.6675,0.2815,0
TX-104654,CUST-1183,RECIP-6732,467.87,19,6,189,623,0,5,96.73,1,32.5,0,1,0.0296,0.6614,0
TX-104655,CUST-1297,RECIP-6929,34.53,3,3,2192,270,0,1,77.08,2,5.1,0,0,0.3042,0.0374,0
TX-104656,CUST-1199,RECIP-5635,31.03,12,5,128,936,0,4,150.76,1,8.6,0,0,0.0893,0.0333,0
TX-104657,CUST-1860,RECIP-6245,48.04,5,0,1710,1367,0,3,17.88,1,1546.8,0,0,0.5698,0.1762,0
TX-104658,CUST-1630,RECIP-7855,5.0,17,1,920,1064,0,3,203.99,0,31.6,0,0,0.9231,0.1545,0
TX-104659,CUST-1746,RECIP-6918,598.27,13,0,1169,1457,0,2,34.26,1,6.3,0,1,0.0202,0.0242,0
TX-104660,CUST-2248,RECIP-7636,199.04,15,1,298,4,1,0,61.66,0,5.4,1,3,0.0851,0.4873,1
TX-104661,CUST-1870,RECIP-5951,27.01,6,2,1702,769,0,8,484.41,4,9.4,0,0,0.0673,0.0496,0
TX-104662,CUST-1232,RECIP-5369,20.23,6,3,1567,26,1,0,78.88,0,10.1,0,0,0.4898,0.2152,0
TX-104663,CUST-1565,RECIP-8985,92.26,15,2,823,14,1,0,132.3,3,3.5,1,0,0.0849,0.2563,0
TX-104664,CUST-1468,RECIP-6944,135.7,8,3,1196,134,0,5,139.84,0,16.1,0,1,0.4332,0.0677,0
TX-104665,CUST-2240,RECIP-6625,879.08,16,1,1395,362,0,5,133.93,0,5.8,0,1,0.202,0.1278,0
TX-104666,CUST-1460,RECIP-6287,53.24,3,2,1729,1362,0,8,74.39,2,4.7,0,0,0.0624,0.0447,0
TX-104667,CUST-1207,RECIP-7960,1511.31,7,5,1363,100,0,2,143.25,0,3.1,0,2,0.0601,0.0306,0
TX-104668,CUST-2104,RECIP-7533,54.11,2,3,175,394,0,5,97.32,0,51.6,0,0,0.2664,0.0277,0
TX-104669,CUST-1642,RECIP-6750,75.25,2,0,1373,253,0,3,27.77,3,16.3,0,0,0.6484,0.2193,0
TX-104670,CUST-1143,RECIP-9189,722.92,6,2,891,1630,0,5,42.88,0,24.5,0,0,0.13,0.0428,0
TX-104671,CUST-2034,RECIP-9057,1859.68,11,5,1047,265,0,4,90.65,1,3.0,0,0,0.3413,0.1944,1
TX-104672,CUST-1315,RECIP-5893,196.88,3,1,945,450,0,4,151.52,0,1965.4,1,0,0.3206,0.0505,0
TX-104673,CUST-2302,RECIP-7890,21.3,2,6,901,1970,0,3,153.27,0,5.5,0,0,0.0811,0.1952,0
TX-104674,CUST-2248,RECIP-9357,254.51,21,2,613,293,0,5,117.63,3,16.7,0,0,0.2659,0.192,0
TX-104675,CUST-1554,RECIP-7197,94.9,12,4,845,517,0,4,102.46,0,26.3,0,0,0.8108,0.1309,0
TX-104676,CUST-1833,RECIP-5135,123.44,17,3,1789,1638,0,3,92.71,2,630.6,0,0,0.175,0.381,0
TX-104677,CUST-1851,RECIP-5594,77.9,17,4,585,320,0,2,130.55,0,684.0,0,0,0.1051,0.22,0
TX-104678,CUST-1980,RECIP-8004,48.89,2,5,1904,505,0,4,49.29,0,47.9,0,0,0.088,0.1787,0
TX-104679,CUST-1103,RECIP-9058,162.07,14,1,1113,1603,0,4,104.96,1,5.2,0,0,0.1414,0.0503,0
TX-104680,CUST-1487,RECIP-5577,49.13,20,2,1538,19,1,0,198.73,0,17.2,0,0,0.0989,0.1745,0
TX-104681,CUST-1255,RECIP-7460,67.71,10,3,320,27,1,0,110.01,2,14.4,0,0,0.231,0.0857,0
TX-104682,CUST-2046,RECIP-7235,1130.95,20,1,542,557,0,2,48.36,0,20.2,0,0,0.3064,0.2584,0
TX-104683,CUST-1103,RECIP-6282,1214.11,22,2,2256,44,1,0,47.8,1,4.5,0,0,0.1647,0.1031,0
TX-104684,CUST-1775,RECIP-7842,18.13,13,6,2082,821,0,3,265.22,2,24.6,0,2,0.1124,0.2533,0
TX-104685,CUST-2091,RECIP-8950,137.28,2,1,202,44,1,0,90.93,1,2297.8,0,0,0.0208,0.2084,0
TX-104686,CUST-2422,RECIP-6076,55.11,14,1,2261,13,1,0,34.07,0,19.1,0,1,0.0781,0.0028,0
TX-104687,CUST-1432,RECIP-5244,164.26,21,4,2098,329,0,5,47.12,1,12.8,0,0,0.1076,0.1562,0
TX-104688,CUST-1011,RECIP-6615,7687.54,13,0,368,834,0,2,28.48,0,3.4,0,0,0.4023,0.0204,1
TX-104689,CUST-2085,RECIP-6413,35.7,19,0,625,215,0,7,29.19,1,3.0,0,2,0.1718,0.1241,0
TX-104690,CUST-1002,RECIP-8272,84.65,12,6,468,40,1,0,124.26,0,1.2,0,2,0.8387,0.0425,0
TX-104691,CUST-1099,RECIP-7415,60.66,10,1,2137,1379,0,2,64.32,2,5.1,0,1,0.0815,0.0783,0
TX-104692,CUST-2485,RECIP-5080,50.38,22,0,2138,28,1,0,39.65,1,0.9,0,0,0.5767,0.5477,0
TX-104693,CUST-2293,RECIP-6529,25.28,3,4,1809,17,1,0,251.81,2,1.2,0,0,0.0456,0.1334,0
TX-104694,CUST-2061,RECIP-8307,105.79,10,3,647,41,1,0,80.15,1,0.6,0,0,0.3187,0.2455,0
TX-104695,CUST-2253,RECIP-7145,33.03,3,3,2304,347,0,3,101.41,1,2.7,0,0,0.1799,0.0588,0
TX-104696,CUST-1113,RECIP-7532,562.88,15,3,2123,12,1,0,173.19,3,3.1,0,0,0.1401,0.1885,0
TX-104697,CUST-1133,RECIP-6189,128.89,22,1,2179,1597,0,4,32.24,3,1.6,1,0,0.3532,0.0943,0
TX-104698,CUST-1451,RECIP-6437,22.77,23,6,919,956,0,4,37.83,0,0.5,0,0,0.2779,0.0258,0
TX-104699,CUST-1035,RECIP-5585,135.91,5,0,1761,9,1,0,101.1,1,83.7,0,3,0.2044,0.4819,0
TX-104700,CUST-2332,RECIP-5367,101.55,17,3,1698,1802,0,1,8.16,2,4.5,0,0,0.1042,0.1911,0
TX-104701,CUST-1084,RECIP-5165,26.29,20,1,404,895,0,3,456.83,0,41.4,0,0,0.1379,0.1099,0
TX-104702,CUST-1816,RECIP-7809,86.95,20,4,1469,427,0,3,132.26,2,5.8,0,3,0.155,0.1277,0
TX-104703,CUST-2280,RECIP-5709,114.97,12,3,1386,306,0,3,90.97,1,1783.8,0,0,0.0684,0.0481,0
TX-104704,CUST-2102,RECIP-7581,966.89,4,2,1474,1992,0,3,141.77,2,12.6,0,0,0.3815,0.2511,0
TX-104705,CUST-1352,RECIP-9288,27.14,11,3,869,113,0,2,162.32,2,13.1,0,0,0.3288,0.0769,0
TX-104706,CUST-1705,RECIP-8137,135.07,18,1,1683,780,0,4,127.19,0,45.7,1,1,0.108,0.0849,0
TX-104707,CUST-1822,RECIP-7589,25.05,14,0,2217,1128,0,4,183.64,0,30.4,0,1,0.1655,0.2054,0
TX-104708,CUST-2151,RECIP-5525,504.91,9,6,1523,629,0,5,238.13,3,6.9,0,0,0.7311,0.2478,0
TX-104709,CUST-1639,RECIP-7200,30.12,5,4,2184,361,0,3,366.33,2,33.9,0,0,0.1833,0.1504,0
TX-104710,CUST-1427,RECIP-9010,447.68,15,4,1935,1310,0,6,53.0,0,24.8,0,0,0.1702,0.1301,0
TX-104711,CUST-2193,RECIP-6729,372.76,10,6,805,192,0,5,38.93,2,9.2,0,0,0.1747,0.1094,0
TX-104712,CUST-2329,RECIP-8717,2910.75,11,6,1847,1950,0,3,38.86,0,38.0,1,0,0.0948,0.1595,1
TX-104713,CUST-1733,RECIP-8187,45.47,22,4,1689,988,0,2,116.08,2,2.0,0,0,0.0119,0.1856,0
TX-104714,CUST-1042,RECIP-6200,36.06,0,5,2361,1486,0,2,25.06,3,27.0,0,0,0.2962,0.046,0
TX-104715,CUST-1750,RECIP-5635,92.35,5,3,865,1696,0,5,34.66,1,21.3,0,0,0.2129,0.2564,0
TX-104716,CUST-2333,RECIP-5076,705.43,22,1,434,19,1,0,147.43,1,4.8,0,0,0.1154,0.0177,0
TX-104717,CUST-2483,RECIP-6242,274.37,22,4,1705,1002,0,4,68.92,0,6.5,0,0,0.4351,0.1583,0
TX-104718,CUST-1601,RECIP-6498,15866.83,7,6,1591,209,0,4,89.01,1,3277.0,0,0,0.0461,0.0969,1
TX-104719,CUST-1225,RECIP-7951,64.03,23,6,1546,214,0,3,329.1,1,24.4,0,0,0.0971,0.053,0
TX-104720,CUST-1858,RECIP-7576,89.63,5,3,1857,750,0,1,211.49,1,6.4,0,0,0.629,0.0596,0
TX-104721,CUST-2246,RECIP-7155,199.88,1,6,1292,650,0,4,118.48,0,8.5,0,0,0.1581,0.1426,0
TX-104722,CUST-2417,RECIP-8253,84.62,7,1,104,21,1,0,44.99,4,0.1,0,0,0.0804,0.1795,0
TX-104723,CUST-1077,RECIP-8465,84.74,12,0,2199,925,0,5,85.48,2,7.1,0,1,0.7749,0.057,0
TX-104724,CUST-1435,RECIP-8210,171.7,0,2,715,1994,0,2,51.16,3,802.2,0,0,0.2878,0.3274,0
TX-104725,CUST-1716,RECIP-9036,34.85,4,1,637,605,0,3,80.39,1,38.6,0,0,0.149,0.0272,0
TX-104726,CUST-1147,RECIP-6618,1144.15,18,6,2040,16,1,0,48.95,4,2.2,1,0,0.8745,0.459,1
TX-104727,CUST-2329,RECIP-8705,49.73,14,0,1999,714,0,3,103.88,0,2083.2,0,1,0.1818,0.2608,0
TX-104728,CUST-1168,RECIP-6893,3828.95,14,3,1278,1998,0,5,77.02,1,1967.2,1,0,0.2539,0.1215,0
TX-104729,CUST-1997,RECIP-5828,14.51,23,5,1733,1030,0,5,48.53,3,4.2,0,0,0.1357,0.2766,0
TX-104730,CUST-2377,RECIP-5656,95.85,5,0,229,96,0,2,37.81,0,29.2,0,0,0.0479,0.0795,0
TX-104731,CUST-2027,RECIP-5411,28.69,21,0,724,32,1,0,326.99,1,1.3,0,0,0.2014,0.0915,0
TX-104732,CUST-2144,RECIP-9300,71.32,8,3,629,458,0,3,56.61,2,5.6,0,0,0.1784,0.1897,0
TX-104733,CUST-1394,RECIP-5762,250.51,22,6,1071,1621,0,10,213.0,1,10.4,0,0,0.2669,0.1416,0
TX-104734,CUST-2241,RECIP-8758,65.57,18,0,912,2,1,0,87.99,2,17.2,0,2,0.2493,0.0523,0
TX-104735,CUST-1627,RECIP-8525,745.56,5,0,200,15,1,0,103.5,1,6.1,0,0,0.4266,0.0975,0
TX-104736,CUST-1091,RECIP-6976,1123.57,5,6,1730,1163,0,5,104.64,1,24.2,0,0,0.1816,0.2317,0
TX-104737,CUST-1549,RECIP-9112,112.41,13,4,1506,24,1,0,77.11,1,35.9,0,0,0.5451,0.2722,0
TX-104738,CUST-1524,RECIP-9087,60.88,12,4,966,1895,0,3,95.54,1,2.3,0,0,0.5861,0.093,0
TX-104739,CUST-1782,RECIP-9164,34.52,5,1,2223,825,0,7,145.28,0,5.6,0,0,0.3756,0.0878,0
TX-104740,CUST-1397,RECIP-7235,40.7,6,2,921,855,0,4,36.88,0,22.0,0,0,0.1179,0.1154,0
TX-104741,CUST-1693,RECIP-6341,154.21,21,3,321,1642,0,4,83.41,0,6.1,0,0,0.0594,0.0479,0
TX-104742,CUST-1641,RECIP-5197,39.22,18,1,2124,1013,0,2,98.14,0,23.2,0,2,0.1072,0.2718,0
TX-104743,CUST-1490,RECIP-8781,66.98,4,3,356,1257,0,1,157.2,1,18.6,0,3,0.264,0.1021,0
TX-104744,CUST-2044,RECIP-8928,62.53,17,6,206,284,0,2,70.32,0,17.2,0,0,0.9203,0.4689,0
TX-104745,CUST-1458,RECIP-7413,575.83,3,5,1202,1377,0,3,82.31,1,2.1,0,0,0.2089,0.2037,0
TX-104746,CUST-2148,RECIP-5319,107.64,10,6,1460,707,0,4,172.38,2,20.8,1,0,0.3927,0.2049,0
TX-104747,CUST-1376,RECIP-8702,122.07,0,3,724,39,1,0,28.49,1,23.2,0,0,0.0494,0.061,0
TX-104748,CUST-2297,RECIP-6342,35.08,15,5,2102,1807,0,1,222.69,1,5.3,0,0,0.1224,0.33,0
TX-104749,CUST-1547,RECIP-7467,35.47,4,2,714,1443,0,3,50.67,2,0.2,0,1,0.173,0.3632,0
TX-104750,CUST-1061,RECIP-7967,28.86,5,4,2410,1141,0,1,211.85,0,5.1,0,0,0.3588,0.1978,0
TX-104751,CUST-1224,RECIP-5656,472.63,4,5,1607,15,1,0,246.2,0,7.7,0,0,0.0149,0.3603,0
TX-104752,CUST-2209,RECIP-5282,14.46,4,5,485,1720,0,2,73.79,3,60.7,0,0,0.2012,0.0585,0
TX-104753,CUST-2308,RECIP-5356,205.77,1,6,1043,1260,0,3,203.42,1,16.6,0,0,0.1108,0.2654,0
TX-104754,CUST-1317,RECIP-9315,148.89,13,0,217,466,0,2,73.18,0,9.2,0,0,0.1319,0.0515,0
TX-104755,CUST-1903,RECIP-9307,169.03,20,5,2116,1121,0,0,55.93,0,41.3,0,0,0.053,0.1791,0
TX-104756,CUST-1861,RECIP-6920,69.29,7,4,1630,6,1,0,128.74,3,2.4,0,2,0.1906,0.0271,0
TX-104757,CUST-1200,RECIP-6916,321.19,18,5,1089,39,1,0,185.87,1,46.2,0,1,0.1096,0.1445,0
TX-104758,CUST-1677,RECIP-6830,86.21,13,0,1707,318,0,2,46.79,1,5.2,0,0,0.3374,0.2382,0
TX-104759,CUST-2040,RECIP-6577,22.8,6,3,1549,980,0,6,26.15,2,4.2,1,0,0.8561,0.3221,0
TX-104760,CUST-2450,RECIP-7447,337.92,1,6,1511,37,1,0,112.49,0,0.4,0,0,0.2417,0.0887,0
TX-104761,CUST-2271,RECIP-6603,273.35,18,6,1012,36,1,0,331.7,0,10.5,0,0,0.02,0.0283,0
TX-104762,CUST-1146,RECIP-7772,4380.77,0,1,898,940,0,6,95.14,2,911.5,0,0,0.2631,0.2988,0
TX-104763,CUST-1356,RECIP-6705,30.54,10,3,662,37,1,0,255.59,3,4.3,0,2,0.4505,0.0621,0
TX-104764,CUST-1655,RECIP-7834,2779.74,0,6,1972,1353,0,6,221.27,1,6.4,0,0,0.0693,0.0489,1
TX-104765,CUST-1225,RECIP-9252,766.24,18,6,1194,982,0,2,189.67,1,1365.9,0,2,0.1246,0.3333,0
TX-104766,CUST-1856,RECIP-5926,83.16,23,2,1188,242,0,4,86.15,1,4.1,0,0,0.0643,0.1085,0
TX-104767,CUST-1012,RECIP-5282,125.66,7,5,1809,847,0,0,59.65,1,4.5,0,2,0.0552,0.0372,0
TX-104768,CUST-1170,RECIP-7369,230.06,7,5,1341,30,1,0,108.24,0,43.0,0,0,0.0488,0.0459,0
TX-104769,CUST-1070,RECIP-5535,500.1,13,1,2383,152,0,1,40.99,2,40.6,0,0,0.0913,0.2022,0
TX-104770,CUST-1443,RECIP-6041,35.44,12,0,624,845,0,2,182.99,1,1.6,0,1,0.19,0.1784,0
TX-104771,CUST-2143,RECIP-8553,62.48,9,0,134,16,1,0,72.52,1,14.5,0,0,0.2177,0.0335,0
TX-104772,CUST-1265,RECIP-6880,38.22,8,1,1070,1810,0,1,87.03,1,5.2,0,0,0.0634,0.1928,0
TX-104773,CUST-2480,RECIP-7472,14.73,4,5,1343,962,0,1,84.73,3,1.6,0,0,0.0831,0.0511,0
TX-104774,CUST-1404,RECIP-8492,119.08,6,2,2058,9,1,0,54.56,3,12.6,1,3,0.2097,0.3287,0
TX-104775,CUST-1067,RECIP-5578,253.6,14,4,1600,1937,0,3,65.1,1,4.3,0,0,0.3867,0.1913,0
TX-104776,CUST-1503,RECIP-7153,37.81,17,0,2349,157,0,5,129.92,2,1.9,0,0,0.1211,0.0554,0
TX-104777,CUST-2122,RECIP-5155,43.62,18,4,241,3,1,0,41.62,1,705.4,0,0,0.0691,0.1416,0
TX-104778,CUST-1159,RECIP-7246,43.83,12,5,1357,190,0,5,42.9,1,3.5,0,0,0.185,0.03,0
TX-104779,CUST-1107,RECIP-6009,266.48,18,6,2078,28,1,0,51.1,0,7.5,0,0,0.5885,0.4031,1
TX-104780,CUST-2274,RECIP-9100,50.54,14,2,1270,1198,0,2,102.58,1,16.7,0,0,0.1098,0.2119,0
TX-104781,CUST-1888,RECIP-6173,7.87,8,3,711,919,0,3,29.15,1,33.0,0,1,0.0136,0.1814,0
TX-104782,CUST-1514,RECIP-5900,98.28,8,3,1928,625,0,6,57.0,2,1.7,1,0,0.0204,0.0492,0
TX-104783,CUST-2134,RECIP-5063,55.69,12,2,2191,28,1,0,17.11,2,0.2,0,0,0.1334,0.385,0
TX-104784,CUST-2266,RECIP-5599,27.83,7,4,669,1832,0,3,29.22,1,12.1,0,0,0.1601,0.316,0
TX-104785,CUST-1538,RECIP-5972,91.15,18,3,1394,101,0,2,71.35,1,15.1,0,0,0.2002,0.1628,0
TX-104786,CUST-1841,RECIP-6026,109.66,4,5,2017,310,0,1,123.5,2,16.6,0,1,0.1946,0.2207,0
TX-104787,CUST-1016,RECIP-8322,64.21,1,0,405,788,0,4,104.91,0,9.8,0,0,0.8924,0.1518,0
TX-104788,CUST-1459,RECIP-8993,74.44,11,1,57,4,1,0,96.5,3,29.5,0,3,0.145,0.202,0
TX-104789,CUST-1892,RECIP-8849,13.77,1,4,1855,1843,0,1,63.94,0,3.9,0,0,0.1894,0.1081,0
TX-104790,CUST-1295,RECIP-9303,30.67,4,4,1887,664,0,1,238.44,3,5.2,0,0,0.0516,0.1048,0
TX-104791,CUST-2486,RECIP-9042,123.45,9,6,418,21,1,0,68.74,1,14.3,0,0,0.0794,0.0692,0
TX-104792,CUST-2456,RECIP-7049,197.36,0,4,1504,514,0,2,32.78,3,3.5,0,0,0.4167,0.3733,0
TX-104793,CUST-1386,RECIP-6754,358.29,5,0,1809,774,0,6,276.95,1,13.5,0,0,0.8189,0.2647,0
TX-104794,CUST-1594,RECIP-7921,681.65,13,3,2408,582,0,2,50.42,0,1603.2,0,0,0.2821,0.1147,0
TX-104795,CUST-1284,RECIP-6437,70.31,8,5,2026,1403,0,4,79.22,1,10.9,0,0,0.0841,0.0657,0
TX-104796,CUST-1755,RECIP-7716,40.48,21,6,573,1608,0,5,204.36,1,6.8,0,0,0.1923,0.0546,0
TX-104797,CUST-1185,RECIP-9499,106.99,2,5,1451,1489,0,2,60.1,0,63.0,0,2,0.13,0.0353,0
TX-104798,CUST-1586,RECIP-5891,130.82,17,3,1840,1619,0,3,226.75,2,15.9,0,0,0.4428,0.0565,0
TX-104799,CUST-1832,RECIP-8462,94.0,14,0,699,1240,0,5,107.79,1,24.8,0,0,0.4078,0.3284,0
TX-104800,CUST-1917,RECIP-9209,85.6,15,1,432,1394,0,4,144.42,0,11.9,0,0,0.2916,0.0878,0
TX-104801,CUST-1894,RECIP-7418,163.85,16,5,1110,2,1,0,117.62,0,24.8,0,0,0.9558,0.0448,0
TX-104802,CUST-1332,RECIP-6602,1676.69,1,2,1807,1992,0,1,81.49,1,5.4,0,0,0.0702,0.069,0
TX-104803,CUST-2188,RECIP-6146,30.62,19,5,1334,1893,0,4,318.06,0,5.3,0,0,0.2352,0.1999,0
TX-104804,CUST-2037,RECIP-5755,36.22,7,0,1522,171,0,7,174.41,2,4.5,0,1,0.0547,0.1311,0
TX-104805,CUST-2129,RECIP-6445,98.46,15,3,1674,743,0,4,26.63,1,4.6,0,0,0.047,0.0391,0
TX-104806,CUST-1701,RECIP-8359,228.47,7,6,2390,7,1,0,70.09,0,0.3,0,0,0.0535,0.3531,0
TX-104807,CUST-2338,RECIP-7319,11.86,9,1,1595,626,0,3,177.6,1,44.4,0,0,0.0772,0.3311,0
TX-104808,CUST-1584,RECIP-5996,104.6,16,0,363,35,1,0,16.67,2,12.7,0,0,0.3629,0.2708,1
TX-104809,CUST-2208,RECIP-7439,555.57,22,2,1019,1695,0,8,53.09,3,10.7,0,0,0.0547,0.0923,0
TX-104810,CUST-1305,RECIP-8640,118.56,21,0,449,1777,0,6,220.23,2,1.4,0,0,0.1372,0.2861,0
TX-104811,CUST-1370,RECIP-5061,167.78,17,4,1902,1874,0,6,125.38,2,5.0,0,0,0.6746,0.091,0
TX-104812,CUST-1790,RECIP-5092,100.9,12,1,2493,1319,0,8,66.57,0,33.3,0,0,0.1491,0.094,0
TX-104813,CUST-1833,RECIP-9317,123.68,12,1,1935,1915,0,5,168.97,0,11.0,0,0,0.3209,0.5398,0
TX-104814,CUST-2119,RECIP-8367,191.38,23,4,637,4,1,0,506.01,1,1949.2,0,0,0.0508,0.1263,0
TX-104815,CUST-1446,RECIP-7590,37.7,4,2,1749,1094,0,4,49.1,0,5.3,0,2,0.7495,0.5015,0
TX-104816,CUST-2308,RECIP-9077,20.74,22,4,82,448,0,5,39.49,1,12.2,0,0,0.1942,0.0764,0
TX-104817,CUST-1494,RECIP-7651,1066.11,15,6,702,1746,0,2,361.23,0,5.6,0,0,0.1734,0.1,0
TX-104818,CUST-1801,RECIP-7343,94.35,14,6,779,39,1,0,211.9,1,26.1,0,0,0.103,0.0324,0
TX-104819,CUST-2397,RECIP-5951,707.06,14,5,1189,416,0,4,80.08,1,1138.9,0,0,0.2955,0.1011,0
TX-104820,CUST-1809,RECIP-8647,19.21,19,6,821,23,1,0,103.8,2,33.7,0,0,0.1407,0.0579,0
TX-104821,CUST-2022,RECIP-8442,248.24,16,5,1098,1784,0,1,187.57,1,14.2,0,0,0.0672,0.0885,0
TX-104822,CUST-2362,RECIP-6330,30.55,2,0,54,1953,0,3,187.79,1,25.9,0,3,0.9766,0.2125,0
TX-104823,CUST-2461,RECIP-8317,113.21,18,6,2047,1530,0,4,197.5,2,5.4,0,0,0.582,0.1006,0
TX-104824,CUST-1749,RECIP-8271,186.41,17,3,1006,1922,0,3,53.84,1,7.8,0,3,0.0901,0.0968,0
TX-104825,CUST-1625,RECIP-5428,89.9,21,0,2026,34,1,0,81.52,1,5.3,0,0,0.1899,0.1444,0
TX-104826,CUST-1295,RECIP-5721,545.34,22,4,172,266,0,6,428.33,2,5.4,0,0,0.1911,0.0521,0
TX-104827,CUST-1806,RECIP-7677,77.8,22,1,2169,535,0,3,162.32,1,18.1,0,0,0.1872,0.1893,0
TX-104828,CUST-2377,RECIP-7806,94.03,1,3,1577,369,0,7,348.24,3,1877.0,0,0,0.25,0.0168,0
TX-104829,CUST-1730,RECIP-7961,23.36,15,4,601,1533,0,1,115.32,2,1868.2,0,1,0.8373,0.263,0
TX-104830,CUST-1522,RECIP-6679,32.55,22,0,1889,10,1,0,67.93,3,3.0,0,0,0.1741,0.0947,0
TX-104831,CUST-1160,RECIP-8760,86.69,23,3,1878,895,0,4,48.83,2,7.5,0,1,0.096,0.1897,0
TX-104832,CUST-1584,RECIP-7005,95.76,13,0,1824,28,1,0,72.92,0,3.3,0,3,0.312,0.0344,0
TX-104833,CUST-1355,RECIP-5927,80.41,21,0,2179,1958,0,3,249.03,0,29.3,0,0,0.002,0.0616,0
TX-104834,CUST-2465,RECIP-5518,27.49,21,1,2386,342,0,4,107.81,1,14.5,0,2,0.2029,0.0886,0
TX-104835,CUST-1791,RECIP-8949,262.21,0,5,441,1717,0,6,33.46,0,2902.9,1,0,0.2874,0.1156,0
TX-104836,CUST-1205,RECIP-8182,126.28,21,2,727,1299,0,3,47.71,3,25.7,0,0,0.6798,0.0623,0
TX-104837,CUST-1101,RECIP-7076,121.44,15,0,128,1593,0,4,575.08,3,35.5,1,2,0.2089,0.0368,0
TX-104838,CUST-2276,RECIP-5941,898.77,13,5,194,1901,0,1,52.94,1,6.6,0,0,0.4076,0.2107,0
TX-104839,CUST-2397,RECIP-5434,28.73,4,3,290,33,1,0,121.34,0,2369.9,0,0,0.1449,0.1118,1
TX-104840,CUST-2144,RECIP-5687,14.78,22,0,1739,31,1,0,194.4,2,765.5,0,0,0.1047,0.2867,0
TX-104841,CUST-1185,RECIP-5475,96.35,7,3,1527,1440,0,4,78.85,1,9.0,0,0,0.1509,0.0723,0
TX-104842,CUST-1147,RECIP-7382,43.69,10,1,115,1337,0,5,16.75,1,17.8,1,0,0.0058,0.256,0
TX-104843,CUST-1296,RECIP-5890,47.25,7,4,1071,1526,0,4,39.56,1,9.5,1,0,0.0877,0.1973,0
TX-104844,CUST-2126,RECIP-5575,190.78,23,6,302,1550,0,4,48.79,0,1264.4,0,0,0.1436,0.2584,0
TX-104845,CUST-2147,RECIP-6272,73.21,11,2,511,854,0,0,34.11,0,38.7,0,0,0.1084,0.0949,0
TX-104846,CUST-2256,RECIP-8147,183.99,2,5,167,1857,0,4,290.01,1,791.4,0,0,0.0753,0.0141,0
TX-104847,CUST-1145,RECIP-7233,43.71,0,0,1334,243,0,2,181.22,0,4.7,0,0,0.2548,0.1343,0
TX-104848,CUST-1229,RECIP-5691,62.3,23,2,230,36,1,0,252.21,2,13.1,0,0,0.0673,0.186,0
TX-104849,CUST-2350,RECIP-8369,77.4,5,6,1970,14,1,0,50.77,2,13.9,0,0,0.5116,0.1696,0
TX-104850,CUST-2393,RECIP-7203,12.32,18,0,2332,32,1,0,83.26,2,2.7,0,0,0.236,0.0532,0
TX-104851,CUST-2088,RECIP-5840,37.96,0,6,2143,2,1,0,214.41,1,14.7,0,0,0.043,0.0811,0
TX-104852,CUST-1159,RECIP-8110,398.62,21,0,2064,1048,0,4,26.42,2,20.2,0,0,0.172,0.2007,0
TX-104853,CUST-1102,RECIP-9466,43.05,15,3,1886,317,0,4,396.06,2,36.0,0,0,0.0865,0.0989,0
TX-104854,CUST-1083,RECIP-7431,106.75,5,1,2279,14,1,0,236.29,2,24.4,0,0,0.3403,0.3507,0
TX-104855,CUST-2037,RECIP-5726,39.67,21,0,2217,142,0,1,136.05,0,3113.6,0,1,0.8407,0.1919,0
TX-104856,CUST-2268,RECIP-6393,40.33,7,2,564,1791,0,0,62.38,1,3.4,0,0,0.1703,0.0954,0
TX-104857,CUST-1947,RECIP-7697,114.0,23,4,1522,694,0,5,36.79,1,5.9,1,3,0.0269,0.241,0
TX-104858,CUST-1393,RECIP-9497,24.24,14,5,785,1814,0,8,164.63,1,2470.8,0,0,0.2841,0.0768,0
TX-104859,CUST-2136,RECIP-9180,213.19,10,2,2097,1049,0,3,311.59,0,3.3,0,0,0.3323,0.3774,0
TX-104860,CUST-1088,RECIP-9199,198.28,1,3,55,21,1,0,131.36,2,25.6,0,0,0.0239,0.1342,0
TX-104861,CUST-2242,RECIP-8746,171.61,6,1,1060,134,0,5,161.1,3,9.5,0,0,0.2663,0.0382,0
TX-104862,CUST-2337,RECIP-7586,8.71,1,5,966,269,0,4,164.39,1,0.2,0,0,0.3473,0.1757,0
TX-104863,CUST-2077,RECIP-7915,507.99,20,1,2135,1152,0,5,113.71,1,13.1,0,0,0.9035,0.0199,0
TX-104864,CUST-2318,RECIP-8302,707.12,2,6,757,1254,0,4,145.08,0,3.4,1,0,0.8724,0.1178,0
TX-104865,CUST-1879,RECIP-8219,11.54,2,1,2242,1797,0,4,314.17,3,1930.4,0,0,0.0089,0.2361,0
TX-104866,CUST-1702,RECIP-7874,523.62,2,4,1255,436,0,2,152.95,2,8.0,0,0,0.5426,0.3141,0
TX-104867,CUST-1483,RECIP-5603,5.68,23,2,1725,6,1,0,110.47,1,3.1,0,0,0.0668,0.067,0
TX-104868,CUST-2382,RECIP-8958,167.27,23,6,1340,225,0,3,54.7,2,0.1,0,0,0.2857,0.1976,0
TX-104869,CUST-2045,RECIP-5043,14.6,17,1,1094,1077,0,8,185.35,2,35.0,0,0,0.3629,0.0751,0
TX-104870,CUST-1285,RECIP-6916,1480.33,1,6,781,401,0,4,106.21,1,681.4,0,0,0.1878,0.1549,0
TX-104871,CUST-2435,RECIP-6953,306.09,12,5,725,510,0,4,107.5,2,10.2,0,0,0.1794,0.1898,0
TX-104872,CUST-1088,RECIP-9482,21.71,22,3,1611,866,0,7,151.47,0,6.2,0,0,0.4743,0.2191,0
TX-104873,CUST-1881,RECIP-5402,929.03,2,3,833,7,1,0,101.58,2,63.7,0,0,0.1755,0.0835,0
TX-104874,CUST-1285,RECIP-7141,25.93,19,2,2164,285,0,4,132.99,2,2.0,0,0,0.2332,0.1097,0
TX-104875,CUST-1996,RECIP-6609,131.98,0,2,356,1225,0,6,115.23,1,2.5,0,1,0.2059,0.2737,0
TX-104876,CUST-1618,RECIP-5439,28.23,19,3,562,837,0,4,76.55,2,4.6,0,0,0.7069,0.3985,0
TX-104877,CUST-1655,RECIP-6006,349.88,13,1,146,1738,0,3,193.65,0,3377.6,0,2,0.2665,0.1363,0
TX-104878,CUST-2007,RECIP-6899,596.72,21,2,2163,1241,0,3,14.29,0,1.7,0,1,0.0772,0.049,0
TX-104879,CUST-2134,RECIP-9123,614.18,9,6,1053,11,1,0,154.74,2,7.3,0,1,0.438,0.0815,1
TX-104880,CUST-1570,RECIP-6746,495.79,18,6,116,93,0,1,46.32,0,3.9,0,0,0.1196,0.1003,0
TX-104881,CUST-2496,RECIP-8960,120.46,20,0,135,26,1,0,235.78,0,2.4,0,0,0.0535,0.288,0
TX-104882,CUST-1747,RECIP-8301,64.92,7,5,2297,20,1,0,25.17,3,38.6,0,1,0.0349,0.0374,0
TX-104883,CUST-1240,RECIP-8685,27.04,15,1,2205,24,1,0,66.79,2,6.5,0,0,0.748,0.2669,0
TX-104884,CUST-1009,RECIP-8841,38.56,11,4,713,489,0,2,134.44,2,7.2,0,0,0.1976,0.2063,0
TX-104885,CUST-1303,RECIP-8212,244.72,10,4,1635,1432,0,5,89.7,0,15.2,0,0,0.0603,0.1646,0
TX-104886,CUST-2036,RECIP-8300,38.41,19,6,653,17,1,0,58.33,0,32.1,0,0,0.0122,0.1366,0
TX-104887,CUST-1809,RECIP-5693,189.43,5,4,2113,1904,0,4,226.63,0,12.2,0,0,0.2055,0.142,0
TX-104888,CUST-1506,RECIP-8226,62.81,2,5,1797,1887,0,2,37.05,1,35.7,0,0,0.1983,0.0675,0
TX-104889,CUST-1722,RECIP-5217,507.72,11,5,1127,1918,0,7,107.23,0,21.5,0,0,0.3871,0.0671,0
TX-104890,CUST-2257,RECIP-8318,43.01,19,4,2323,1572,0,3,62.12,2,2.5,0,0,0.1916,0.404,0
TX-104891,CUST-1857,RECIP-7942,14.72,3,2,583,1991,0,4,176.75,1,44.5,0,0,0.2789,0.08,0
TX-104892,CUST-1087,RECIP-8406,22.18,8,2,2492,1949,0,5,64.51,0,7.6,0,0,0.7432,0.152,0
TX-104893,CUST-1073,RECIP-7890,151.78,16,2,746,549,0,2,99.92,1,20.0,0,0,0.2788,0.2019,0
TX-104894,CUST-1723,RECIP-6659,84.92,11,2,2225,359,0,1,79.23,3,21.1,0,1,0.2519,0.0139,0
TX-104895,CUST-1606,RECIP-6662,91.49,14,2,2141,1683,0,1,94.84,1,4.6,0,2,0.724,0.0113,0
TX-104896,CUST-2275,RECIP-7682,187.5,12,2,1419,942,0,3,111.31,0,594.0,0,0,0.2036,0.2046,0
TX-104897,CUST-1874,RECIP-7127,24.05,19,3,331,160,0,3,102.61,3,3.9,0,2,0.2297,0.1936,0
TX-104898,CUST-2135,RECIP-6532,43.18,21,1,1885,925,0,6,95.14,4,0.9,0,0,0.8298,0.1244,0
TX-104899,CUST-1877,RECIP-7201,55.72,10,2,1754,89,0,2,58.94,1,6.6,0,0,0.3004,0.0234,0
TX-104900,CUST-1517,RECIP-7414,106.0,10,4,2167,1180,0,0,118.58,1,28.3,0,1,0.1214,0.1345,0
TX-104901,CUST-1986,RECIP-6079,34.54,6,2,587,1367,0,1,41.12,2,11.7,0,1,0.0174,0.1002,0
TX-104902,CUST-1932,RECIP-7871,53.73,10,0,621,43,1,0,131.74,0,676.5,0,1,0.3376,0.1698,0
TX-104903,CUST-2080,RECIP-6413,622.99,20,0,902,292,0,4,98.33,1,3316.6,0,0,0.3083,0.098,0
TX-104904,CUST-1283,RECIP-6204,16.15,12,5,941,1815,0,3,18.55,3,0.5,0,0,0.9476,0.1657,0
TX-104905,CUST-1962,RECIP-6882,50.83,16,6,37,25,1,0,114.99,0,7.3,0,0,0.0674,0.1562,0
TX-104906,CUST-1428,RECIP-5464,140.84,10,4,409,158,0,3,355.56,0,3.5,0,0,0.2787,0.1937,0
TX-104907,CUST-2185,RECIP-7714,25.13,16,0,1213,23,1,0,92.41,1,4.4,0,1,0.1261,0.0918,0
TX-104908,CUST-2197,RECIP-8300,17.85,17,3,2418,36,1,0,113.85,2,2.9,0,0,0.1922,0.1432,0
TX-104909,CUST-1937,RECIP-9301,60.45,12,1,347,228,0,3,58.21,0,7.2,0,2,0.3531,0.2688,0
TX-104910,CUST-2420,RECIP-6276,41.5,22,2,625,36,1,0,589.95,0,38.0,0,0,0.305,0.0711,0
TX-104911,CUST-1806,RECIP-7423,11.04,21,6,2153,464,0,4,535.47,2,3.5,0,0,0.2406,0.1324,0
TX-104912,CUST-1037,RECIP-7265,10.73,3,5,126,4,1,0,365.3,0,4.3,0,0,0.3489,0.0027,0
TX-104913,CUST-1909,RECIP-8290,253.02,5,5,271,39,1,0,480.29,0,5.1,0,0,0.1596,0.2312,0
TX-104914,CUST-2166,RECIP-7811,193.88,22,3,2227,1564,0,3,51.37,2,2887.5,0,0,0.3435,0.0445,0
TX-104915,CUST-1151,RECIP-8631,227.99,9,4,648,703,0,2,38.4,1,60.8,0,3,0.7593,0.1465,0
TX-104916,CUST-1156,RECIP-8827,172.64,7,6,790,213,0,5,835.3,1,4.0,0,0,0.0914,0.224,0
TX-104917,CUST-1409,RECIP-5510,542.3,19,4,66,19,1,0,88.17,1,1.3,0,0,0.1017,0.0329,0
TX-104918,CUST-2266,RECIP-6597,117.46,14,4,1033,1934,0,2,53.45,4,2.4,1,1,0.0147,0.1759,0
TX-104919,CUST-1791,RECIP-7939,43.72,3,0,2482,1319,0,4,140.86,0,42.0,0,0,0.0534,0.141,0
TX-104920,CUST-2464,RECIP-7446,180.74,2,6,2464,8,1,0,43.01,1,16.9,0,0,0.3392,0.0721,0
TX-104921,CUST-2309,RECIP-7169,8.21,19,5,1614,66,0,4,121.31,1,3.0,0,0,0.1078,0.0497,0
TX-104922,CUST-1832,RECIP-5779,246.66,18,2,1697,216,0,5,53.54,2,1132.2,0,0,0.2922,0.1357,0
TX-104923,CUST-2018,RECIP-7575,658.23,8,1,1619,1704,0,4,196.21,3,2.9,0,0,0.9605,0.2756,0
TX-104924,CUST-1496,RECIP-8332,23.97,20,6,1746,625,0,2,51.68,1,7.6,0,0,0.151,0.2839,0
TX-104925,CUST-1135,RECIP-5172,67.38,3,6,1311,172,0,3,40.9,1,10.0,0,0,0.2388,0.2218,0
TX-104926,CUST-1598,RECIP-7662,99.1,20,2,538,41,1,0,49.16,2,33.6,0,0,0.892,0.0769,0
TX-104927,CUST-1888,RECIP-9077,58.63,1,1,2174,1753,0,3,128.02,0,1.4,0,0,0.0979,0.1137,0
TX-104928,CUST-1273,RECIP-7581,78.11,15,5,2202,880,0,1,62.6,1,1876.6,0,1,0.0266,0.2495,0
TX-104929,CUST-1332,RECIP-9287,36.76,20,4,386,1953,0,3,192.4,3,6.6,0,0,0.488,0.173,0
TX-104930,CUST-1022,RECIP-6586,44.73,14,6,263,1034,0,4,97.12,1,10.6,0,0,0.1482,0.0278,0
TX-104931,CUST-2101,RECIP-5015,2199.35,18,3,1988,1,1,0,157.68,0,18.4,0,0,0.9586,0.0222,1
TX-104932,CUST-2349,RECIP-8069,102.1,8,3,147,450,0,2,49.0,2,14.8,0,0,0.38,0.0969,0
TX-104933,CUST-2241,RECIP-5957,5.21,6,1,2023,1111,0,2,87.97,1,32.2,0,0,0.9308,0.1836,0
TX-104934,CUST-1569,RECIP-5043,47.29,6,4,2455,40,1,0,97.34,2,23.9,0,0,0.55,0.2301,0
TX-104935,CUST-1890,RECIP-5810,55.27,2,2,119,1553,0,4,54.21,3,1.6,0,0,0.0167,0.2278,0
TX-104936,CUST-2441,RECIP-9203,4543.17,6,1,2003,321,0,6,68.49,2,20.3,0,0,0.7647,0.2154,0
TX-104937,CUST-1887,RECIP-8515,447.09,5,5,357,395,0,3,134.29,1,19.8,0,0,0.3031,0.0635,0
TX-104938,CUST-1443,RECIP-6237,100.1,18,2,746,492,0,5,27.88,2,19.6,0,0,0.0313,0.1668,0
TX-104939,CUST-1507,RECIP-7691,25.36,5,1,1381,14,1,0,71.08,2,1.5,0,0,0.1352,0.2664,0
TX-104940,CUST-2090,RECIP-6527,114.2,3,6,1709,34,1,0,90.58,1,38.8,0,0,0.7505,0.0803,0
TX-104941,CUST-1669,RECIP-5798,33.67,17,6,252,11,1,0,37.62,1,469.5,0,0,0.2902,0.0502,0
TX-104942,CUST-2255,RECIP-9447,124.36,12,3,299,877,0,4,21.1,0,3.6,0,0,0.021,0.109,0
TX-104943,CUST-2296,RECIP-8662,264.01,5,2,727,12,1,0,93.71,1,3.6,0,0,0.7109,0.0339,0
TX-104944,CUST-1053,RECIP-6635,46.52,16,1,1713,1790,0,4,46.98,2,1.5,0,0,0.086,0.0733,0
TX-104945,CUST-2084,RECIP-6590,110.45,5,4,1027,954,0,2,27.48,0,9.5,0,0,0.1543,0.1938,0
TX-104946,CUST-1554,RECIP-8670,205.22,18,4,710,1557,0,4,53.04,2,4.2,0,0,0.254,0.1303,0
TX-104947,CUST-1779,RECIP-7073,155.79,0,4,418,14,1,0,119.86,1,12.8,0,0,0.0907,0.0797,0
TX-104948,CUST-1397,RECIP-6696,14.47,14,5,2422,33,1,0,133.47,2,1.8,0,0,0.2106,0.2493,0
TX-104949,CUST-1552,RECIP-6742,83.67,14,3,1769,1505,0,5,82.87,1,6.3,0,0,0.1876,0.2897,0
TX-104950,CUST-1495,RECIP-7010,50.52,8,4,2465,196,0,2,232.14,1,11.6,0,0,0.089,0.1119,0
TX-104951,CUST-1075,RECIP-7346,125.73,16,4,1252,12,1,0,164.25,1,3120.0,0,0,0.1979,0.0989,1
TX-104952,CUST-2174,RECIP-5180,227.08,9,5,2052,24,1,0,39.84,1,40.1,0,0,0.3096,0.0841,0
TX-104953,CUST-1214,RECIP-7160,145.06,15,5,1610,377,0,3,63.41,4,11.6,0,0,0.5243,0.0666,0
TX-104954,CUST-1563,RECIP-6979,128.19,5,0,1327,1049,0,4,20.08,0,1490.1,0,0,0.887,0.0206,0
TX-104955,CUST-1289,RECIP-6235,522.61,13,4,1201,1600,0,6,273.46,0,1.1,0,0,0.7749,0.1644,0
TX-104956,CUST-1240,RECIP-6599,169.87,18,6,1265,1060,0,1,69.07,1,2.9,0,0,0.3131,0.3871,0
TX-104957,CUST-1560,RECIP-6910,33.39,23,3,1048,1956,0,7,507.97,3,42.1,0,0,0.3907,0.1898,0
TX-104958,CUST-2378,RECIP-6647,44.1,8,3,1610,41,1,0,70.56,3,0.9,0,0,0.3361,0.0652,0
TX-104959,CUST-2416,RECIP-9087,102.75,11,4,1246,249,0,4,85.25,4,17.0,0,0,0.9367,0.0483,0
TX-104960,CUST-1572,RECIP-7378,2798.54,11,3,2427,24,1,0,152.15,1,33.0,0,0,0.6029,0.3075,1
TX-104961,CUST-1757,RECIP-7263,160.23,20,2,2251,14,1,0,375.76,1,17.3,1,0,0.5498,0.1684,0
TX-104962,CUST-2478,RECIP-6183,196.98,23,6,1176,1511,0,4,423.34,0,48.1,0,0,0.2618,0.1374,0
TX-104963,CUST-1352,RECIP-9123,64.48,15,0,1008,4,1,0,99.4,0,22.1,0,0,0.4077,0.1414,0
TX-104964,CUST-2417,RECIP-5104,100.26,19,5,1904,839,0,2,93.05,2,33.5,0,4,0.1018,0.088,0
TX-104965,CUST-1158,RECIP-7475,82.59,2,1,1616,665,0,4,63.4,2,34.8,0,1,0.9243,0.1184,0
TX-104966,CUST-1338,RECIP-5759,22.57,18,1,602,749,0,5,401.23,1,17.1,0,3,0.3038,0.066,0
TX-104967,CUST-1507,RECIP-8459,125.39,19,4,2089,88,0,1,164.22,1,2.0,0,2,0.0566,0.0824,0
TX-104968,CUST-1055,RECIP-6702,74.15,17,4,1715,39,1,0,62.29,0,1.1,1,0,0.054,0.2093,0
TX-104969,CUST-2223,RECIP-6321,236.04,14,6,1564,1464,0,3,201.09,1,0.3,0,0,0.3696,0.0313,0
TX-104970,CUST-2283,RECIP-5260,17.08,21,2,1961,617,0,5,163.89,1,16.5,0,0,0.2213,0.1318,0
TX-104971,CUST-1575,RECIP-8556,52.97,15,0,588,316,0,4,59.19,3,26.3,0,0,0.039,0.0799,0
TX-104972,CUST-2254,RECIP-6784,11.74,20,1,2005,32,1,0,66.97,0,22.3,0,0,0.2337,0.581,1
TX-104973,CUST-2158,RECIP-6189,138.51,4,3,331,1710,0,3,41.19,2,2135.3,1,0,0.0985,0.3305,0
TX-104974,CUST-2202,RECIP-8799,219.99,15,2,1989,11,1,0,234.77,1,7.2,0,0,0.1706,0.086,0
TX-104975,CUST-2204,RECIP-5087,136.9,10,1,1489,40,1,0,65.95,0,21.5,0,0,0.3282,0.137,0
TX-104976,CUST-1860,RECIP-7109,783.2,20,6,1467,29,1,0,39.87,3,750.9,0,0,0.2843,0.1765,1
TX-104977,CUST-1166,RECIP-5723,165.03,21,3,1826,1209,0,6,299.05,0,14.6,0,0,0.1313,0.266,0
TX-104978,CUST-2385,RECIP-5571,34.28,20,4,797,39,1,0,125.97,1,2.6,0,2,0.3709,0.1829,0
TX-104979,CUST-1912,RECIP-5097,343.37,5,5,1928,26,1,0,19.67,2,16.8,0,0,0.216,0.0747,0
TX-104980,CUST-2351,RECIP-5841,866.35,11,2,93,1642,0,1,168.41,1,6.4,0,0,0.0864,0.4831,0
TX-104981,CUST-2438,RECIP-9261,1905.06,0,5,1743,1422,0,6,22.94,3,2.7,0,0,0.8487,0.1206,0
TX-104982,CUST-1280,RECIP-7004,40.04,23,6,1992,27,1,0,53.48,2,0.4,0,0,0.04,0.1181,0
TX-104983,CUST-1603,RECIP-9499,44.2,6,5,38,287,0,4,137.98,2,0.0,0,0,0.888,0.1246,0
TX-104984,CUST-1288,RECIP-6202,132.92,14,2,1745,1370,0,3,134.97,1,13.6,1,0,0.3242,0.2384,0
TX-104985,CUST-1076,RECIP-8430,57.86,11,5,1941,17,1,0,55.43,1,13.1,0,3,0.0712,0.6158,0
TX-104986,CUST-2449,RECIP-5403,297.65,21,1,1319,32,1,0,36.33,2,27.8,0,0,0.0536,0.135,0
TX-104987,CUST-2384,RECIP-5486,69.91,19,0,1523,1047,0,3,379.73,3,61.7,0,0,0.7167,0.0894,0
TX-104988,CUST-2397,RECIP-5073,989.58,18,3,176,1066,0,3,302.14,2,0.3,0,0,0.3153,0.1745,0
TX-104989,CUST-2325,RECIP-9045,193.88,15,3,2470,1195,0,4,79.15,5,14.3,0,0,0.3087,0.4774,0
TX-104990,CUST-1973,RECIP-8022,19.59,2,3,2417,490,0,2,94.36,1,7.9,0,0,0.8668,0.2449,0
TX-104991,CUST-1783,RECIP-8346,81.99,22,1,1918,1184,0,4,56.66,0,27.8,0,0,0.3225,0.0538,0
TX-104992,CUST-2487,RECIP-9173,282.69,1,1,67,1769,0,4,78.54,0,52.8,0,0,0.1551,0.074,0
TX-104993,CUST-1828,RECIP-6495,77.06,10,6,1092,214,0,2,97.94,0,3.3,0,4,0.2511,0.3376,0
TX-104994,CUST-1963,RECIP-8251,131.3,9,2,2050,383,0,4,172.96,3,16.6,0,1,0.2354,0.1925,0
TX-104995,CUST-1317,RECIP-7260,108.5,9,5,1700,125,0,4,27.55,0,13.1,0,3,0.8,0.0683,0
TX-104996,CUST-2120,RECIP-7441,35.94,23,1,2264,996,0,2,132.15,1,28.8,0,0,0.0913,0.031,0
TX-104997,CUST-2229,RECIP-7977,602.17,5,0,1551,520,0,5,311.69,0,1.7,0,0,0.3184,0.2088,0
TX-104998,CUST-2017,RECIP-7114,39.37,13,0,1793,1205,0,4,74.61,0,18.8,0,0,0.1811,0.1158,0
TX-104999,CUST-1747,RECIP-5108,32.44,5,1,863,36,1,0,45.88,1,1.9,0,0,0.4843,0.1041,0
TX-105000,CUST-1296,RECIP-5337,286.87,21,5,2037,267,0,6,220.63,0,2424.8,0,2,0.0936,0.078,0
TX-105001,CUST-1050,RECIP-7256,49.41,17,3,1347,487,0,4,42.35,3,10.2,0,0,0.1356,0.1174,0
TX-105002,CUST-1940,RECIP-7564,97.76,9,4,2006,1335,0,3,35.94,1,4.7,0,0,0.0928,0.1677,0
TX-105003,CUST-2024,RECIP-8295,143.66,1,6,534,27,1,0,24.29,4,41.6,0,0,0.0547,0.1887,0
TX-105004,CUST-2158,RECIP-7574,276.26,3,0,692,34,1,0,140.46,0,5.4,0,0,0.2075,0.1776,0
TX-105005,CUST-2425,RECIP-5847,8.95,5,0,246,1083,0,5,37.23,2,2.9,0,0,0.0924,0.142,0
TX-105006,CUST-1746,RECIP-6650,76.73,9,6,1697,30,1,0,26.97,1,2.4,0,0,0.9417,0.2466,0
TX-105007,CUST-2243,RECIP-6997,64.94,21,3,1840,262,0,6,106.92,2,58.0,0,0,0.8836,0.1787,0
TX-105008,CUST-2074,RECIP-9427,85.93,2,4,730,1443,0,7,42.79,3,8.6,0,0,0.1249,0.0462,0
TX-105009,CUST-1415,RECIP-7396,210.64,13,2,978,865,0,6,150.99,1,41.0,0,0,0.0771,0.1667,0
TX-105010,CUST-2267,RECIP-7857,457.75,8,5,1436,1219,0,2,141.23,0,2.6,0,0,0.348,0.2995,0
TX-105011,CUST-1079,RECIP-8310,112.39,1,4,1896,1552,0,5,101.86,2,18.3,0,0,0.3107,0.0744,0
TX-105012,CUST-1898,RECIP-6630,38.44,14,1,778,84,0,6,53.41,3,2.6,0,0,0.1553,0.286,0
TX-105013,CUST-2410,RECIP-9340,115.89,16,4,1236,14,1,0,176.21,0,1.9,0,0,0.7052,0.1543,0
TX-105014,CUST-1988,RECIP-8037,170.13,23,0,488,228,0,5,32.91,0,8.0,0,0,0.2546,0.216,0
TX-105015,CUST-2405,RECIP-8817,122.72,12,1,2030,1150,0,3,227.08,2,1219.6,0,3,0.0064,0.2263,0
TX-105016,CUST-1084,RECIP-8371,288.48,7,1,2187,11,1,0,80.42,1,8.4,0,2,0.1343,0.1104,1
TX-105017,CUST-1798,RECIP-7796,42.76,20,5,1856,9,1,0,89.29,0,5.4,0,0,0.2745,0.1199,0
TX-105018,CUST-2170,RECIP-5138,45.48,5,5,2044,861,0,9,126.71,1,440.1,1,0,0.0245,0.0443,0
TX-105019,CUST-1963,RECIP-7626,109.3,16,0,1917,1101,0,4,253.62,0,4.8,0,0,0.3031,0.2273,0
TX-105020,CUST-2320,RECIP-5582,320.19,22,6,2094,662,0,3,120.89,1,38.5,0,1,0.0191,0.0797,0
TX-105021,CUST-1693,RECIP-7714,601.41,0,5,1090,37,1,0,68.39,2,579.4,1,0,0.1113,0.1931,1
TX-105022,CUST-2023,RECIP-8156,163.15,22,3,537,24,1,0,149.47,2,60.1,0,0,0.3086,0.1618,0
TX-105023,CUST-1629,RECIP-7453,128.93,4,1,2404,1162,0,2,225.85,0,16.3,1,0,0.7912,0.0945,0
TX-105024,CUST-2308,RECIP-6387,31.8,11,2,35,5,1,0,208.26,1,347.4,0,0,0.6657,0.1305,1
TX-105025,CUST-1179,RECIP-5267,200.73,6,4,1030,1822,0,2,113.41,3,9.6,0,0,0.0057,0.0254,0
TX-105026,CUST-1381,RECIP-8019,26.04,3,4,1823,903,0,3,115.74,0,8.4,0,0,0.3689,0.0437,0
TX-105027,CUST-1145,RECIP-8142,295.34,16,2,1989,1221,0,3,130.54,0,14.0,0,0,0.0516,0.0376,0
TX-105028,CUST-2053,RECIP-7150,108.89,11,0,1723,1917,0,4,183.93,1,26.8,1,0,0.4187,0.0472,0
TX-105029,CUST-1349,RECIP-8223,105.42,12,4,1239,1884,0,3,88.13,1,5.9,0,2,0.1902,0.0757,0
TX-105030,CUST-1475,RECIP-8506,379.01,11,4,2308,1027,0,4,111.16,0,547.5,0,1,0.186,0.0786,0
TX-105031,CUST-2254,RECIP-7306,105.42,17,1,610,464,0,3,108.78,2,1901.8,0,1,0.1206,0.0936,0
TX-105032,CUST-1540,RECIP-5214,60.69,23,4,380,827,0,3,34.1,2,4.4,0,2,0.1839,0.0562,0
TX-105033,CUST-1218,RECIP-8916,122.9,12,3,1583,580,0,6,61.55,1,10.5,1,0,0.051,0.2192,0
TX-105034,CUST-1031,RECIP-7100,35.53,3,3,821,20,1,0,208.34,0,5.3,1,0,0.3021,0.2663,1
TX-105035,CUST-1340,RECIP-8025,118.4,7,0,1188,348,0,2,430.35,0,2.0,0,0,0.9348,0.3465,0
TX-105036,CUST-2372,RECIP-9099,75.72,11,2,1158,21,1,0,104.21,2,6.2,1,0,0.0554,0.1589,0
TX-105037,CUST-1822,RECIP-6631,43.09,2,2,682,211,0,3,90.26,2,15.5,0,0,0.1426,0.1609,0
TX-105038,CUST-2492,RECIP-7798,1261.19,5,5,2496,1948,0,6,65.37,1,13.3,0,0,0.2061,0.0096,0
TX-105039,CUST-1322,RECIP-5088,73.66,4,5,974,80,0,9,16.15,1,10.5,0,0,0.8887,0.0595,0
TX-105040,CUST-1527,RECIP-8982,47.5,23,6,1685,1784,0,5,318.07,0,37.0,0,0,0.2178,0.0899,0
TX-105041,CUST-1244,RECIP-5266,14.07,9,3,425,1860,0,3,54.84,0,2.8,0,0,0.4316,0.2692,0
TX-105042,CUST-1597,RECIP-7435,40.03,21,2,2478,8,1,0,28.45,2,5.0,0,0,0.2954,0.2133,0
TX-105043,CUST-1844,RECIP-6583,207.42,13,3,2468,34,1,0,124.13,0,26.2,0,0,0.3942,0.1165,0
TX-105044,CUST-2212,RECIP-5161,16.62,12,5,200,33,1,0,98.89,3,11.3,0,0,0.0416,0.0182,0
TX-105045,CUST-1552,RECIP-7079,25.49,22,4,1618,1881,0,1,492.33,0,0.7,1,0,0.0648,0.1363,0
TX-105046,CUST-2157,RECIP-9210,264.19,16,4,1498,9,1,0,143.1,1,4.4,0,0,0.9189,0.0921,0
TX-105047,CUST-1939,RECIP-5750,60.3,5,3,458,1736,0,5,326.76,0,3.1,0,0,0.1467,0.1025,0
TX-105048,CUST-1437,RECIP-6315,53.38,6,4,1930,22,1,0,170.31,1,13.1,0,0,0.2098,0.2541,0
TX-105049,CUST-2368,RECIP-5851,97.92,15,6,1918,1503,0,2,63.59,0,2.6,0,0,0.3863,0.2458,0
TX-105050,CUST-1651,RECIP-5562,335.35,0,4,2114,469,0,5,656.53,1,15.7,0,0,0.0166,0.0836,0
TX-105051,CUST-1226,RECIP-6035,31.64,3,2,1516,1840,0,4,338.1,0,11.1,0,0,0.0668,0.0742,0
TX-105052,CUST-2444,RECIP-7573,775.56,1,5,1776,980,0,1,153.52,2,22.1,0,0,0.2656,0.2519,0
TX-105053,CUST-2370,RECIP-8512,99.0,17,6,1814,572,0,3,230.39,1,6.6,0,0,0.0532,0.1599,0
TX-105054,CUST-1074,RECIP-8106,85.39,10,5,1925,635,0,6,129.93,2,28.7,0,0,0.0635,0.1129,0
TX-105055,CUST-2353,RECIP-8470,180.91,0,6,1473,4,1,0,118.91,2,1.8,0,0,0.2882,0.2064,0
TX-105056,CUST-2421,RECIP-8220,8.31,17,1,1869,431,0,5,144.4,1,7.0,0,2,0.2169,0.0682,0
TX-105057,CUST-2243,RECIP-6723,1153.82,15,2,179,1379,0,7,485.27,1,8.6,0,0,0.0675,0.3762,0
TX-105058,CUST-1382,RECIP-9051,110.67,17,1,1555,34,1,0,252.54,1,22.7,0,0,0.3654,0.2899,1
TX-105059,CUST-1946,RECIP-5775,3625.42,3,2,532,1223,0,6,99.57,0,7.2,0,0,0.0342,0.1322,0
TX-105060,CUST-1807,RECIP-8148,1124.72,20,5,1035,1100,0,4,118.5,1,13.5,0,0,0.1721,0.0751,0
TX-105061,CUST-1930,RECIP-5499,109.52,4,4,1928,1260,0,3,30.83,1,15.1,0,0,0.0022,0.1782,0
TX-105062,CUST-1924,RECIP-8445,102.37,13,0,311,499,0,3,111.15,1,4.7,0,0,0.2877,0.1829,0
TX-105063,CUST-1958,RECIP-5392,74.32,13,5,1893,1817,0,6,159.56,2,10.4,0,0,0.2342,0.1327,0
TX-105064,CUST-1771,RECIP-5972,86.27,5,1,671,1777,0,6,136.39,2,2.2,0,0,0.173,0.1044,0
TX-105065,CUST-2035,RECIP-6760,58.57,9,1,1892,1,1,0,116.56,3,4.5,0,0,0.1553,0.1988,0
TX-105066,CUST-1789,RECIP-8125,270.18,1,3,1923,1024,0,1,60.7,2,12.7,0,0,0.0031,0.2842,0
TX-105067,CUST-1024,RECIP-5204,5145.2,11,1,67,403,0,9,197.25,0,48.6,0,0,0.3298,0.0134,0
TX-105068,CUST-1052,RECIP-6158,346.83,16,6,607,14,1,0,214.94,0,23.6,0,2,0.3366,0.0518,0
TX-105069,CUST-2437,RECIP-6501,377.46,7,1,2018,216,0,2,106.39,0,2215.0,0,0,0.015,0.1177,0
TX-105070,CUST-2363,RECIP-8289,155.36,12,1,875,6,1,0,106.58,2,22.0,0,2,0.5642,0.0892,0
TX-105071,CUST-1878,RECIP-9326,2899.05,22,5,1114,41,1,0,97.99,1,336.5,0,0,0.1319,0.138,0
TX-105072,CUST-1261,RECIP-7763,1705.18,5,2,68,18,1,0,126.39,1,28.2,0,0,0.5182,0.0617,0
TX-105073,CUST-2172,RECIP-7283,17.69,6,5,1743,17,1,0,148.38,3,8.0,0,0,0.1102,0.154,0
TX-105074,CUST-1214,RECIP-6513,66.54,2,4,260,1338,0,4,28.81,2,6.1,0,3,0.0596,0.1133,0
TX-105075,CUST-1565,RECIP-8701,47.38,13,1,702,248,0,3,70.02,1,23.9,0,0,0.2334,0.1677,0
TX-105076,CUST-1494,RECIP-5482,79.73,4,4,1207,21,1,0,38.3,2,17.8,0,0,0.9346,0.0646,0
TX-105077,CUST-1018,RECIP-5581,1123.71,20,3,1930,1343,0,6,66.13,0,494.3,0,0,0.0639,0.2298,0
TX-105078,CUST-2210,RECIP-5905,177.45,6,0,1260,583,0,2,249.07,1,10.2,0,2,0.0129,0.079,0
TX-105079,CUST-1764,RECIP-6206,55.81,15,5,2456,15,1,0,47.27,1,43.6,0,0,0.623,0.0021,0
TX-105080,CUST-1474,RECIP-7077,7.18,4,6,1320,948,0,5,30.04,3,4.3,0,0,0.039,0.1217,0
TX-105081,CUST-1760,RECIP-9259,128.15,7,6,656,23,1,0,36.62,1,7.9,0,0,0.2254,0.3438,0
TX-105082,CUST-1000,RECIP-7926,67.43,4,0,501,1134,0,5,121.62,0,811.3,0,0,0.0492,0.143,0
TX-105083,CUST-1655,RECIP-6725,1295.85,13,1,1966,1650,0,4,170.04,2,4.4,1,1,0.0325,0.0581,0
TX-105084,CUST-1779,RECIP-5951,203.69,0,5,1165,121,0,6,101.16,0,37.0,0,0,0.0675,0.0373,0
TX-105085,CUST-1509,RECIP-7917,785.5,1,2,1524,10,1,0,20.77,1,0.4,0,1,0.1234,0.1071,1
TX-105086,CUST-2245,RECIP-6139,35.24,12,4,944,23,1,0,58.33,2,3449.5,0,0,0.5198,0.18,0
TX-105087,CUST-1374,RECIP-9392,14.26,13,2,704,798,0,4,339.46,0,22.2,0,0,0.2425,0.0081,0
TX-105088,CUST-1206,RECIP-7149,61.63,7,1,1511,6,1,0,106.88,2,6.8,0,1,0.4093,0.0798,0
TX-105089,CUST-1791,RECIP-7478,144.44,10,4,757,1679,0,3,20.8,4,1.2,0,0,0.0218,0.1285,0
TX-105090,CUST-2330,RECIP-9065,43.08,9,1,2499,598,0,3,53.49,3,16.9,0,0,0.1761,0.0366,0
TX-105091,CUST-1562,RECIP-6374,101.07,18,0,1837,534,0,5,20.82,1,2.9,0,0,0.2086,0.3403,0
TX-105092,CUST-1069,RECIP-7123,19.88,10,3,2054,4,1,0,69.01,1,35.9,0,0,0.2981,0.1572,0
TX-105093,CUST-2454,RECIP-7393,125.29,20,1,732,1114,0,4,108.26,1,6.1,0,0,0.0542,0.1717,0
TX-105094,CUST-1666,RECIP-6219,19.67,5,1,102,1469,0,6,88.05,1,13.8,0,0,0.787,0.0445,0
TX-105095,CUST-1259,RECIP-5245,30.92,4,5,148,1867,0,3,74.04,1,0.9,0,0,0.0504,0.0764,0
TX-105096,CUST-1923,RECIP-6276,27.52,9,3,2151,151,0,2,474.78,1,3478.5,0,0,0.978,0.3328,0
TX-105097,CUST-1479,RECIP-5505,174.12,1,3,2188,1231,0,7,117.38,2,19.5,0,0,0.1003,0.2512,0
TX-105098,CUST-2406,RECIP-8040,667.48,16,1,1708,6,1,0,76.28,2,0.0,0,2,0.1585,0.3594,0
TX-105099,CUST-1440,RECIP-5032,52.12,9,1,1484,1864,0,3,177.86,1,1.3,0,1,0.3109,0.2821,0
TX-105100,CUST-1825,RECIP-6424,8.19,8,2,546,914,0,6,178.86,0,7.8,0,1,0.9233,0.2312,0
TX-105101,CUST-1814,RECIP-8978,675.16,12,2,1903,917,0,5,135.48,0,4.0,0,0,0.2941,0.1838,0
TX-105102,CUST-1363,RECIP-7558,23.5,1,3,1305,429,0,3,777.84,0,4.3,0,0,0.4887,0.029,0
TX-105103,CUST-1748,RECIP-8020,21.81,9,0,1519,1280,0,8,56.74,1,7.1,1,1,0.1278,0.0131,0
TX-105104,CUST-1163,RECIP-8008,173.23,23,6,89,1112,0,4,256.95,0,3.9,0,0,0.0974,0.1314,0
TX-105105,CUST-1965,RECIP-6342,34.14,15,2,1305,1884,0,9,238.75,1,15.2,1,0,0.069,0.0518,0
TX-105106,CUST-2137,RECIP-7845,94.06,13,5,1743,36,1,0,33.44,0,5.4,0,0,0.2119,0.2505,0
TX-105107,CUST-2425,RECIP-5995,32.12,12,2,1931,1490,0,4,150.07,3,1903.5,0,0,0.0424,0.1126,0
TX-105108,CUST-1488,RECIP-7859,233.45,11,3,389,1915,0,1,48.4,0,5.1,0,1,0.2972,0.2664,0
TX-105109,CUST-1427,RECIP-8073,158.04,22,0,109,1816,0,3,105.6,0,0.2,0,3,0.3437,0.0433,0
TX-105110,CUST-1823,RECIP-8942,3390.81,22,4,2143,1272,0,4,252.75,2,1.9,0,0,0.393,0.1602,1
TX-105111,CUST-2039,RECIP-9137,2734.67,9,0,800,1674,0,4,110.7,2,3.3,0,0,0.0343,0.0714,0
TX-105112,CUST-2488,RECIP-5107,17.18,22,5,1197,2,1,0,19.25,1,2291.8,0,0,0.0276,0.5342,0
TX-105113,CUST-1037,RECIP-6346,779.96,1,6,1579,210,0,4,180.27,0,16.1,0,0,0.1027,0.0421,0
TX-105114,CUST-1357,RECIP-7462,5.87,7,2,1243,1414,0,4,30.65,2,3.4,0,0,0.0095,0.4942,0
TX-105115,CUST-1393,RECIP-6447,46.38,7,6,2361,29,1,0,69.74,2,38.2,0,0,0.3486,0.4456,0
TX-105116,CUST-1383,RECIP-7783,54.64,16,4,2110,14,1,0,251.31,1,9.8,0,0,0.1569,0.3609,0
TX-105117,CUST-1695,RECIP-8844,12.99,14,0,1002,10,1,0,41.42,2,43.4,0,0,0.2117,0.1945,0
TX-105118,CUST-2309,RECIP-6161,50.55,11,1,501,40,1,0,144.44,1,4.3,0,0,0.0711,0.098,0
TX-105119,CUST-1046,RECIP-9020,251.22,6,4,2438,1786,0,4,57.71,1,14.2,0,0,0.0553,0.0931,0
TX-105120,CUST-2223,RECIP-8969,101.84,12,4,1779,480,0,4,18.26,0,0.6,0,0,0.1471,0.2254,0
TX-105121,CUST-1926,RECIP-9113,15.11,6,0,1895,1616,0,2,57.48,2,9.9,0,3,0.0894,0.2,0
TX-105122,CUST-1922,RECIP-5330,61.71,11,4,1176,1613,0,5,60.29,1,5.1,0,2,0.2327,0.0168,0
TX-105123,CUST-2017,RECIP-6319,244.43,8,5,1227,667,0,3,37.77,0,6.4,1,0,0.7911,0.0151,0
TX-105124,CUST-1173,RECIP-5558,36.75,21,0,479,453,0,4,101.06,1,1957.4,1,0,0.0071,0.1166,0
TX-105125,CUST-2120,RECIP-5541,432.91,17,6,1090,17,1,0,105.23,2,22.8,0,0,0.2552,0.0453,0
TX-105126,CUST-1372,RECIP-5239,146.79,4,3,1370,1,1,0,71.95,1,10.3,0,0,0.09,0.1835,0
TX-105127,CUST-1774,RECIP-6979,208.21,22,4,349,1343,0,2,73.51,0,3.9,1,0,0.0454,0.1027,0
TX-105128,CUST-2015,RECIP-5392,181.58,15,0,1599,289,0,3,165.42,1,3108.0,0,3,0.1739,0.361,0
TX-105129,CUST-1905,RECIP-6330,60.13,8,4,1549,908,0,7,35.3,5,7.5,0,0,0.1543,0.2385,0
TX-105130,CUST-1484,RECIP-9416,14.28,12,3,2107,826,0,2,247.39,1,13.3,0,0,0.206,0.0295,0
TX-105131,CUST-1594,RECIP-8977,119.07,4,2,159,1200,0,5,61.7,1,12.2,0,0,0.1139,0.1028,0
TX-105132,CUST-1714,RECIP-9216,16.83,1,5,587,1194,0,4,75.93,1,3394.3,0,0,0.278,0.2301,0
TX-105133,CUST-1061,RECIP-5164,76.39,10,1,1089,1972,0,5,49.17,0,12.6,1,0,0.2499,0.5333,1
TX-105134,CUST-2089,RECIP-7974,35.12,18,0,2203,1693,0,1,40.77,0,74.8,0,0,0.377,0.0488,0
TX-105135,CUST-1149,RECIP-7852,436.02,8,3,617,1116,0,7,213.97,4,8.1,0,0,0.9323,0.2794,0
TX-105136,CUST-1687,RECIP-5597,347.23,9,5,2431,335,0,4,53.03,3,3.9,0,0,0.1467,0.1553,0
TX-105137,CUST-1982,RECIP-9077,120.32,23,0,2392,437,0,3,147.03,0,40.7,0,0,0.162,0.4543,0
TX-105138,CUST-1120,RECIP-6819,293.22,23,6,264,392,0,6,135.35,4,26.3,0,0,0.368,0.5379,0
TX-105139,CUST-2493,RECIP-9395,38.76,11,4,927,1037,0,2,82.31,1,19.1,0,0,0.1511,0.0253,0
TX-105140,CUST-1565,RECIP-5512,124.54,1,6,669,358,0,0,231.7,1,12.0,0,0,0.2583,0.0966,0
TX-105141,CUST-1023,RECIP-7925,26.99,16,3,1238,400,0,1,107.29,2,10.9,1,0,0.0179,0.0168,0
TX-105142,CUST-1987,RECIP-5588,69.0,17,0,2313,352,0,2,19.13,0,3257.6,0,0,0.369,0.2673,0
TX-105143,CUST-1836,RECIP-9274,154.67,21,1,957,1395,0,5,61.25,0,11.4,0,0,0.762,0.3485,0
TX-105144,CUST-1960,RECIP-7734,10.33,22,3,1667,606,0,2,808.46,2,535.2,0,0,0.1385,0.0594,0
TX-105145,CUST-2126,RECIP-5340,75.62,15,4,368,1809,0,2,103.07,0,42.9,0,0,0.1546,0.2902,0
TX-105146,CUST-1713,RECIP-5966,153.04,2,5,1438,1018,0,4,93.53,6,18.2,0,0,0.5146,0.1336,0
TX-105147,CUST-2240,RECIP-6616,53.26,5,5,900,1371,0,4,214.65,2,15.2,0,0,0.0916,0.2871,0
TX-105148,CUST-1555,RECIP-5057,216.46,17,5,2296,1084,0,6,297.8,1,9.7,0,0,0.0942,0.0998,0
TX-105149,CUST-1817,RECIP-5039,78.75,14,4,1954,1762,0,7,48.8,1,2.8,0,3,0.1771,0.1594,0
TX-105150,CUST-1237,RECIP-9164,18.6,10,0,561,30,1,0,100.89,3,9.9,0,0,0.1865,0.0906,0
TX-105151,CUST-1929,RECIP-9415,123.89,9,3,1564,43,1,0,99.38,3,2388.6,0,3,0.1451,0.1019,1
TX-105152,CUST-1392,RECIP-7412,94.9,17,5,874,9,1,0,33.15,0,2.2,0,0,0.315,0.1264,0
TX-105153,CUST-2045,RECIP-9062,73.95,10,5,1110,908,0,6,84.86,2,4.6,0,0,0.2563,0.0365,0
TX-105154,CUST-2201,RECIP-7948,83.53,3,5,1172,28,1,0,117.42,2,12.5,0,0,0.103,0.1168,0
TX-105155,CUST-2288,RECIP-5126,198.47,23,0,2056,1104,0,6,85.51,0,5.0,0,1,0.2033,0.5062,0
TX-105156,CUST-2393,RECIP-8215,86.97,8,3,746,28,1,0,459.52,4,5.8,0,0,0.9021,0.3261,1
TX-105157,CUST-1183,RECIP-5081,2528.49,6,4,40,31,1,0,179.64,0,23.6,0,0,0.1559,0.2004,0
TX-105158,CUST-1206,RECIP-8674,449.53,1,1,506,293,0,2,129.01,1,16.4,0,0,0.1999,0.1002,0
TX-105159,CUST-2389,RECIP-6651,196.76,11,2,2071,821,0,5,101.85,0,1.2,0,0,0.31,0.1371,0
TX-105160,CUST-1571,RECIP-5635,89.1,23,0,762,1942,0,1,177.06,0,3061.9,0,1,0.3883,0.4097,0
TX-105161,CUST-1039,RECIP-6163,84.06,3,1,177,240,0,3,83.38,3,3.8,0,0,0.6774,0.1179,0
TX-105162,CUST-1430,RECIP-8075,64.71,5,0,1018,41,1,0,30.5,1,49.0,0,0,0.381,0.0813,1
TX-105163,CUST-2254,RECIP-8811,94.63,4,6,2179,1421,0,2,39.04,3,34.1,0,0,0.159,0.1113,0
TX-105164,CUST-1532,RECIP-7568,101.18,2,6,2186,44,1,0,120.49,1,4.6,0,0,0.0979,0.2453,1
TX-105165,CUST-1115,RECIP-5722,432.24,14,2,2370,151,0,3,263.16,0,22.8,0,0,0.2649,0.2039,0
TX-105166,CUST-2083,RECIP-9050,51.18,7,0,1719,16,1,0,71.48,1,20.4,1,1,0.9328,0.1063,0
TX-105167,CUST-1291,RECIP-8557,33.61,18,2,2053,5,1,0,198.63,3,9.5,0,0,0.3545,0.279,0
TX-105168,CUST-1529,RECIP-6844,200.08,9,3,1939,487,0,1,140.63,0,15.9,0,0,0.2093,0.2113,0
TX-105169,CUST-1005,RECIP-7495,114.24,15,1,78,940,0,4,242.57,0,17.4,0,0,0.0907,0.3416,0
TX-105170,CUST-1902,RECIP-9337,86.41,2,4,1062,14,1,0,42.51,0,2.4,0,0,0.3705,0.1369,0
TX-105171,CUST-1667,RECIP-6698,42.93,7,6,1329,1974,0,6,41.43,0,755.1,0,0,0.026,0.1093,0
TX-105172,CUST-2300,RECIP-5115,172.29,9,5,1175,568,0,5,384.41,0,7.1,0,3,0.133,0.1732,0
TX-105173,CUST-1501,RECIP-5655,43.65,1,5,2077,655,0,7,26.61,0,0.3,0,0,0.0589,0.0707,0
TX-105174,CUST-1306,RECIP-7701,41.22,10,5,2455,1062,0,6,133.07,0,43.3,1,0,0.2108,0.1341,0
TX-105175,CUST-1248,RECIP-9489,198.49,11,0,1376,1601,0,6,332.19,0,1.2,0,0,0.0694,0.0462,0
TX-105176,CUST-1300,RECIP-8329,57.24,9,3,267,192,0,4,137.29,2,12.2,0,2,0.1517,0.0713,0
TX-105177,CUST-1676,RECIP-7780,119.63,12,3,919,873,0,5,294.99,0,8.8,0,0,0.1565,0.2183,0
TX-105178,CUST-1130,RECIP-6453,49.72,19,0,518,26,1,0,276.28,2,9.1,0,0,0.468,0.2133,0
TX-105179,CUST-1603,RECIP-6977,68.45,18,1,1192,3,1,0,186.87,1,8.3,0,0,0.0678,0.0898,1
TX-105180,CUST-2282,RECIP-5172,85.04,0,3,608,1277,0,3,131.94,0,5.1,0,0,0.3331,0.1554,0
TX-105181,CUST-2151,RECIP-6670,278.89,15,5,229,111,0,5,42.26,0,32.4,0,0,0.0259,0.21,0
TX-105182,CUST-1955,RECIP-7805,134.76,21,1,453,1733,0,8,33.34,1,1.4,1,0,0.0591,0.0701,0
TX-105183,CUST-2339,RECIP-9075,152.83,20,3,1255,231,0,10,84.37,3,10.1,0,0,0.1655,0.0522,0
TX-105184,CUST-2170,RECIP-9150,152.51,7,0,379,21,1,0,24.36,1,10.8,0,0,0.1272,0.0678,0
TX-105185,CUST-1978,RECIP-8695,273.96,18,0,98,868,0,8,156.72,1,1060.6,0,0,0.3826,0.0393,0
TX-105186,CUST-2294,RECIP-5096,536.07,19,4,722,42,1,0,622.55,2,3257.7,0,0,0.1262,0.2028,0
TX-105187,CUST-1186,RECIP-8650,162.21,8,3,1620,836,0,5,102.89,2,3.2,0,0,0.3128,0.5266,0
TX-105188,CUST-2227,RECIP-5983,32.85,20,5,1587,774,0,7,131.83,1,56.5,0,0,0.2101,0.0761,0
TX-105189,CUST-1443,RECIP-7772,123.29,15,6,994,1275,0,3,39.86,1,3.0,0,0,0.3622,0.2997,0
TX-105190,CUST-2099,RECIP-9258,380.16,18,1,1668,674,0,3,90.0,2,14.3,0,0,0.1902,0.0495,0
TX-105191,CUST-2369,RECIP-8995,22.15,17,2,502,42,1,0,104.62,0,7.5,0,0,0.2272,0.1172,0
TX-105192,CUST-1744,RECIP-7989,559.19,18,5,1814,81,0,3,82.64,4,4.9,0,0,0.2451,0.1401,0
TX-105193,CUST-1133,RECIP-6346,196.0,22,0,72,610,0,3,135.3,2,30.0,1,0,0.1129,0.1485,0
TX-105194,CUST-1555,RECIP-7343,127.44,20,5,363,36,1,0,60.06,0,18.6,0,2,0.7601,0.0554,0
TX-105195,CUST-1610,RECIP-8166,65.56,10,6,2307,105,0,4,109.18,0,13.6,0,0,0.8597,0.2021,0
TX-105196,CUST-2405,RECIP-7313,599.62,13,0,1185,253,0,4,142.81,1,8.7,0,0,0.8771,0.1799,0
TX-105197,CUST-2413,RECIP-6820,275.33,15,0,1404,1751,0,10,285.79,0,4.0,0,0,0.149,0.0291,1
TX-105198,CUST-1852,RECIP-6812,21.57,20,4,1011,1022,0,2,106.4,0,16.7,0,1,0.2264,0.0675,0
TX-105199,CUST-2425,RECIP-7699,1013.51,9,3,1627,12,1,0,63.08,1,2852.8,0,0,0.2072,0.0985,1
TX-105200,CUST-1654,RECIP-5161,246.56,7,6,1877,1840,0,7,88.93,2,6.5,0,0,0.2436,0.2345,0
TX-105201,CUST-1616,RECIP-9491,162.88,17,3,1955,1193,0,3,141.17,1,0.5,0,0,0.3331,0.1341,0
TX-105202,CUST-2254,RECIP-5459,137.45,22,4,645,306,0,6,49.52,0,7.5,0,0,0.0289,0.216,0
TX-105203,CUST-2001,RECIP-9430,42.44,21,1,1577,8,1,0,57.27,4,5.7,0,0,0.6265,0.3515,1
TX-105204,CUST-1783,RECIP-5159,113.26,3,2,1967,1436,0,5,109.28,1,8.2,0,0,0.2531,0.2162,0
TX-105205,CUST-1685,RECIP-7306,18.15,22,1,1050,579,0,3,21.25,0,16.4,0,0,0.0524,0.1538,0
TX-105206,CUST-2058,RECIP-6879,28.17,18,1,973,1360,0,3,89.61,0,1.0,0,0,0.1534,0.0421,0
TX-105207,CUST-2130,RECIP-7582,15.71,3,0,1580,321,0,4,70.62,1,12.2,0,2,0.7227,0.1981,0
TX-105208,CUST-1735,RECIP-6951,98.16,0,6,1447,1981,0,4,153.95,1,7.8,0,0,0.1145,0.0329,0
TX-105209,CUST-1047,RECIP-9037,55.3,4,0,653,1185,0,3,50.86,1,2061.7,0,0,0.7499,0.3733,0
TX-105210,CUST-1152,RECIP-5074,72.84,22,3,2395,609,0,3,70.98,3,2150.4,0,0,0.481,0.114,0
TX-105211,CUST-1216,RECIP-9435,114.22,18,3,1416,1812,0,6,96.0,0,15.7,0,2,0.5252,0.1281,0
TX-105212,CUST-1693,RECIP-8102,354.55,13,0,1424,1042,0,4,57.88,0,4.5,0,0,0.9271,0.1153,0
TX-105213,CUST-1921,RECIP-8503,17.03,15,5,537,1791,0,2,46.64,1,1.9,0,0,0.3731,0.089,0
TX-105214,CUST-2205,RECIP-5629,431.17,9,3,1698,243,0,6,59.91,2,1150.4,0,0,0.298,0.0365,0
TX-105215,CUST-1348,RECIP-5293,101.38,21,0,2296,657,0,2,19.89,2,2.8,0,0,0.2485,0.157,0
TX-105216,CUST-2179,RECIP-6786,53.88,3,0,1823,895,0,7,46.36,1,5.6,1,0,0.0321,0.2423,0
TX-105217,CUST-1999,RECIP-6451,873.9,7,4,1288,8,1,0,154.24,1,0.0,0,0,0.0478,0.2048,1
TX-105218,CUST-1077,RECIP-8523,140.3,4,4,1602,8,1,0,30.81,1,33.9,0,0,0.0794,0.0327,0
TX-105219,CUST-1526,RECIP-9034,324.01,20,2,607,745,0,6,43.31,1,30.9,0,1,0.0154,0.2751,0
TX-105220,CUST-1453,RECIP-6923,73.91,12,2,179,1775,0,4,79.01,0,3.7,1,0,0.0923,0.0645,0
TX-105221,CUST-2329,RECIP-8457,21.83,16,0,1609,535,0,8,165.73,4,11.7,0,0,0.4558,0.1713,0
TX-105222,CUST-2381,RECIP-5268,19.91,22,0,479,427,0,3,37.62,0,6.2,0,0,0.4523,0.0844,0
TX-105223,CUST-2228,RECIP-8340,197.05,4,3,253,1931,0,0,59.4,0,3.4,0,0,0.2165,0.2406,0
TX-105224,CUST-1792,RECIP-5447,157.6,23,2,1943,1443,0,7,270.13,0,16.7,0,4,0.0852,0.0373,0
TX-105225,CUST-1739,RECIP-8005,657.59,3,1,1102,127,0,5,110.16,2,12.0,0,0,0.1194,0.1571,0
TX-105226,CUST-1467,RECIP-6719,111.1,18,2,2137,1705,0,5,161.35,1,6.7,0,0,0.1697,0.0952,0
TX-105227,CUST-2159,RECIP-6868,150.01,16,4,2168,431,0,6,43.87,0,5.7,0,0,0.8131,0.021,0
TX-105228,CUST-1129,RECIP-6243,233.78,19,2,333,1386,0,2,60.12,0,13.6,0,0,0.2691,0.2529,0
TX-105229,CUST-1406,RECIP-6814,126.68,3,2,1926,114,0,2,209.64,0,1.8,0,2,0.0883,0.415,0
TX-105230,CUST-1202,RECIP-8934,74.88,23,1,857,563,0,5,127.18,1,40.1,0,0,0.3105,0.0552,0
TX-105231,CUST-1741,RECIP-8640,64.33,19,4,1767,1716,0,3,151.93,2,9.1,0,0,0.1634,0.0025,0
TX-105232,CUST-1449,RECIP-6531,64.29,2,0,138,43,1,0,164.87,1,4.3,0,0,0.4719,0.0059,0
TX-105233,CUST-1296,RECIP-6322,118.95,13,6,1192,974,0,5,185.62,1,2.0,0,0,0.138,0.3378,0
TX-105234,CUST-1564,RECIP-7291,336.6,19,3,1582,832,0,3,73.25,0,11.1,0,0,0.1329,0.1241,0
TX-105235,CUST-2291,RECIP-8081,22.68,11,1,1133,32,1,0,43.26,1,0.2,0,2,0.2,0.02,0
TX-105236,CUST-1837,RECIP-5820,59.75,9,5,1392,289,0,4,58.04,0,56.0,1,0,0.0866,0.0497,0
TX-105237,CUST-2234,RECIP-8267,472.51,6,6,57,827,0,2,71.57,1,10.6,0,2,0.4478,0.2484,0
TX-105238,CUST-2370,RECIP-9269,21.79,12,0,48,770,0,1,18.06,2,20.9,0,0,0.1706,0.036,0
TX-105239,CUST-2353,RECIP-8800,146.95,23,1,1512,265,0,4,140.29,2,5.2,0,1,0.1538,0.0287,0
TX-105240,CUST-1526,RECIP-7467,5.0,14,1,1057,40,1,0,189.34,1,10.7,0,0,0.2757,0.1583,0
TX-105241,CUST-2316,RECIP-6439,53.12,17,0,1455,41,1,0,106.31,0,10.2,0,0,0.0451,0.6724,0
TX-105242,CUST-2364,RECIP-6455,32.98,18,5,918,800,0,2,59.43,1,5.7,0,0,0.2333,0.2341,0
TX-105243,CUST-2439,RECIP-8338,310.81,18,1,43,1896,0,4,105.39,1,9.5,0,0,0.1947,0.1136,0
TX-105244,CUST-1526,RECIP-7046,24.95,9,2,1759,780,0,2,27.33,1,32.5,1,0,0.1902,0.1358,0
TX-105245,CUST-1342,RECIP-5479,26.54,18,5,368,27,1,0,25.5,3,1165.5,1,0,0.1179,0.2453,0
TX-105246,CUST-1876,RECIP-8049,34.07,7,4,1968,956,0,3,349.45,0,32.5,0,0,0.0742,0.2337,0
TX-105247,CUST-2397,RECIP-5621,50.22,14,4,60,1299,0,3,21.15,0,0.4,0,1,0.7142,0.0657,0
TX-105248,CUST-2350,RECIP-9441,55.85,7,0,2324,1577,0,6,180.97,1,21.5,0,0,0.1299,0.1094,0
TX-105249,CUST-1856,RECIP-6878,46.9,22,6,655,977,0,5,275.98,0,0.6,0,0,0.0105,0.2442,0
TX-105250,CUST-1223,RECIP-6538,122.78,17,0,2234,1329,0,4,95.6,1,0.3,0,0,0.2217,0.4644,0
TX-105251,CUST-1633,RECIP-5248,26.89,14,4,39,1010,0,6,92.13,1,24.0,0,0,0.0323,0.4116,0
TX-105252,CUST-2071,RECIP-5754,146.27,10,4,1141,11,1,0,110.42,0,5.0,1,0,0.1024,0.2229,1
TX-105253,CUST-1840,RECIP-9264,38.83,12,2,1060,1557,0,6,19.31,2,9.0,0,0,0.3896,0.1599,0
TX-105254,CUST-1518,RECIP-7417,8.89,18,5,435,36,1,0,60.4,1,17.6,0,0,0.9478,0.1875,0
TX-105255,CUST-1513,RECIP-9058,75.13,6,6,1206,161,0,3,281.82,2,9.8,0,0,0.4814,0.045,0
TX-105256,CUST-1089,RECIP-9301,147.67,19,0,561,584,0,9,105.96,1,820.8,0,0,0.9249,0.1779,0
TX-105257,CUST-1432,RECIP-5220,459.05,6,6,1109,42,1,0,86.14,2,18.8,0,0,0.0152,0.1088,0
TX-105258,CUST-2004,RECIP-6713,1156.44,3,1,955,1344,0,6,102.32,1,6.7,0,0,0.1093,0.2986,0
TX-105259,CUST-1361,RECIP-8772,52.64,17,5,522,1127,0,3,57.28,1,3.1,0,0,0.2728,0.1333,0
TX-105260,CUST-2490,RECIP-7230,47.2,17,5,1977,929,0,6,38.39,2,24.5,1,1,0.0169,0.0585,0
TX-105261,CUST-1123,RECIP-7289,173.46,8,3,1323,654,0,7,195.5,1,15.8,0,0,0.0449,0.0666,0
TX-105262,CUST-1883,RECIP-7565,181.67,15,6,2100,151,0,2,47.98,1,12.9,1,0,0.7541,0.2031,0
TX-105263,CUST-1744,RECIP-8158,324.39,17,5,2040,34,1,0,515.61,3,10.2,0,0,0.0104,0.1265,0
TX-105264,CUST-2249,RECIP-9224,30.31,18,3,678,1990,0,1,77.3,0,8.4,0,2,0.0344,0.1372,0
TX-105265,CUST-2331,RECIP-8991,195.45,22,1,749,31,1,0,127.36,1,5.2,0,0,0.1275,0.0463,0
TX-105266,CUST-1815,RECIP-7812,27.62,20,3,2380,213,0,7,339.82,3,2.3,1,0,0.3091,0.1947,0
TX-105267,CUST-1945,RECIP-7596,32.85,10,6,802,1867,0,4,138.11,0,3.9,0,0,0.2532,0.095,0
TX-105268,CUST-2048,RECIP-6624,64.7,5,1,264,1561,0,2,34.35,1,3240.0,0,0,0.1017,0.1594,0
TX-105269,CUST-1781,RECIP-5523,46.13,2,6,1370,245,0,3,62.23,1,1.6,0,0,0.0351,0.1365,0
TX-105270,CUST-1277,RECIP-8190,50.3,13,1,2417,6,1,0,26.73,1,8.4,0,0,0.1176,0.0422,1
TX-105271,CUST-1642,RECIP-5011,370.28,15,4,607,389,0,3,82.88,0,306.5,0,0,0.3137,0.0701,0
TX-105272,CUST-1362,RECIP-8141,68.62,16,4,1604,1453,0,1,44.41,1,1155.6,0,0,0.1284,0.0469,0
TX-105273,CUST-1696,RECIP-7236,112.55,0,1,864,1354,0,3,81.39,1,7.8,0,0,0.198,0.2655,0
TX-105274,CUST-1922,RECIP-8539,98.42,16,3,980,31,1,0,271.66,1,5.8,0,0,0.1337,0.0253,0
TX-105275,CUST-1313,RECIP-9271,598.26,18,1,1147,1561,0,5,345.93,2,2780.7,0,0,0.0509,0.1429,0
TX-105276,CUST-1374,RECIP-7488,177.31,17,2,383,626,0,3,25.71,3,2742.1,0,0,0.9502,0.0709,0
TX-105277,CUST-2234,RECIP-7576,82.47,12,6,984,1013,0,9,25.39,1,19.6,0,0,0.2969,0.0402,0
TX-105278,CUST-1566,RECIP-7193,545.87,0,0,704,277,0,1,101.69,2,3.3,0,1,0.0184,0.0338,0
TX-105279,CUST-1297,RECIP-6678,33.71,11,6,2051,1858,0,1,82.4,3,13.3,0,0,0.125,0.059,0
TX-105280,CUST-2069,RECIP-5399,744.51,15,4,592,420,0,2,34.7,0,5.4,0,0,0.169,0.3333,0
TX-105281,CUST-2074,RECIP-5139,20906.52,13,5,2127,1753,0,5,80.2,1,21.5,0,0,0.0364,0.0777,1
TX-105282,CUST-2239,RECIP-8253,232.52,13,1,71,1701,0,5,93.32,1,24.9,1,0,0.2248,0.126,0
TX-105283,CUST-2139,RECIP-9117,75.9,12,6,1025,10,1,0,73.82,0,48.0,0,0,0.0996,0.1279,0
TX-105284,CUST-2487,RECIP-5242,260.99,13,1,692,30,1,0,240.26,1,5.6,0,4,0.0967,0.0754,0
TX-105285,CUST-1862,RECIP-6472,344.93,7,3,1136,30,1,0,211.61,2,11.2,0,0,0.2367,0.1104,0
TX-105286,CUST-1430,RECIP-7736,31.87,14,0,1934,39,1,0,85.39,2,17.0,0,0,0.5393,0.0494,0
TX-105287,CUST-2294,RECIP-8171,216.26,6,6,2393,226,0,3,243.64,2,2.0,0,0,0.0453,0.2818,0
TX-105288,CUST-1397,RECIP-8308,69.92,11,4,1827,11,1,0,185.95,1,22.8,0,4,0.7961,0.0388,0
TX-105289,CUST-1436,RECIP-8124,36.59,9,1,1272,38,1,0,102.61,2,32.3,0,0,0.0834,0.0672,0
TX-105290,CUST-2242,RECIP-5377,128.55,17,4,1295,630,0,4,13.53,3,53.5,0,0,0.1245,0.0876,0
TX-105291,CUST-2322,RECIP-6142,99.28,21,1,2482,1141,0,2,32.16,1,11.7,0,0,0.4955,0.178,0
TX-105292,CUST-1509,RECIP-7111,20.54,15,3,2479,215,0,2,68.82,3,432.2,0,1,0.1603,0.0844,0
TX-105293,CUST-2094,RECIP-5286,421.52,3,3,1914,1886,0,5,134.79,2,1727.9,0,2,0.2732,0.2052,0
TX-105294,CUST-2383,RECIP-6544,111.12,16,6,435,1229,0,2,34.31,0,0.8,0,0,0.352,0.0325,0
TX-105295,CUST-2198,RECIP-6732,225.43,7,2,682,38,1,0,214.61,0,1.8,0,0,0.0168,0.2066,0
TX-105296,CUST-1007,RECIP-9401,250.57,1,0,702,546,0,5,282.28,0,2.2,0,0,0.0728,0.0979,0
TX-105297,CUST-1996,RECIP-6427,42.13,4,3,595,23,1,0,133.54,0,22.9,0,0,0.1628,0.109,0
TX-105298,CUST-1254,RECIP-9371,4778.7,23,6,2420,1275,0,6,138.09,0,43.9,0,0,0.8871,0.0815,1
TX-105299,CUST-2269,RECIP-8151,913.52,10,5,422,23,1,0,164.15,1,3.5,0,0,0.1279,0.1582,1
TX-105300,CUST-1100,RECIP-8115,31.5,4,0,2136,1165,0,4,127.56,0,3.5,0,0,0.6529,0.2863,0
TX-105301,CUST-2489,RECIP-8689,95.4,3,0,2021,272,0,4,99.78,3,34.7,1,3,0.1223,0.0822,0
TX-105302,CUST-1265,RECIP-8790,114.07,15,5,1335,1359,0,1,84.99,1,13.5,0,2,0.1486,0.3578,0
TX-105303,CUST-1630,RECIP-6001,229.82,18,5,787,1866,0,5,189.41,2,3080.6,0,0,0.1274,0.3252,0
TX-105304,CUST-1351,RECIP-6894,60.67,8,3,686,1730,0,2,184.23,3,11.7,0,1,0.0302,0.0559,0
TX-105305,CUST-2220,RECIP-7377,1286.25,2,0,1699,32,1,0,33.15,1,3.1,0,0,0.2417,0.2067,0
TX-105306,CUST-1590,RECIP-9395,54.02,8,1,1687,1777,0,5,92.1,0,10.0,0,0,0.1263,0.2808,0
TX-105307,CUST-2116,RECIP-5182,778.09,15,5,1364,1988,0,1,137.24,1,12.3,0,0,0.0163,0.1494,0
TX-105308,CUST-1100,RECIP-7145,353.55,2,0,1434,5,1,0,30.95,0,3.4,0,0,0.7234,0.4566,1
TX-105309,CUST-1679,RECIP-5964,152.97,6,1,2070,2,1,0,152.52,2,4.9,1,0,0.2862,0.5584,1
TX-105310,CUST-2366,RECIP-5930,401.27,0,3,1893,424,0,4,82.71,2,0.4,0,0,0.2343,0.0292,0
TX-105311,CUST-2390,RECIP-8427,255.32,11,5,1884,1265,0,2,415.08,3,15.5,0,0,0.1086,0.1306,0
TX-105312,CUST-1313,RECIP-5908,180.45,4,5,722,803,0,6,165.33,0,0.3,0,0,0.0696,0.0251,0
TX-105313,CUST-1591,RECIP-8570,290.43,4,4,187,1171,0,5,102.95,0,2286.1,0,1,0.3998,0.3265,0
TX-105314,CUST-1613,RECIP-9472,54.19,2,3,1162,43,1,0,133.97,1,15.8,0,0,0.2654,0.363,1
TX-105315,CUST-1848,RECIP-8493,76.06,17,2,865,192,0,3,104.65,0,6.3,1,0,0.4695,0.0556,0
TX-105316,CUST-1806,RECIP-5764,20.31,11,0,857,34,1,0,29.73,2,22.4,0,0,0.7207,0.0585,1
TX-105317,CUST-1158,RECIP-5640,212.46,22,1,1314,1066,0,4,91.53,0,340.7,0,0,0.0744,0.1401,0
TX-105318,CUST-2144,RECIP-6967,47.13,9,1,2315,1461,0,2,27.6,1,1419.2,0,0,0.0451,0.1455,0
TX-105319,CUST-1338,RECIP-7479,18.49,5,0,2014,1853,0,4,75.48,0,18.6,0,0,0.1313,0.1825,0
TX-105320,CUST-1472,RECIP-8502,183.0,4,5,1697,1750,0,4,106.77,3,6.0,1,0,0.0805,0.1824,0
TX-105321,CUST-2261,RECIP-6902,70.51,22,2,1793,940,0,3,37.88,0,13.7,1,0,0.4426,0.3458,0
TX-105322,CUST-2034,RECIP-5751,579.65,14,3,1052,39,1,0,90.21,1,11.8,1,1,0.1378,0.0461,1
TX-105323,CUST-1594,RECIP-9461,249.0,7,1,1387,28,1,0,291.84,1,47.6,0,0,0.2536,0.2216,0
TX-105324,CUST-2368,RECIP-9070,437.29,15,4,1101,31,1,0,63.57,1,36.1,0,0,0.0433,0.1214,0
TX-105325,CUST-1591,RECIP-7943,86.74,13,0,2026,15,1,0,46.86,0,6.9,0,0,0.3137,0.1066,0
TX-105326,CUST-1848,RECIP-8129,133.25,2,4,2476,1650,0,1,219.17,3,1.3,0,0,0.2417,0.1984,0
TX-105327,CUST-1368,RECIP-9208,1106.39,16,5,1104,1574,0,1,113.13,3,11.3,0,0,0.4595,0.3184,0
TX-105328,CUST-1274,RECIP-7136,6.23,2,2,1810,758,0,1,93.71,2,8.6,0,0,0.1312,0.2184,0
TX-105329,CUST-1737,RECIP-5654,16.68,4,1,167,1666,0,4,143.45,2,3.7,0,2,0.2796,0.1265,0
TX-105330,CUST-1844,RECIP-7726,87.89,17,5,1022,484,0,3,108.63,2,3.9,0,0,0.2509,0.0821,0
TX-105331,CUST-2208,RECIP-7028,14.74,10,1,2180,1,1,0,53.92,2,37.3,0,0,0.2762,0.0904,0
TX-105332,CUST-1586,RECIP-8598,38.95,5,1,1725,545,0,2,40.54,0,20.8,0,1,0.2889,0.2384,0
TX-105333,CUST-2342,RECIP-8472,181.06,1,2,1330,921,0,4,369.2,2,1.0,0,0,0.0104,0.2006,0
TX-105334,CUST-1911,RECIP-7121,139.99,14,6,557,1854,0,4,136.91,1,15.3,0,1,0.1796,0.1649,0
TX-105335,CUST-1105,RECIP-6655,200.81,16,3,2026,978,0,6,311.2,0,1357.3,0,0,0.2388,0.1865,0
TX-105336,CUST-2108,RECIP-6899,28.16,4,1,2427,1524,0,3,80.23,1,8.8,1,0,0.3709,0.1052,0
TX-105337,CUST-1862,RECIP-7846,254.53,9,3,998,1939,0,3,243.95,0,670.3,0,0,0.0304,0.0201,0
TX-105338,CUST-1584,RECIP-7866,38.68,8,2,2029,357,0,3,53.38,1,16.9,1,2,0.9104,0.0767,0
TX-105339,CUST-1700,RECIP-7302,177.1,21,4,1483,1862,0,3,29.49,0,4.3,0,0,0.3285,0.3209,0
TX-105340,CUST-1452,RECIP-7393,206.59,18,3,1011,280,0,3,137.12,1,30.8,0,0,0.2396,0.0294,0
TX-105341,CUST-1921,RECIP-9463,979.31,6,4,847,1268,0,7,194.5,2,26.5,0,0,0.2759,0.0451,0
TX-105342,CUST-1850,RECIP-6141,640.27,12,3,1272,935,0,4,212.03,0,3.2,0,0,0.3902,0.0922,0
TX-105343,CUST-1670,RECIP-5782,208.09,22,3,1041,27,1,0,132.52,1,6.2,0,0,0.4344,0.0238,0
TX-105344,CUST-1427,RECIP-8596,66.54,8,3,1554,1299,0,4,57.86,0,12.1,0,0,0.115,0.0957,0
TX-105345,CUST-1597,RECIP-9209,110.9,3,2,394,1806,0,4,128.74,1,10.4,0,0,0.0616,0.1393,0
TX-105346,CUST-1746,RECIP-7739,143.43,7,6,1208,194,0,2,127.26,1,7.6,0,0,0.0663,0.2899,0
TX-105347,CUST-1707,RECIP-6807,48.54,14,1,1861,391,0,1,91.28,1,5.8,0,0,0.2406,0.3939,0
TX-105348,CUST-1463,RECIP-6568,197.97,23,5,2117,1045,0,3,68.64,0,1074.6,0,0,0.5889,0.0783,1
TX-105349,CUST-1872,RECIP-7105,221.24,7,4,722,267,0,4,41.31,1,1100.9,0,0,0.1426,0.1471,0
TX-105350,CUST-1339,RECIP-5236,220.9,1,3,1512,12,1,0,112.38,5,21.4,0,0,0.1666,0.057,0
TX-105351,CUST-1751,RECIP-7378,28.02,4,2,775,864,0,5,115.35,1,5.0,0,0,0.2976,0.0144,0
TX-105352,CUST-1182,RECIP-6213,90.72,9,3,1981,898,0,1,32.05,3,13.0,1,3,0.0534,0.1159,0
TX-105353,CUST-1708,RECIP-6194,270.87,2,5,904,1389,0,0,414.65,1,0.6,1,3,0.2077,0.0965,0
TX-105354,CUST-2175,RECIP-7521,217.77,0,1,1693,956,0,5,32.88,1,28.7,0,1,0.5946,0.1749,0
TX-105355,CUST-2226,RECIP-9336,78.73,15,4,1097,162,0,5,58.1,0,2.4,0,0,0.0339,0.2532,0
TX-105356,CUST-2042,RECIP-5926,88.72,19,5,689,22,1,0,116.11,1,8.7,0,0,0.3128,0.3231,0
TX-105357,CUST-2118,RECIP-9101,59.66,5,4,1453,18,1,0,128.32,3,30.7,0,0,0.0032,0.2593,0
TX-105358,CUST-1098,RECIP-7337,179.51,12,1,1571,22,1,0,51.94,4,9.5,0,0,0.1493,0.3346,0
TX-105359,CUST-1512,RECIP-9378,15.38,13,3,1716,1581,0,2,47.45,2,7.8,0,0,0.2611,0.1627,0
TX-105360,CUST-1981,RECIP-6719,32.37,16,1,1984,26,1,0,88.89,1,11.6,0,0,0.0805,0.0579,0
TX-105361,CUST-2200,RECIP-9486,49.39,23,6,1698,9,1,0,93.99,1,7.9,0,0,0.1425,0.1356,0
TX-105362,CUST-1874,RECIP-7969,170.69,21,2,2132,1329,0,6,280.85,3,11.6,0,0,0.1009,0.1483,0
TX-105363,CUST-2280,RECIP-8014,457.98,7,2,1076,223,0,5,42.81,1,9.8,0,2,0.2008,0.0578,0
TX-105364,CUST-1409,RECIP-7534,139.12,23,6,1286,1673,0,2,101.17,1,7.8,0,0,0.1757,0.1519,0
TX-105365,CUST-1230,RECIP-7032,25.1,0,2,1220,451,0,6,85.25,2,3390.9,0,0,0.8482,0.1069,0
TX-105366,CUST-1129,RECIP-7363,72.64,23,1,1458,1512,0,3,127.61,1,27.6,0,0,0.0729,0.1578,0
TX-105367,CUST-1874,RECIP-8828,32.82,3,6,376,1466,0,6,78.13,0,54.4,0,0,0.3009,0.1967,0
TX-105368,CUST-1997,RECIP-8565,69.07,2,4,2139,297,0,4,212.15,0,34.8,0,0,0.3291,0.0929,0
TX-105369,CUST-1427,RECIP-5107,33.03,2,4,1318,286,0,6,159.35,0,3.8,1,0,0.3677,0.1121,0
TX-105370,CUST-2175,RECIP-8125,60.86,2,0,1396,1704,0,5,256.41,2,19.5,0,1,0.1064,0.0426,0
TX-105371,CUST-2108,RECIP-8754,36.52,11,3,2196,4,1,0,105.42,1,12.9,1,0,0.9095,0.0786,1
TX-105372,CUST-1540,RECIP-8348,865.54,15,3,1178,483,0,1,95.11,3,10.7,0,0,0.1381,0.0641,0
TX-105373,CUST-1358,RECIP-7237,1917.96,17,1,1167,1985,0,4,71.26,2,20.5,0,0,0.211,0.3231,0
TX-105374,CUST-2113,RECIP-6509,34.9,0,3,1425,2,1,0,31.47,0,1.6,0,0,0.1408,0.0385,0
TX-105375,CUST-2007,RECIP-8029,86.87,7,1,2346,1251,0,3,127.37,1,11.2,0,0,0.7302,0.1891,0
TX-105376,CUST-1256,RECIP-7986,630.21,3,3,656,772,0,2,134.2,0,21.5,1,0,0.3055,0.39,0
TX-105377,CUST-1382,RECIP-6683,235.58,3,5,414,892,0,2,145.84,0,3173.5,0,0,0.3132,0.071,0
TX-105378,CUST-1728,RECIP-6828,76.03,17,5,296,16,1,0,71.42,0,5.7,0,0,0.1376,0.1873,0
TX-105379,CUST-1766,RECIP-6658,49.09,15,1,1850,1218,0,5,40.12,0,23.6,0,0,0.1685,0.1847,0
TX-105380,CUST-1248,RECIP-5202,130.55,5,1,56,9,1,0,52.17,1,5.8,1,0,0.2691,0.0805,0
TX-105381,CUST-2422,RECIP-5142,51.23,7,0,1778,1360,0,3,113.63,1,19.9,0,0,0.1029,0.1751,0
TX-105382,CUST-1582,RECIP-5373,325.37,22,2,2214,1593,0,3,220.18,1,15.0,0,1,0.0523,0.0776,0
TX-105383,CUST-1571,RECIP-6907,1498.59,13,0,1713,1021,0,7,29.34,4,3.4,0,1,0.0296,0.0875,0
TX-105384,CUST-1090,RECIP-7296,867.11,5,0,451,98,0,3,322.81,3,0.9,0,1,0.5761,0.2067,0
TX-105385,CUST-2313,RECIP-6837,102.43,22,6,1667,1336,0,3,19.73,3,14.4,0,0,0.0746,0.3169,0
TX-105386,CUST-1352,RECIP-9298,24.94,4,5,1123,1024,0,1,381.23,3,29.9,0,0,0.2287,0.2662,0
TX-105387,CUST-2480,RECIP-6011,506.84,6,3,85,1434,0,4,44.1,0,7.0,0,0,0.072,0.4747,0
TX-105388,CUST-1744,RECIP-6768,168.2,16,5,518,1590,0,1,287.62,0,10.3,0,0,0.5512,0.0579,0
TX-105389,CUST-2312,RECIP-6112,13.77,12,3,1863,37,1,0,68.78,5,456.6,1,1,0.1366,0.0363,0
TX-105390,CUST-1268,RECIP-6348,136.35,1,4,1415,21,1,0,277.77,0,2243.8,0,2,0.2094,0.2952,0
TX-105391,CUST-1248,RECIP-7628,90.76,19,6,1264,881,0,2,16.96,0,21.2,0,0,0.3854,0.2778,0
TX-105392,CUST-2201,RECIP-6394,108.06,5,0,1947,16,1,0,149.44,1,2.8,0,0,0.8745,0.0984,0
TX-105393,CUST-2229,RECIP-6429,59.09,16,2,1324,650,0,5,207.77,2,11.5,0,0,0.2245,0.1142,0
TX-105394,CUST-1814,RECIP-8018,104.21,8,0,2421,26,1,0,121.48,2,7.5,0,0,0.1317,0.0534,1
TX-105395,CUST-1048,RECIP-8736,28.39,18,5,155,43,1,0,150.56,2,17.3,0,0,0.1739,0.044,0
TX-105396,CUST-2415,RECIP-5956,103.22,21,5,737,2,1,0,212.05,1,2.4,0,0,0.2375,0.1433,0
TX-105397,CUST-1589,RECIP-5501,226.5,18,5,495,27,1,0,112.08,0,5.7,0,0,0.0534,0.317,0
TX-105398,CUST-2403,RECIP-6077,75.28,22,4,1052,3,1,0,69.22,3,16.8,0,0,0.304,0.2088,0
TX-105399,CUST-2306,RECIP-7599,42.46,12,3,2280,1632,0,3,36.47,0,6.2,0,1,0.2804,0.1686,0
TX-105400,CUST-2277,RECIP-9318,446.18,1,0,1041,367,0,4,196.53,2,11.1,1,0,0.7878,0.011,0
TX-105401,CUST-2033,RECIP-5720,325.12,12,5,809,908,0,3,222.33,0,41.2,0,0,0.1544,0.0506,0
TX-105402,CUST-2009,RECIP-5192,29.65,11,6,238,1570,0,6,164.73,4,19.7,0,0,0.0661,0.0564,0
TX-105403,CUST-1799,RECIP-7377,59.04,17,6,1002,1176,0,8,174.43,1,20.2,0,0,0.0837,0.211,0
TX-105404,CUST-1037,RECIP-9459,96.53,5,2,595,342,0,4,118.72,2,12.3,0,0,0.2221,0.0911,0
TX-105405,CUST-1581,RECIP-7486,128.2,16,1,497,13,1,0,70.21,0,17.4,1,0,0.19,0.1496,1
TX-105406,CUST-2095,RECIP-9160,185.93,10,4,360,34,1,0,231.44,1,2394.0,0,0,0.4218,0.0317,0
TX-105407,CUST-2218,RECIP-7890,67.03,16,0,1591,684,0,4,68.47,0,0.5,0,1,0.4107,0.2439,0
TX-105408,CUST-1839,RECIP-5142,32.9,10,0,1780,1950,0,8,107.77,0,36.0,0,0,0.2951,0.1714,0
TX-105409,CUST-2064,RECIP-6923,125.48,9,5,1859,43,1,0,149.04,1,6.2,0,1,0.4748,0.0549,0
TX-105410,CUST-1032,RECIP-8465,41.5,5,6,162,104,0,6,279.05,0,20.0,0,0,0.1885,0.0311,0
TX-105411,CUST-1702,RECIP-7292,177.27,19,2,2305,794,0,2,11.06,3,1.6,0,0,0.0937,0.0866,0
TX-105412,CUST-1761,RECIP-5876,170.19,1,3,1282,8,1,0,190.29,3,32.0,0,0,0.6611,0.0688,0
TX-105413,CUST-2338,RECIP-5814,666.06,5,3,1418,18,1,0,70.68,0,4.8,1,0,0.7734,0.1789,1
TX-105414,CUST-1466,RECIP-7985,404.61,10,0,2197,1672,0,0,144.4,1,5.8,0,0,0.4838,0.0322,0
TX-105415,CUST-1344,RECIP-7083,198.64,3,1,710,1663,0,10,24.07,3,22.1,0,0,0.2471,0.0707,0
TX-105416,CUST-1528,RECIP-7583,62.72,22,2,1273,324,0,4,56.41,1,3.0,0,0,0.0759,0.1343,0
TX-105417,CUST-1255,RECIP-6678,37.47,8,5,205,40,1,0,238.43,0,2097.2,0,1,0.108,0.1096,0
TX-105418,CUST-1837,RECIP-6525,305.5,5,3,1246,1,1,0,238.61,0,24.5,0,1,0.2352,0.3274,0
TX-105419,CUST-1964,RECIP-7997,147.06,6,5,687,39,1,0,85.64,2,11.4,0,0,0.141,0.1666,0
TX-105420,CUST-2201,RECIP-5034,39.27,4,1,480,1160,0,1,354.82,1,21.4,0,3,0.2485,0.0715,0
TX-105421,CUST-2457,RECIP-6956,110.83,15,6,1557,852,0,5,98.64,1,17.2,0,0,0.3862,0.0829,0
TX-105422,CUST-1110,RECIP-6668,78.26,11,6,351,1765,0,5,126.47,0,6.9,1,0,0.1599,0.4224,0
TX-105423,CUST-1370,RECIP-8507,66.7,5,3,2436,2,1,0,53.06,3,16.3,0,0,0.0578,0.0393,0
TX-105424,CUST-1451,RECIP-8277,108.92,20,1,604,40,1,0,70.06,3,54.0,0,0,0.1791,0.1876,0
TX-105425,CUST-1374,RECIP-6916,46.73,15,6,225,3,1,0,134.89,1,20.1,0,0,0.2198,0.0836,0
TX-105426,CUST-2240,RECIP-6182,25.03,9,5,1133,846,0,6,17.32,0,6.9,0,0,0.5131,0.1258,0
TX-105427,CUST-1209,RECIP-6060,726.74,12,3,989,1208,0,3,106.57,0,18.8,1,2,0.0249,0.3158,1
TX-105428,CUST-1044,RECIP-5950,74.5,15,1,1654,527,0,6,137.67,1,25.3,0,0,0.5542,0.1883,0
TX-105429,CUST-2290,RECIP-6231,180.74,3,4,1678,1611,0,1,99.27,1,2.9,0,0,0.0557,0.1357,0
TX-105430,CUST-2442,RECIP-8422,16.83,19,2,1492,647,0,5,291.37,0,820.9,0,2,0.0949,0.3235,0
TX-105431,CUST-1339,RECIP-5203,21.17,6,4,1449,296,0,2,68.98,2,29.7,0,0,0.0655,0.3087,0
TX-105432,CUST-1499,RECIP-5117,33.77,0,5,1949,973,0,4,82.84,1,4.1,0,0,0.1878,0.0703,0
TX-105433,CUST-1754,RECIP-7429,32.9,12,3,1639,1412,0,2,73.22,2,19.1,0,0,0.1547,0.1248,0
TX-105434,CUST-1788,RECIP-6005,30.51,21,0,374,19,1,0,78.93,0,9.6,1,0,0.4111,0.14,1
TX-105435,CUST-2486,RECIP-8738,32.82,17,3,1174,164,0,2,87.68,0,19.4,0,0,0.4134,0.0157,0
TX-105436,CUST-1606,RECIP-8384,218.86,7,6,1728,92,0,7,65.06,0,20.6,0,0,0.1915,0.0509,0
TX-105437,CUST-1018,RECIP-8461,40.59,9,1,689,30,1,0,229.89,1,6.2,0,0,0.127,0.2636,0
TX-105438,CUST-1634,RECIP-7056,8.42,14,6,2163,1995,0,3,281.76,1,29.4,0,0,0.1972,0.1546,0
TX-105439,CUST-1834,RECIP-6970,104.27,5,2,1222,465,0,1,233.65,0,10.4,1,0,0.2599,0.152,0
TX-105440,CUST-1775,RECIP-6915,53.49,19,4,823,1930,0,4,168.92,3,2.8,1,1,0.3627,0.1061,0
TX-105441,CUST-1768,RECIP-5882,484.84,7,4,972,1017,0,2,47.65,1,0.4,1,0,0.2585,0.0735,1
TX-105442,CUST-2383,RECIP-7552,83.93,5,1,1559,42,1,0,93.32,2,3138.6,0,0,0.0213,0.4635,0
TX-105443,CUST-2211,RECIP-8885,363.04,2,0,1781,577,0,1,472.76,0,41.4,1,0,0.0763,0.0704,0
TX-105444,CUST-1377,RECIP-6154,68.7,16,6,661,1931,0,4,84.21,3,8.8,0,0,0.104,0.1048,0
TX-105445,CUST-1532,RECIP-5255,46.61,0,4,453,684,0,4,132.78,1,0.4,0,1,0.2153,0.1124,0
TX-105446,CUST-2001,RECIP-7541,173.5,19,4,256,35,1,0,32.2,0,0.1,0,0,0.0153,0.1009,0
TX-105447,CUST-1615,RECIP-6796,23.03,23,2,1255,1279,0,3,148.37,4,21.7,1,0,0.2114,0.1095,0
TX-105448,CUST-1642,RECIP-8588,310.91,2,0,2320,1625,0,5,59.62,1,11.7,0,0,0.1553,0.31,0
TX-105449,CUST-1251,RECIP-8854,59.03,2,1,2398,896,0,6,81.12,0,15.2,0,0,0.0417,0.178,0
TX-105450,CUST-1381,RECIP-9277,16.28,22,3,1412,27,1,0,12.52,4,22.3,0,0,0.2894,0.0961,0
TX-105451,CUST-2111,RECIP-6769,159.23,2,4,1343,36,1,0,95.16,0,2.0,0,0,0.3314,0.2146,0
TX-105452,CUST-2264,RECIP-9057,71.27,9,2,1273,1893,0,4,194.08,0,4.1,1,0,0.2559,0.1852,0
TX-105453,CUST-2177,RECIP-5530,345.62,20,1,615,1997,0,3,200.15,0,0.7,0,0,0.316,0.0726,0
TX-105454,CUST-1461,RECIP-6677,140.8,3,1,1057,855,0,4,73.73,0,2.8,0,0,0.0511,0.149,0
TX-105455,CUST-1204,RECIP-6196,51.94,15,6,2341,36,1,0,176.39,0,1.7,0,0,0.2598,0.1343,0
TX-105456,CUST-1239,RECIP-9153,196.65,9,4,1551,476,0,5,203.82,3,28.9,1,0,0.2011,0.169,0
TX-105457,CUST-1590,RECIP-7700,77.44,10,6,633,805,0,4,55.66,3,10.5,0,1,0.1043,0.2936,0
TX-105458,CUST-1776,RECIP-6646,148.15,22,0,246,43,1,0,204.84,1,3.6,0,1,0.2834,0.0649,0
TX-105459,CUST-2339,RECIP-5684,65.4,15,3,1885,28,1,0,77.21,1,9.9,0,0,0.3239,0.0917,0
TX-105460,CUST-2348,RECIP-8523,16.96,7,3,2260,1021,0,0,36.69,2,23.5,0,0,0.1652,0.3206,0
TX-105461,CUST-1004,RECIP-7947,232.39,22,2,300,1638,0,4,58.73,0,30.2,1,1,0.0907,0.1048,0
TX-105462,CUST-2061,RECIP-8838,39.61,13,2,957,43,1,0,116.77,1,4.6,0,0,0.0799,0.1227,0
TX-105463,CUST-1448,RECIP-6971,9.87,2,0,2134,607,0,4,32.01,2,9.0,0,0,0.31,0.0491,0
TX-105464,CUST-1296,RECIP-5674,57.68,9,0,655,1511,0,3,21.15,2,5.5,0,0,0.1868,0.0521,0
TX-105465,CUST-1832,RECIP-6504,42.29,5,5,476,824,0,1,132.85,3,3310.4,0,0,0.1212,0.0133,0
TX-105466,CUST-1050,RECIP-7790,242.18,15,3,1003,1212,0,7,128.9,0,5.6,0,0,0.1901,0.1461,0
TX-105467,CUST-1501,RECIP-6084,43.47,20,1,1003,1653,0,5,80.69,1,22.2,0,0,0.2217,0.0124,0
TX-105468,CUST-1828,RECIP-5318,79.08,0,2,1219,29,1,0,105.94,1,5.1,0,0,0.0536,0.2327,0
TX-105469,CUST-1408,RECIP-8704,163.62,18,6,2415,23,1,0,161.73,0,19.2,0,0,0.1229,0.1415,0
TX-105470,CUST-1890,RECIP-7387,95.3,21,3,2431,35,1,0,27.4,0,40.2,0,0,0.1219,0.2536,0
TX-105471,CUST-1690,RECIP-6785,274.29,23,6,1461,1720,0,2,13.17,1,6.3,0,1,0.1192,0.0301,0
TX-105472,CUST-2199,RECIP-7487,286.71,15,1,215,227,0,9,181.53,0,10.2,0,0,0.122,0.2167,0
TX-105473,CUST-1272,RECIP-8323,32.17,7,0,682,44,1,0,130.54,2,26.8,1,0,0.1027,0.5143,0
TX-105474,CUST-1085,RECIP-5006,134.13,3,3,476,477,0,4,146.49,4,3.4,0,0,0.0913,0.4632,0
TX-105475,CUST-1794,RECIP-6981,537.44,22,4,31,616,0,4,52.73,3,4.8,0,0,0.2449,0.1651,0
TX-105476,CUST-1385,RECIP-6144,35.15,9,6,975,1599,0,1,113.61,2,12.4,0,0,0.6977,0.1298,0
TX-105477,CUST-2060,RECIP-5413,25.4,8,3,46,35,1,0,218.04,1,7.8,0,1,0.5342,0.1333,0
TX-105478,CUST-1139,RECIP-5161,1476.9,17,1,1448,1851,0,3,114.76,2,38.9,0,1,0.3478,0.03,0
TX-105479,CUST-1862,RECIP-6982,39.23,17,3,708,296,0,3,66.61,0,7.0,0,0,0.0608,0.1593,0
TX-105480,CUST-2484,RECIP-7447,801.03,19,2,1820,1,1,0,116.1,1,13.6,0,0,0.1669,0.0532,0
TX-105481,CUST-1139,RECIP-7284,61.55,21,1,1331,34,1,0,268.88,2,3.3,0,0,0.1387,0.0951,0
TX-105482,CUST-1452,RECIP-8523,32.86,21,0,2378,13,1,0,110.82,1,19.4,0,0,0.1916,0.2948,0
TX-105483,CUST-2266,RECIP-7060,50.2,4,5,1227,94,0,7,42.1,1,13.4,0,2,0.0954,0.0061,0
TX-105484,CUST-1800,RECIP-7654,434.71,4,4,416,1472,0,1,356.59,6,33.2,0,0,0.4138,0.002,0
TX-105485,CUST-1262,RECIP-8673,22.07,4,1,2307,1039,0,5,78.18,1,530.5,0,0,0.0276,0.1564,0
TX-105486,CUST-1319,RECIP-7957,61.41,15,3,792,1511,0,3,58.34,0,2968.1,0,0,0.1022,0.0339,0
TX-105487,CUST-2147,RECIP-9098,67.85,13,6,1917,1845,0,6,61.6,3,638.5,0,0,0.0772,0.2406,0
TX-105488,CUST-2291,RECIP-5997,5.38,20,5,1963,483,0,6,142.81,2,16.0,1,2,0.9261,0.017,0
TX-105489,CUST-1540,RECIP-8540,52.96,20,3,2314,1899,0,3,62.27,2,1.9,0,0,0.2082,0.4226,0
TX-105490,CUST-1710,RECIP-8135,72.99,19,0,1611,995,0,3,28.69,1,26.8,0,0,0.0392,0.0669,0
TX-105491,CUST-2174,RECIP-7622,503.43,1,4,1294,679,0,4,137.45,1,2577.3,0,0,0.0118,0.0833,0
TX-105492,CUST-1265,RECIP-5016,199.52,16,3,980,1431,0,5,115.16,0,2556.5,0,0,0.1212,0.0258,0
TX-105493,CUST-1309,RECIP-7436,215.5,20,6,1133,66,0,3,105.46,1,10.9,0,0,0.154,0.1272,0
TX-105494,CUST-2161,RECIP-8863,105.04,23,3,1957,1383,0,7,45.37,0,1.2,0,0,0.201,0.1395,0
TX-105495,CUST-1279,RECIP-7900,25.11,8,5,1428,1829,0,7,72.06,1,6.3,0,0,0.0339,0.0701,0
TX-105496,CUST-2156,RECIP-5022,33.3,18,3,151,464,0,5,136.96,3,2640.1,0,0,0.0399,0.0291,0
TX-105497,CUST-1745,RECIP-6295,293.8,9,3,949,1160,0,5,105.98,1,46.2,0,0,0.3214,0.13,0
TX-105498,CUST-2485,RECIP-7562,1155.76,3,2,2287,1581,0,5,124.52,1,22.1,0,0,0.1378,0.0801,0
TX-105499,CUST-1049,RECIP-8653,249.64,8,2,550,1186,0,6,308.54,2,12.7,0,0,0.0788,0.5029,0
TX-105500,CUST-2418,RECIP-7002,150.25,6,2,1196,1860,0,2,119.53,0,0.7,0,0,0.3768,0.0106,0
TX-105501,CUST-1337,RECIP-8855,30.71,21,3,2096,35,1,0,142.35,4,2211.5,0,0,0.7668,0.063,0
TX-105502,CUST-1052,RECIP-8581,100.03,4,6,747,593,0,2,48.87,4,14.9,0,0,0.0576,0.0146,0
TX-105503,CUST-2086,RECIP-6202,21.35,3,2,1710,30,1,0,41.85,1,18.4,1,0,0.1565,0.0583,0
TX-105504,CUST-1798,RECIP-5877,166.87,13,3,1969,1361,0,4,163.26,0,7.6,0,0,0.1521,0.1804,0
TX-105505,CUST-2256,RECIP-9062,59.54,13,6,834,12,1,0,69.0,1,1.7,0,0,0.3421,0.4148,0
TX-105506,CUST-1162,RECIP-7651,24.43,13,1,2242,38,1,0,26.44,0,5.3,0,0,0.1073,0.0742,0
TX-105507,CUST-1121,RECIP-8819,54.58,3,1,1132,38,1,0,142.0,3,5.6,0,2,0.778,0.042,0
TX-105508,CUST-1850,RECIP-9149,138.49,11,3,761,276,0,4,214.16,0,21.4,0,0,0.0378,0.0625,0
TX-105509,CUST-2323,RECIP-6910,111.71,22,2,586,1013,0,2,44.54,3,39.5,0,0,0.8434,0.058,0
TX-105510,CUST-1608,RECIP-5205,94.97,2,2,688,795,0,5,27.11,1,7.5,0,1,0.0925,0.0279,0
TX-105511,CUST-2196,RECIP-9090,129.34,19,5,1420,1487,0,6,288.66,0,1.4,0,0,0.2424,0.1879,0
TX-105512,CUST-2359,RECIP-7626,27.0,3,3,586,1968,0,5,262.35,1,4.4,0,0,0.2075,0.1093,0
TX-105513,CUST-2304,RECIP-5541,29.28,5,2,915,1815,0,0,212.6,3,10.0,1,2,0.1143,0.2759,0
TX-105514,CUST-1763,RECIP-7384,33.68,21,3,1785,744,0,4,53.18,3,1188.1,0,0,0.124,0.1996,0
TX-105515,CUST-2047,RECIP-5125,20.57,7,6,2192,823,0,2,79.5,1,7.7,0,0,0.0851,0.2012,0
TX-105516,CUST-1788,RECIP-6304,88.69,12,6,1706,298,0,4,134.02,0,5.0,0,0,0.0898,0.2054,0
TX-105517,CUST-2011,RECIP-6565,17.41,9,1,1335,1784,0,4,193.6,0,2.9,0,0,0.1551,0.1659,0
TX-105518,CUST-1850,RECIP-7044,114.7,14,0,1749,10,1,0,89.97,1,21.4,0,0,0.4349,0.2871,0
TX-105519,CUST-1787,RECIP-7544,15.74,9,0,1046,695,0,7,724.85,2,5.7,0,0,0.1533,0.4215,0
TX-105520,CUST-1655,RECIP-8777,199.25,10,3,699,39,1,0,156.16,3,2.1,1,0,0.0132,0.4261,0
TX-105521,CUST-1979,RECIP-6581,118.44,19,4,1881,1863,0,3,109.58,1,54.4,0,0,0.0402,0.4425,0
TX-105522,CUST-2126,RECIP-8308,16.84,13,0,363,1984,0,5,88.7,1,6.3,0,0,0.1873,0.2122,0
TX-105523,CUST-2378,RECIP-9239,148.57,13,3,2265,652,0,6,118.38,3,2466.9,0,0,0.0141,0.0552,0
TX-105524,CUST-1919,RECIP-8368,78.85,19,2,1088,29,1,0,133.0,0,31.1,0,0,0.1437,0.0519,0
TX-105525,CUST-1150,RECIP-6146,311.19,10,6,2049,514,0,7,42.9,0,33.9,0,2,0.1955,0.0485,0
TX-105526,CUST-1881,RECIP-8049,77.48,19,4,274,951,0,7,40.5,0,2.9,0,0,0.0338,0.1547,0
TX-105527,CUST-1473,RECIP-6265,14.2,17,2,1252,1458,0,4,57.03,1,52.0,0,0,0.157,0.0203,0
TX-105528,CUST-1040,RECIP-7150,54.92,21,4,1072,1036,0,3,78.27,0,15.2,0,0,0.2721,0.0414,0
TX-105529,CUST-1108,RECIP-7856,72.24,10,0,910,11,1,0,112.73,2,40.5,0,0,0.7248,0.2631,0
TX-105530,CUST-1886,RECIP-6319,49.85,13,3,1294,1049,0,3,71.25,2,60.8,0,0,0.2848,0.0898,0
TX-105531,CUST-2417,RECIP-5017,159.31,3,2,1665,1550,0,5,97.66,1,18.5,0,0,0.057,0.0546,0
TX-105532,CUST-1758,RECIP-8767,275.7,2,1,2356,956,0,9,34.21,2,9.6,0,0,0.6798,0.0604,0
TX-105533,CUST-1667,RECIP-8274,151.42,2,2,2047,1495,0,4,246.53,0,4.4,0,0,0.0323,0.5092,0
TX-105534,CUST-1132,RECIP-5554,29.08,15,4,601,1656,0,4,35.29,5,12.0,0,0,0.2306,0.2241,0
TX-105535,CUST-2013,RECIP-6698,132.0,7,4,2447,33,1,0,125.25,2,32.3,0,0,0.2379,0.2505,0
TX-105536,CUST-1083,RECIP-6177,82.29,6,6,1260,43,1,0,46.26,6,9.5,0,0,0.2944,0.0662,0
TX-105537,CUST-2261,RECIP-9399,37.72,14,1,1159,2,1,0,134.23,0,3.9,0,0,0.5565,0.2471,0
TX-105538,CUST-2224,RECIP-9238,436.64,9,4,57,1435,0,3,320.26,4,1.4,0,0,0.0352,0.1699,0
TX-105539,CUST-2486,RECIP-8111,98.25,3,3,1680,1781,0,7,183.66,0,13.5,0,0,0.6931,0.4845,0
TX-105540,CUST-1426,RECIP-6983,37.09,13,6,2220,256,0,1,51.13,0,0.3,0,1,0.1868,0.0771,0
TX-105541,CUST-1242,RECIP-5234,77.89,13,6,753,131,0,4,118.59,0,2.1,0,0,0.3479,0.1793,0
TX-105542,CUST-1449,RECIP-6111,114.1,3,4,2172,223,0,6,75.88,1,32.2,0,4,0.0301,0.1683,0
TX-105543,CUST-2199,RECIP-5416,564.65,6,2,246,316,0,5,37.05,0,2785.3,0,0,0.069,0.0691,0
TX-105544,CUST-1328,RECIP-8552,158.88,5,3,2418,593,0,4,209.43,1,2257.0,0,1,0.0806,0.1274,0
TX-105545,CUST-2331,RECIP-5396,43.93,16,4,655,586,0,4,571.38,2,1865.0,0,3,0.1909,0.1239,0
TX-105546,CUST-1231,RECIP-8048,186.33,5,5,1218,259,0,2,262.56,0,6.8,1,0,0.1598,0.3487,0
TX-105547,CUST-1073,RECIP-9286,105.62,0,1,65,1895,0,3,39.93,0,28.2,0,0,0.373,0.1676,0
TX-105548,CUST-1329,RECIP-6385,16.19,6,6,2248,1633,0,4,472.01,1,5.2,0,2,0.3625,0.2449,0
TX-105549,CUST-2131,RECIP-8078,20.54,11,5,1288,442,0,3,62.55,1,3270.0,0,2,0.7989,0.0389,0
TX-105550,CUST-1903,RECIP-8956,37.58,18,0,2427,830,0,2,73.12,1,2260.0,0,0,0.1358,0.0598,0
TX-105551,CUST-1532,RECIP-6924,30.17,1,1,951,803,0,3,56.93,1,5.4,0,0,0.1721,0.2373,0
TX-105552,CUST-1984,RECIP-7019,27.05,21,1,177,1703,0,5,112.13,1,13.5,0,0,0.0438,0.1476,0
TX-105553,CUST-1972,RECIP-5902,147.83,7,4,1705,128,0,2,21.36,2,22.1,0,0,0.0844,0.1282,0
TX-105554,CUST-1832,RECIP-6923,254.0,8,1,432,1723,0,0,47.92,2,0.4,0,0,0.1612,0.0114,0
TX-105555,CUST-1771,RECIP-8931,21.63,0,2,1549,211,0,4,239.38,2,0.6,0,0,0.052,0.0164,0
TX-105556,CUST-1152,RECIP-7985,76.71,6,1,116,32,1,0,695.15,2,13.3,0,0,0.1729,0.1992,0
TX-105557,CUST-1389,RECIP-5907,336.53,11,0,444,1190,0,6,18.88,0,1.4,0,0,0.1053,0.3729,0
TX-105558,CUST-1791,RECIP-7369,236.4,15,3,1605,5,1,0,219.54,1,4.5,0,0,0.077,0.0627,0
TX-105559,CUST-1202,RECIP-8180,63.37,18,2,1694,26,1,0,40.22,1,17.7,0,0,0.1848,0.0958,0
TX-105560,CUST-1713,RECIP-5348,52.89,12,3,406,13,1,0,70.39,2,14.7,0,0,0.1413,0.044,0
TX-105561,CUST-1175,RECIP-8434,477.44,2,1,492,1804,0,3,38.51,1,6.1,0,0,0.2085,0.1743,0
TX-105562,CUST-2180,RECIP-5905,407.93,9,2,2150,1156,0,3,210.88,3,41.8,0,0,0.168,0.3966,0
TX-105563,CUST-1154,RECIP-6325,469.52,17,6,44,1778,0,2,152.93,2,4.8,0,0,0.0887,0.0241,0
TX-105564,CUST-1138,RECIP-6873,71.03,15,5,598,738,0,4,108.93,4,1.3,0,1,0.2958,0.1541,0
TX-105565,CUST-1956,RECIP-7272,70.56,14,1,2426,1267,0,1,178.11,1,9.3,0,0,0.1468,0.1219,0
TX-105566,CUST-1330,RECIP-9122,26.63,12,1,1382,1750,0,8,159.1,2,907.2,0,0,0.1465,0.0313,0
TX-105567,CUST-1527,RECIP-6003,119.7,12,6,96,828,0,5,42.55,1,0.8,0,0,0.1862,0.155,0
TX-105568,CUST-1471,RECIP-6151,56.19,23,4,2234,1968,0,4,127.58,1,13.8,0,0,0.1033,0.0319,0
TX-105569,CUST-1324,RECIP-6705,90.31,14,3,874,1782,0,3,61.86,1,3.3,0,1,0.0707,0.4422,0
TX-105570,CUST-2142,RECIP-8857,7.11,14,4,1796,1218,0,4,56.32,3,17.1,0,0,0.2154,0.1745,0
TX-105571,CUST-2037,RECIP-9343,57.21,8,1,1604,1006,0,5,145.81,0,28.5,0,0,0.1042,0.0936,0
TX-105572,CUST-1358,RECIP-7045,384.89,11,2,936,21,1,0,270.22,3,15.2,0,0,0.0984,0.1388,0
TX-105573,CUST-2030,RECIP-8119,106.85,17,2,944,429,0,2,94.08,2,4.2,0,0,0.4011,0.2446,0
TX-105574,CUST-2070,RECIP-9127,5.0,20,5,1388,1769,0,3,344.06,1,1.6,0,2,0.084,0.0343,0
TX-105575,CUST-1808,RECIP-8809,190.56,18,1,971,730,0,5,77.93,3,16.0,0,0,0.2095,0.1559,0
TX-105576,CUST-1867,RECIP-8065,357.79,15,3,459,1851,0,2,28.0,2,10.9,0,0,0.2405,0.007,0
TX-105577,CUST-2402,RECIP-7432,16.84,18,5,1815,37,1,0,36.24,1,0.5,0,0,0.0878,0.1096,0
TX-105578,CUST-1680,RECIP-9429,632.3,0,1,1695,25,1,0,30.5,1,6.2,0,0,0.1143,0.0123,1
TX-105579,CUST-1578,RECIP-6075,64.62,6,0,1517,1184,0,4,135.43,1,39.3,0,0,0.3366,0.3205,0
TX-105580,CUST-1808,RECIP-6632,153.5,5,5,1861,648,0,3,423.27,2,1.7,1,0,0.3048,0.0842,0
TX-105581,CUST-2253,RECIP-8207,194.15,15,6,1310,838,0,3,239.58,1,3.7,0,0,0.3196,0.1784,0
TX-105582,CUST-2064,RECIP-5094,74.83,18,3,2323,30,1,0,197.55,0,15.0,0,0,0.1092,0.1019,0
TX-105583,CUST-1112,RECIP-7252,97.15,3,0,2219,1647,0,3,340.96,2,7.9,0,1,0.1773,0.061,0
TX-105584,CUST-1688,RECIP-8844,653.43,4,3,2453,1684,0,4,166.44,1,26.2,0,0,0.4663,0.4083,0
TX-105585,CUST-2109,RECIP-5795,50000.0,11,2,297,18,1,0,235.29,2,6.7,1,0,0.2394,0.7296,1
TX-105586,CUST-1335,RECIP-8613,217.67,23,4,281,1887,0,5,107.92,0,48.2,0,0,0.053,0.2027,0
TX-105587,CUST-2482,RECIP-6855,125.58,0,0,1190,549,0,5,51.46,0,44.9,1,0,0.3104,0.0299,0
TX-105588,CUST-2212,RECIP-8872,49.25,21,5,1740,13,1,0,39.3,2,3.2,1,0,0.0444,0.1046,1
TX-105589,CUST-2269,RECIP-7856,85.6,4,4,620,840,0,2,74.3,2,0.6,1,2,0.2153,0.2223,0
TX-105590,CUST-1122,RECIP-5707,100.11,6,4,314,877,0,2,27.06,1,5.3,0,1,0.2276,0.282,0
TX-105591,CUST-1869,RECIP-8308,109.7,15,3,120,1463,0,4,76.68,1,2.0,0,1,0.1447,0.2664,0
TX-105592,CUST-1791,RECIP-5252,8.52,17,1,1400,707,0,3,78.1,1,2.4,0,3,0.1396,0.2532,0
TX-105593,CUST-1940,RECIP-6094,474.97,20,6,2448,41,1,0,193.38,3,22.7,0,0,0.3409,0.1597,0
TX-105594,CUST-2275,RECIP-8997,71.36,0,1,1177,987,0,6,89.07,1,7.6,1,0,0.2189,0.1367,0
TX-105595,CUST-1529,RECIP-8941,63.33,1,2,1843,14,1,0,258.85,3,21.6,0,0,0.295,0.271,0
TX-105596,CUST-1800,RECIP-5208,140.27,11,6,157,1153,0,7,70.81,1,21.9,1,0,0.0566,0.0586,0
TX-105597,CUST-2019,RECIP-6707,672.26,13,0,563,31,1,0,46.84,3,11.3,0,0,0.097,0.2983,0
TX-105598,CUST-2129,RECIP-5423,178.85,6,0,1710,358,0,5,385.48,1,5.6,0,0,0.0351,0.1278,0
TX-105599,CUST-2155,RECIP-6220,156.73,15,5,1024,848,0,1,239.15,2,12.0,0,0,0.2047,0.1093,0
TX-105600,CUST-1505,RECIP-9353,218.08,6,2,95,12,1,0,110.85,1,0.2,0,0,0.2628,0.053,0
TX-105601,CUST-2497,RECIP-5878,441.59,22,4,588,301,0,3,64.04,2,23.9,0,0,0.2338,0.341,0
TX-105602,CUST-1014,RECIP-7886,2230.34,4,4,1989,315,0,3,555.28,0,3.2,0,0,0.1189,0.1337,0
TX-105603,CUST-1738,RECIP-8618,130.48,15,5,1721,4,1,0,102.74,1,32.9,0,0,0.3401,0.4181,0
TX-105604,CUST-1913,RECIP-8964,126.8,12,4,2029,1121,0,2,193.6,1,32.5,0,0,0.7355,0.3987,0
TX-105605,CUST-1091,RECIP-6593,140.7,2,2,895,1147,0,6,310.27,0,1.9,0,4,0.0509,0.291,0
TX-105606,CUST-1676,RECIP-8135,145.05,14,3,2324,187,0,4,140.38,0,11.3,0,0,0.0639,0.0043,0
TX-105607,CUST-1893,RECIP-7175,43.75,3,5,2302,109,0,4,42.13,1,7.9,0,0,0.6547,0.2579,0
TX-105608,CUST-1911,RECIP-5483,105.99,12,2,937,293,0,3,87.55,2,1108.9,1,1,0.457,0.0816,0
TX-105609,CUST-1178,RECIP-6002,43.25,15,1,542,16,1,0,68.55,1,7.2,0,0,0.0936,0.2319,0
TX-105610,CUST-1416,RECIP-8366,288.97,1,3,2405,1309,0,3,98.56,0,9.4,0,0,0.378,0.4719,0
TX-105611,CUST-1367,RECIP-8087,3136.33,5,6,894,1013,0,4,128.26,0,25.6,0,0,0.2,0.1175,0
TX-105612,CUST-1959,RECIP-7344,136.82,7,0,1255,120,0,6,74.83,1,23.7,0,0,0.4779,0.0346,0
TX-105613,CUST-1493,RECIP-8514,248.83,22,1,2331,109,0,6,76.3,0,2887.9,0,0,0.0404,0.0145,0
TX-105614,CUST-1857,RECIP-8110,373.99,5,6,694,14,1,0,112.38,1,7.8,0,0,0.7877,0.1988,0
TX-105615,CUST-2096,RECIP-6527,30.51,22,5,2215,2,1,0,32.3,0,27.7,0,0,0.0491,0.1394,0
TX-105616,CUST-2195,RECIP-6322,229.18,12,0,427,275,0,2,77.96,0,12.7,1,0,0.1923,0.2063,0
TX-105617,CUST-1275,RECIP-9252,1323.98,22,1,754,35,1,0,123.37,1,3.4,0,1,0.0575,0.3411,0
TX-105618,CUST-2355,RECIP-9373,18.4,19,4,989,1170,0,3,114.43,0,0.2,0,0,0.0845,0.1327,0
TX-105619,CUST-1248,RECIP-5137,79.0,7,5,1223,4,1,0,56.66,1,28.4,1,0,0.1992,0.2238,0
TX-105620,CUST-1032,RECIP-8558,5.31,13,5,630,25,1,0,68.32,1,2.1,0,2,0.0004,0.4219,0
TX-105621,CUST-1067,RECIP-5598,14.03,17,6,2212,15,1,0,32.19,1,2651.1,0,1,0.2443,0.1145,0
TX-105622,CUST-1301,RECIP-8875,268.26,1,3,1671,1230,0,4,55.57,1,24.7,0,0,0.1744,0.3393,0
TX-105623,CUST-2309,RECIP-7649,18.66,15,6,1686,860,0,3,24.47,1,15.3,0,0,0.2636,0.0512,0
TX-105624,CUST-1311,RECIP-8094,437.54,11,4,1837,392,0,3,82.96,0,15.6,0,0,0.9395,0.156,0
TX-105625,CUST-2040,RECIP-8156,24.57,0,3,1604,1346,0,4,140.1,0,9.8,0,0,0.1408,0.1015,0
TX-105626,CUST-1627,RECIP-7722,1728.0,20,4,1619,9,1,0,57.44,0,1.5,0,0,0.3831,0.1749,1
TX-105627,CUST-1059,RECIP-6128,80.22,6,3,1661,1833,0,2,18.18,3,8.0,0,0,0.7433,0.2408,0
TX-105628,CUST-1666,RECIP-8632,78.21,20,4,1809,256,0,5,189.71,2,4.4,0,0,0.2054,0.1914,0
TX-105629,CUST-1042,RECIP-7493,54.2,4,5,2304,1594,0,5,116.41,1,3224.0,0,0,0.1752,0.3617,0
TX-105630,CUST-1714,RECIP-7452,356.19,12,6,515,1418,0,3,51.63,1,45.5,0,0,0.6654,0.0549,0
TX-105631,CUST-1838,RECIP-6432,206.43,8,4,1307,1307,0,4,49.92,2,3.9,0,0,0.1581,0.1975,0
TX-105632,CUST-1782,RECIP-5045,5.99,21,0,485,961,0,3,194.83,3,21.4,0,0,0.0274,0.0971,0
TX-105633,CUST-1423,RECIP-7493,279.27,22,4,478,1603,0,3,137.91,1,9.6,1,0,0.0349,0.0785,0
TX-105634,CUST-2149,RECIP-6552,55.83,18,1,2376,1166,0,4,168.63,1,22.5,0,0,0.7784,0.0541,0
TX-105635,CUST-1895,RECIP-7966,114.29,20,1,1197,243,0,3,31.94,0,26.8,1,0,0.5399,0.2013,0
TX-105636,CUST-1382,RECIP-6640,188.75,18,6,1769,311,0,4,149.52,2,41.6,0,0,0.117,0.3229,0
TX-105637,CUST-1651,RECIP-9377,378.83,7,3,1830,23,1,0,45.19,0,19.2,0,0,0.2144,0.0341,0
TX-105638,CUST-1162,RECIP-8063,39.77,22,5,108,22,1,0,34.36,1,9.9,0,0,0.2204,0.169,0
TX-105639,CUST-2384,RECIP-7050,56.13,12,2,1245,1182,0,4,97.16,1,10.8,0,0,0.1201,0.1,0
TX-105640,CUST-2129,RECIP-8186,15.94,8,4,475,1622,0,3,142.84,0,11.1,0,0,0.074,0.0577,1
TX-105641,CUST-1431,RECIP-7916,137.23,4,4,803,41,1,0,102.02,2,3.8,0,0,0.0634,0.075,0
TX-105642,CUST-2012,RECIP-7792,846.02,17,6,494,1791,0,1,105.56,0,9.6,0,0,0.0927,0.1572,0
TX-105643,CUST-2018,RECIP-7601,50.1,6,1,1675,522,0,3,41.45,1,16.9,0,0,0.3299,0.0813,0
TX-105644,CUST-1914,RECIP-9193,69.03,15,3,356,25,1,0,22.63,0,16.0,0,1,0.41,0.0732,0
TX-105645,CUST-1081,RECIP-6428,152.19,1,2,1142,619,0,5,139.3,1,14.4,0,1,0.2255,0.0791,0
TX-105646,CUST-2317,RECIP-6945,81.73,15,3,785,1416,0,4,119.07,1,47.4,0,2,0.0863,0.0422,0
TX-105647,CUST-2433,RECIP-6138,218.29,15,5,2408,298,0,5,68.72,2,1118.8,0,3,0.6136,0.1405,0
TX-105648,CUST-2461,RECIP-7562,85.59,12,0,1976,707,0,3,70.81,4,17.1,0,0,0.1026,0.1243,0
TX-105649,CUST-2471,RECIP-9445,264.91,15,3,899,590,0,4,106.7,0,0.6,0,0,0.0258,0.1812,0
TX-105650,CUST-2393,RECIP-7737,54.06,23,2,754,1459,0,1,72.55,1,8.0,0,0,0.4711,0.0794,0
TX-105651,CUST-2108,RECIP-5930,1030.48,20,6,1802,198,0,3,168.56,2,13.2,0,0,0.0035,0.114,0
TX-105652,CUST-1085,RECIP-9146,31.47,10,1,1589,1310,0,3,174.08,0,1476.8,0,0,0.2374,0.0203,0
TX-105653,CUST-1697,RECIP-8556,44.24,20,1,1401,1365,0,3,93.0,2,6.3,0,0,0.0215,0.0102,0
TX-105654,CUST-1367,RECIP-6980,102.06,22,0,208,1469,0,4,83.83,1,10.1,0,1,0.8846,0.0546,0
TX-105655,CUST-1329,RECIP-5659,90.3,3,3,221,1053,0,7,121.32,0,1.0,0,0,0.023,0.0177,0
TX-105656,CUST-2245,RECIP-6811,265.13,8,0,1601,1314,0,6,11.45,1,9.4,1,0,0.0453,0.1221,0
TX-105657,CUST-2218,RECIP-8619,130.15,17,3,1190,25,1,0,94.67,0,3.2,0,0,0.0912,0.1129,0
TX-105658,CUST-1783,RECIP-7596,79.03,12,1,2079,1132,0,13,29.75,1,1249.4,0,0,0.1069,0.1278,0
TX-105659,CUST-2104,RECIP-5835,601.03,3,2,102,6,1,0,136.39,3,3.1,0,0,0.2057,0.0365,0
TX-105660,CUST-1194,RECIP-5713,106.46,11,4,489,540,0,3,195.84,1,0.1,1,0,0.1398,0.0668,0
TX-105661,CUST-1332,RECIP-9352,252.15,8,4,1980,24,1,0,14.72,0,3.7,0,0,0.0789,0.2762,0
TX-105662,CUST-2290,RECIP-7012,42.76,17,0,2448,640,0,1,164.95,2,0.2,0,0,0.0381,0.2117,0
TX-105663,CUST-1676,RECIP-8086,1894.29,12,1,1844,1020,0,7,91.91,0,72.0,0,0,0.3543,0.1081,0
TX-105664,CUST-1819,RECIP-6622,20.21,3,2,61,152,0,4,144.38,1,33.0,0,1,0.9375,0.2538,0
TX-105665,CUST-1694,RECIP-5405,36.99,1,3,154,1845,0,6,209.84,1,1.0,0,0,0.0122,0.071,0
TX-105666,CUST-1303,RECIP-6853,54.17,6,6,2199,7,1,0,117.41,3,27.8,0,0,0.2389,0.1452,0
TX-105667,CUST-2239,RECIP-8119,252.24,3,0,1264,4,1,0,110.45,1,25.9,0,0,0.1978,0.0595,0
TX-105668,CUST-2137,RECIP-6500,448.53,21,0,1257,8,1,0,41.63,1,10.8,0,2,0.1921,0.1159,1
TX-105669,CUST-2025,RECIP-7716,62.38,6,4,2405,1193,0,3,51.71,1,0.3,1,0,0.2486,0.3324,0
TX-105670,CUST-1529,RECIP-6971,34.61,15,6,642,1555,0,1,446.96,1,6.1,0,0,0.3839,0.2054,0
TX-105671,CUST-1964,RECIP-6518,33.19,3,5,733,38,1,0,209.83,2,11.0,0,0,0.0712,0.1564,0
TX-105672,CUST-2429,RECIP-6147,257.65,10,3,1724,1555,0,4,140.82,0,2272.7,1,0,0.1838,0.1135,0
TX-105673,CUST-1974,RECIP-6173,23.38,22,0,2263,10,1,0,48.5,0,5.8,0,0,0.1925,0.1899,0
TX-105674,CUST-1741,RECIP-6150,125.03,15,4,933,1659,0,9,129.89,1,14.3,0,0,0.1174,0.0782,0
TX-105675,CUST-1405,RECIP-8234,138.1,6,3,403,888,0,3,71.82,2,55.7,0,0,0.0581,0.0928,0
TX-105676,CUST-1784,RECIP-6517,132.02,17,3,168,985,0,6,528.71,1,3.7,0,0,0.3438,0.174,0
TX-105677,CUST-1557,RECIP-8336,37.88,12,3,46,655,0,2,281.09,0,3.0,0,0,0.2338,0.0292,0
TX-105678,CUST-1916,RECIP-6399,206.78,5,3,954,837,0,6,53.25,0,52.3,0,1,0.1974,0.4299,0
TX-105679,CUST-1068,RECIP-6472,90.25,23,5,1340,980,0,2,57.4,3,3.3,0,0,0.1917,0.1656,0
TX-105680,CUST-1285,RECIP-9159,178.14,22,1,1238,22,1,0,83.99,0,23.3,0,4,0.4008,0.0495,0
TX-105681,CUST-2180,RECIP-8943,59.78,13,0,620,33,1,0,261.8,0,13.5,0,0,0.1241,0.1561,0
TX-105682,CUST-1571,RECIP-6803,181.36,0,0,1701,1053,0,2,227.15,1,21.7,0,0,0.1505,0.0612,0
TX-105683,CUST-1649,RECIP-6209,76.62,9,2,2201,1585,0,1,19.4,0,3.3,0,0,0.3335,0.0059,0
TX-105684,CUST-1815,RECIP-8220,174.48,12,3,605,1916,0,3,136.34,0,2716.6,0,0,0.0157,0.029,0
TX-105685,CUST-1657,RECIP-5314,28.48,22,5,1694,33,1,0,238.05,0,10.9,0,1,0.1185,0.0945,0
TX-105686,CUST-2137,RECIP-7054,70.47,17,3,1376,10,1,0,84.8,1,22.3,0,0,0.1464,0.2704,0
TX-105687,CUST-1368,RECIP-7699,587.3,5,3,1726,1427,0,1,150.55,1,3.2,0,0,0.3229,0.1144,0
TX-105688,CUST-2137,RECIP-8040,47.18,12,6,66,81,0,6,412.97,1,5.7,0,0,0.1849,0.2003,0
TX-105689,CUST-1314,RECIP-5481,133.67,4,5,1693,1477,0,2,283.22,3,21.3,0,0,0.1185,0.145,0
TX-105690,CUST-1555,RECIP-5013,87.45,11,4,1875,77,0,2,143.65,1,71.8,0,2,0.8024,0.0393,1
TX-105691,CUST-1881,RECIP-6244,51.49,12,2,1707,945,0,4,128.39,3,1.5,0,0,0.2646,0.2066,0
TX-105692,CUST-2328,RECIP-5536,224.56,12,1,2105,9,1,0,96.86,2,13.7,0,0,0.978,0.2114,0
TX-105693,CUST-1348,RECIP-7282,42.79,10,6,1875,40,1,0,151.45,0,2.6,0,0,0.1113,0.0308,0
TX-105694,CUST-1881,RECIP-9137,298.04,10,3,2462,4,1,0,85.92,3,1.6,0,1,0.1241,0.062,0
TX-105695,CUST-1096,RECIP-6288,197.43,19,0,1684,24,1,0,219.36,0,31.9,0,0,0.078,0.1362,0
TX-105696,CUST-1113,RECIP-7041,19.77,12,3,1132,1330,0,6,46.09,3,9.8,0,0,0.0368,0.1564,0
TX-105697,CUST-2151,RECIP-5967,217.73,1,0,2090,1491,0,7,62.8,0,12.6,0,0,0.011,0.129,0
TX-105698,CUST-2078,RECIP-5197,101.25,17,6,1746,369,0,3,73.68,0,9.7,1,0,0.7701,0.1806,0
TX-105699,CUST-1564,RECIP-8164,278.7,14,3,1408,81,0,4,250.6,0,20.3,0,0,0.0118,0.1755,0
TX-105700,CUST-1934,RECIP-6153,49.94,16,5,1459,1869,0,4,181.5,1,6.7,0,1,0.9284,0.1722,0
TX-105701,CUST-1570,RECIP-7461,36.57,17,3,896,1103,0,2,125.16,1,18.1,0,0,0.1832,0.0887,0
TX-105702,CUST-1415,RECIP-8073,132.03,4,0,1545,30,1,0,129.77,1,26.9,0,0,0.28,0.0578,1
TX-105703,CUST-1646,RECIP-8778,749.94,23,4,1183,766,0,3,22.33,1,1.1,1,0,0.3362,0.0451,0
TX-105704,CUST-1467,RECIP-5835,88.12,23,4,353,18,1,0,162.41,3,3.0,1,3,0.1092,0.0612,0
TX-105705,CUST-2222,RECIP-7615,49.55,3,1,1117,167,0,5,43.41,1,884.9,0,0,0.0765,0.4035,0
TX-105706,CUST-1617,RECIP-9098,88.02,5,5,2376,913,0,2,59.66,2,23.4,0,0,0.0828,0.0757,0
TX-105707,CUST-1481,RECIP-7175,79.12,5,1,851,1313,0,2,1021.03,1,1090.2,0,0,0.0085,0.0512,0
TX-105708,CUST-1804,RECIP-5182,164.43,23,4,1703,958,0,2,142.39,2,21.1,0,0,0.2577,0.1415,0
TX-105709,CUST-2137,RECIP-6175,55.64,22,5,1056,1861,0,3,109.01,1,31.8,0,0,0.0821,0.2482,0
TX-105710,CUST-1410,RECIP-8576,5.0,6,0,735,21,1,0,82.73,2,25.5,0,0,0.2403,0.0394,0
TX-105711,CUST-2409,RECIP-8564,99.73,15,2,980,1481,0,4,249.15,3,8.9,0,0,0.3986,0.1677,0
TX-105712,CUST-1695,RECIP-6415,64.39,5,1,2399,1769,0,9,43.15,2,31.7,0,1,0.0082,0.1767,0
TX-105713,CUST-1991,RECIP-5885,26.83,0,5,304,214,0,1,64.03,1,9.6,0,2,0.3164,0.1405,0
TX-105714,CUST-2435,RECIP-6312,67.21,5,1,1679,24,1,0,232.02,3,34.6,0,0,0.0943,0.2842,0
TX-105715,CUST-1647,RECIP-6090,347.9,1,4,2081,4,1,0,97.65,0,29.3,0,0,0.0647,0.2013,0
TX-105716,CUST-1299,RECIP-8334,34.58,20,2,487,1271,0,6,130.94,2,3188.3,0,0,0.4399,0.0681,0
TX-105717,CUST-2121,RECIP-8787,78.42,18,0,1898,729,0,3,61.99,1,13.5,0,0,0.0912,0.0216,0
TX-105718,CUST-1009,RECIP-5209,55.62,4,6,1602,39,1,0,151.37,1,14.6,0,0,0.0202,0.2286,0
TX-105719,CUST-1686,RECIP-8335,19.65,13,4,863,522,0,4,65.37,2,2.9,1,1,0.015,0.1523,0
TX-105720,CUST-2469,RECIP-8386,119.27,4,1,466,785,0,6,29.13,1,11.6,0,0,0.0665,0.0109,0
TX-105721,CUST-1621,RECIP-7757,83.91,13,6,2364,30,1,0,204.85,3,3.4,0,0,0.0892,0.4329,0
TX-105722,CUST-2026,RECIP-8920,1083.19,21,4,516,1487,0,1,49.54,0,15.5,0,0,0.1377,0.1377,0
TX-105723,CUST-1787,RECIP-5175,195.79,21,5,2374,137,0,3,37.62,1,13.7,0,0,0.0512,0.0788,0
TX-105724,CUST-1322,RECIP-8148,221.22,19,1,1630,1360,0,5,46.27,1,12.4,0,0,0.0072,0.2701,0
TX-105725,CUST-1476,RECIP-5572,35.9,5,0,2146,729,0,2,101.51,1,16.4,0,0,0.1899,0.0685,0
TX-105726,CUST-1785,RECIP-9036,203.76,4,0,761,15,1,0,55.55,3,2.0,0,2,0.459,0.0275,1
TX-105727,CUST-1156,RECIP-7249,165.49,3,3,102,319,0,1,390.51,2,3.5,0,0,0.0628,0.0869,0
TX-105728,CUST-1622,RECIP-5408,6.29,3,5,1648,1297,0,8,224.0,2,9.0,0,0,0.404,0.0674,0
TX-105729,CUST-1622,RECIP-8358,312.1,14,6,946,437,0,8,106.32,2,19.5,0,2,0.0352,0.1552,0
TX-105730,CUST-2252,RECIP-8371,79.64,15,6,1389,146,0,3,48.64,4,2771.6,0,4,0.0291,0.1949,0
TX-105731,CUST-1185,RECIP-7088,33.41,21,4,1159,1746,0,0,200.68,1,0.8,0,0,0.2927,0.1115,0
TX-105732,CUST-2264,RECIP-6396,80.27,2,4,824,8,1,0,123.75,1,8.3,0,0,0.7805,0.37,0
TX-105733,CUST-1615,RECIP-5077,45.48,6,2,1805,1987,0,2,57.93,1,14.1,0,0,0.1994,0.1262,0
TX-105734,CUST-1977,RECIP-9085,130.63,17,0,1267,43,1,0,117.28,1,14.5,1,0,0.1215,0.148,1
TX-105735,CUST-1835,RECIP-5829,58.14,16,1,1597,1620,0,3,115.05,1,21.8,0,0,0.089,0.0148,0
TX-105736,CUST-1449,RECIP-8792,594.6,10,0,1690,1011,0,1,55.48,0,79.4,0,0,0.2475,0.0161,0
TX-105737,CUST-2396,RECIP-7649,597.77,3,4,1705,511,0,1,34.45,2,2868.9,0,0,0.0748,0.1547,0
TX-105738,CUST-1336,RECIP-8083,119.08,11,3,845,14,1,0,242.33,1,5.1,0,0,0.3909,0.0042,0
TX-105739,CUST-1054,RECIP-8123,168.81,4,5,1925,401,0,2,169.2,1,1.2,0,1,0.0956,0.3653,0
TX-105740,CUST-2125,RECIP-8861,578.73,12,1,572,41,1,0,88.79,1,5.7,0,0,0.1227,0.4849,0
TX-105741,CUST-1932,RECIP-5150,62.82,21,6,2372,43,1,0,146.16,1,5.4,0,0,0.6186,0.0311,0
TX-105742,CUST-2335,RECIP-9460,74.25,4,5,2029,393,0,6,192.35,1,30.7,0,0,0.1419,0.1803,0
TX-105743,CUST-1686,RECIP-5194,175.41,2,6,1392,31,1,0,72.32,1,3.4,0,0,0.1268,0.1529,1
TX-105744,CUST-1025,RECIP-9495,1120.95,17,4,475,10,1,0,77.26,1,9.1,0,0,0.1295,0.0462,1
TX-105745,CUST-1030,RECIP-6175,893.12,0,2,2262,1335,0,1,365.7,3,15.4,0,0,0.1428,0.3266,0
TX-105746,CUST-1649,RECIP-8806,62.46,23,4,1399,320,0,4,60.48,1,23.2,0,0,0.1683,0.1885,0
TX-105747,CUST-1374,RECIP-5375,30.48,18,4,2042,1619,0,2,404.94,3,30.0,0,0,0.2751,0.2432,0
TX-105748,CUST-2383,RECIP-7074,29.59,9,1,97,767,0,5,1222.82,0,20.8,0,0,0.0784,0.303,0
TX-105749,CUST-1177,RECIP-7438,333.31,8,0,864,1004,0,3,121.17,0,35.2,0,1,0.3459,0.2047,0
TX-105750,CUST-2321,RECIP-9294,138.78,9,4,770,21,1,0,27.39,0,1.9,0,0,0.079,0.1082,0
TX-105751,CUST-1325,RECIP-5556,245.2,9,0,2039,1976,0,3,92.27,2,15.1,0,0,0.0418,0.3007,0
TX-105752,CUST-1179,RECIP-5164,33.5,20,0,1177,1063,0,2,105.28,0,10.1,0,0,0.1923,0.2808,0
TX-105753,CUST-1411,RECIP-7916,150.66,19,0,319,1586,0,3,93.49,1,8.9,0,0,0.0634,0.1111,0
TX-105754,CUST-1216,RECIP-5221,2457.8,4,4,1549,11,1,0,264.37,0,3.2,0,0,0.2532,0.2505,0
TX-105755,CUST-1601,RECIP-8497,44.41,4,6,422,15,1,0,69.17,0,771.8,0,1,0.2714,0.3911,1
TX-105756,CUST-1495,RECIP-5172,53.1,12,3,1133,6,1,0,139.51,2,2112.5,0,0,0.0111,0.0613,0
TX-105757,CUST-1793,RECIP-9367,452.12,15,1,2481,766,0,8,134.14,1,0.8,0,2,0.1288,0.0791,0
TX-105758,CUST-1805,RECIP-7397,72.13,17,3,1103,1223,0,3,137.51,0,40.8,0,0,0.6718,0.1233,0
TX-105759,CUST-1001,RECIP-9267,198.7,7,3,1088,1145,0,3,49.14,0,7.4,0,0,0.4116,0.0515,0
TX-105760,CUST-1187,RECIP-5569,36.28,11,4,129,24,1,0,199.79,1,13.2,0,0,0.0918,0.3351,0
TX-105761,CUST-1242,RECIP-6230,442.19,2,3,1167,494,0,3,46.72,0,575.3,1,0,0.0548,0.3147,0
TX-105762,CUST-1292,RECIP-7046,59.82,10,3,2395,31,1,0,133.65,2,4.3,0,0,0.0959,0.0141,0
TX-105763,CUST-1140,RECIP-5132,76.42,16,2,2379,24,1,0,145.33,3,19.6,0,0,0.0973,0.1639,0
TX-105764,CUST-1471,RECIP-5463,153.19,7,6,2409,1455,0,6,47.03,0,10.4,1,0,0.0105,0.0556,0
TX-105765,CUST-1824,RECIP-6482,1979.99,7,3,923,29,1,0,44.33,1,2901.5,0,1,0.2917,0.0429,1
TX-105766,CUST-1463,RECIP-8316,53.22,11,2,191,1156,0,5,76.28,2,6.1,0,0,0.4405,0.0817,0
TX-105767,CUST-1493,RECIP-8188,96.1,20,0,615,1131,0,2,229.61,2,9.7,0,0,0.4813,0.0462,0
TX-105768,CUST-1704,RECIP-5390,367.61,14,4,551,5,1,0,136.83,0,3.2,0,0,0.1301,0.0639,0
TX-105769,CUST-1822,RECIP-5269,106.4,22,2,222,29,1,0,217.91,0,1.9,0,0,0.0373,0.2063,0
TX-105770,CUST-1496,RECIP-7952,102.03,1,1,1782,2,1,0,231.13,1,31.0,0,0,0.271,0.0803,0
TX-105771,CUST-1332,RECIP-6618,971.37,20,3,1320,569,0,2,174.3,1,1270.9,0,0,0.0764,0.1401,0
TX-105772,CUST-1614,RECIP-8564,393.75,1,3,1812,1,1,0,96.85,1,20.3,0,0,0.1265,0.1701,0
TX-105773,CUST-1036,RECIP-6341,1068.13,7,5,523,1847,0,5,8.69,1,9.5,0,0,0.1943,0.0247,0
TX-105774,CUST-1738,RECIP-6632,49.73,10,3,1749,826,0,1,166.17,0,1.0,0,0,0.3597,0.1915,1
TX-105775,CUST-2412,RECIP-5987,254.23,5,4,190,684,0,5,577.29,1,9.1,0,2,0.074,0.0287,0
TX-105776,CUST-1596,RECIP-6199,104.17,23,4,1812,43,1,0,57.05,1,7.7,0,4,0.1076,0.2441,0
TX-105777,CUST-1162,RECIP-8177,86.72,21,5,2038,1845,0,6,96.66,0,17.0,0,0,0.1056,0.3542,0
TX-105778,CUST-2060,RECIP-7120,97.0,13,0,656,1899,0,1,377.39,2,7.5,0,0,0.1324,0.2171,0
TX-105779,CUST-1190,RECIP-7965,216.87,10,2,841,31,1,0,148.13,2,1983.3,1,0,0.0269,0.0734,0
TX-105780,CUST-1290,RECIP-5353,102.87,18,5,1105,8,1,0,141.71,3,58.3,0,0,0.0718,0.4003,0
TX-105781,CUST-1219,RECIP-7409,200.63,16,0,1461,1044,0,1,72.78,0,3.9,0,0,0.0701,0.2567,0
TX-105782,CUST-2325,RECIP-7063,39.51,11,3,1336,406,0,2,123.06,0,8.3,0,0,0.0385,0.0805,0
TX-105783,CUST-2471,RECIP-9098,27.55,19,2,288,1868,0,5,115.52,0,34.5,0,1,0.2684,0.2925,0
TX-105784,CUST-1854,RECIP-6905,98.4,4,5,965,743,0,4,135.48,1,35.9,0,0,0.0529,0.0652,0
TX-105785,CUST-1926,RECIP-5464,196.4,6,6,1278,598,0,2,42.07,1,12.1,0,3,0.1066,0.1581,0
TX-105786,CUST-1968,RECIP-8137,332.18,0,0,1546,3,1,0,608.1,0,2.5,1,0,0.2091,0.1733,1
TX-105787,CUST-1915,RECIP-5673,166.83,2,1,1590,1706,0,0,100.78,1,2.6,0,0,0.156,0.272,0
TX-105788,CUST-1816,RECIP-9090,1466.34,4,5,1674,1886,0,5,46.89,2,68.8,0,0,0.2771,0.1158,0
TX-105789,CUST-2480,RECIP-6725,347.81,14,1,1141,1032,0,6,58.68,0,3.0,0,1,0.013,0.2908,0
TX-105790,CUST-2099,RECIP-8530,20.93,20,3,1271,1597,0,6,43.37,1,9.6,0,0,0.298,0.6113,0
TX-105791,CUST-1132,RECIP-7951,173.8,14,6,863,874,0,2,82.23,1,20.1,0,1,0.7176,0.0854,0
TX-105792,CUST-1587,RECIP-7091,157.49,10,6,701,196,0,3,78.15,0,13.4,0,0,0.1859,0.016,0
TX-105793,CUST-2461,RECIP-7628,26.68,6,6,798,41,1,0,208.15,3,5.6,0,0,0.0059,0.2104,0
TX-105794,CUST-1605,RECIP-5822,12.36,2,0,1112,26,1,0,38.18,1,5.7,0,0,0.0983,0.185,0
TX-105795,CUST-1306,RECIP-5333,90.15,14,1,300,445,0,4,35.18,4,1.8,0,0,0.1311,0.0231,0
TX-105796,CUST-2302,RECIP-8448,1740.51,3,1,570,635,0,8,21.95,0,1.7,0,0,0.2481,0.2324,0
TX-105797,CUST-1934,RECIP-9312,21.7,18,5,315,1338,0,7,130.57,2,5.3,0,0,0.1865,0.2312,0
TX-105798,CUST-1843,RECIP-8878,46.7,9,1,1039,1568,0,5,165.47,1,4.0,0,0,0.0087,0.1173,0
TX-105799,CUST-1630,RECIP-6372,89.22,8,3,1254,402,0,3,7.72,1,12.4,0,0,0.3009,0.2012,0
TX-105800,CUST-1186,RECIP-6611,2548.21,0,5,432,1485,0,4,136.09,1,6.0,0,0,0.1766,0.0279,0
TX-105801,CUST-1575,RECIP-6615,152.06,5,3,372,1439,0,5,58.23,1,2.7,0,0,0.061,0.0688,0
TX-105802,CUST-1656,RECIP-8161,148.96,0,6,1328,34,1,0,216.54,1,2.6,0,0,0.1309,0.2326,0
TX-105803,CUST-2396,RECIP-7806,69.6,17,3,581,1244,0,3,420.37,3,10.9,0,0,0.173,0.1864,0
TX-105804,CUST-1460,RECIP-8584,492.05,11,2,2174,838,0,6,27.52,1,11.4,0,2,0.0506,0.088,0
TX-105805,CUST-1223,RECIP-9253,146.02,18,6,437,331,0,5,64.46,1,3.7,0,0,0.0812,0.199,0
TX-105806,CUST-1641,RECIP-6765,51.06,13,3,1219,319,0,5,215.44,0,30.6,0,1,0.1088,0.5635,0
TX-105807,CUST-2495,RECIP-7982,58.03,22,1,2012,255,0,2,216.48,3,3217.9,0,0,0.8862,0.1777,0
TX-105808,CUST-1723,RECIP-7251,1028.34,18,4,286,989,0,1,88.96,2,5.2,0,2,0.0213,0.0412,0
TX-105809,CUST-1568,RECIP-9296,67.86,3,5,1140,1238,0,3,199.17,0,2975.8,0,0,0.5133,0.0559,0
TX-105810,CUST-2000,RECIP-6593,109.37,2,5,1195,338,0,3,141.79,2,2650.4,0,0,0.3632,0.0701,1
TX-105811,CUST-1973,RECIP-5844,51.1,21,0,1394,295,0,6,207.92,2,5.2,0,0,0.6847,0.0223,0
TX-105812,CUST-1448,RECIP-6704,153.79,6,0,2217,1408,0,7,218.93,1,21.4,0,2,0.2659,0.0743,0
TX-105813,CUST-2451,RECIP-7784,38.78,18,4,1469,1272,0,4,90.64,2,17.1,0,0,0.1659,0.0689,0
TX-105814,CUST-1889,RECIP-9290,104.11,15,5,961,1868,0,5,186.28,0,4.5,0,0,0.04,0.3579,0
TX-105815,CUST-1086,RECIP-8729,27.01,16,4,1009,1998,0,3,91.49,4,36.6,0,0,0.4285,0.392,0
TX-105816,CUST-1611,RECIP-5082,8.74,6,2,1571,1976,0,5,191.69,1,5.3,0,0,0.2657,0.0984,0
TX-105817,CUST-2384,RECIP-7290,65.53,7,5,767,298,0,3,57.0,1,6.3,0,4,0.2459,0.0682,0
TX-105818,CUST-1590,RECIP-5716,113.85,13,4,1721,768,0,4,139.04,1,5.1,0,0,0.7398,0.0882,0
TX-105819,CUST-1851,RECIP-6629,51.23,0,6,974,979,0,4,136.77,2,20.1,0,0,0.4751,0.0704,0
TX-105820,CUST-1918,RECIP-9247,30.33,7,2,178,1493,0,6,202.69,0,23.4,0,0,0.0579,0.0313,0
TX-105821,CUST-2056,RECIP-9431,182.85,12,5,1351,1853,0,2,91.47,1,25.4,0,0,0.1641,0.2482,0
TX-105822,CUST-2308,RECIP-5691,422.88,4,1,651,1674,0,3,49.12,1,6.4,0,0,0.416,0.5672,0
TX-105823,CUST-1223,RECIP-5634,183.39,6,5,915,1877,0,7,93.99,2,18.5,1,0,0.2997,0.2426,0
TX-105824,CUST-1775,RECIP-8133,729.46,23,5,829,3,1,0,33.56,2,25.1,0,0,0.2544,0.1284,1
TX-105825,CUST-1800,RECIP-6849,150.57,6,1,367,118,0,1,72.59,1,20.8,0,1,0.4145,0.0766,0
TX-105826,CUST-1228,RECIP-6947,152.04,21,0,744,857,0,6,30.59,0,13.8,0,0,0.3132,0.4132,0
TX-105827,CUST-2010,RECIP-8930,41.04,22,6,2286,1627,0,6,105.44,0,7.1,0,0,0.0077,0.0693,0
TX-105828,CUST-1177,RECIP-9142,87.89,16,0,820,41,1,0,226.57,1,2251.5,0,2,0.9146,0.4348,0
TX-105829,CUST-1684,RECIP-9052,23.16,3,3,1839,522,0,7,201.81,2,0.7,0,0,0.0617,0.0326,0
TX-105830,CUST-1495,RECIP-8523,30.3,4,0,1039,522,0,2,27.89,1,35.4,0,0,0.0334,0.1002,0
TX-105831,CUST-1232,RECIP-9411,124.18,22,2,193,36,1,0,120.04,0,2.7,0,2,0.2509,0.0177,0
TX-105832,CUST-2233,RECIP-8239,64.68,0,5,2099,1586,0,1,653.16,2,14.2,0,0,0.0484,0.066,0
TX-105833,CUST-1366,RECIP-8981,47.23,12,3,2267,748,0,4,65.45,0,7.1,0,0,0.3649,0.1047,0
TX-105834,CUST-1382,RECIP-7431,103.32,14,1,611,171,0,1,141.56,2,1.4,0,0,0.8206,0.2235,0
TX-105835,CUST-2281,RECIP-5229,49.02,20,2,451,496,0,1,247.21,1,0.8,0,0,0.3957,0.1156,0
TX-105836,CUST-2316,RECIP-8674,67.99,21,0,2328,621,0,3,32.45,3,40.7,0,4,0.2107,0.2969,0
TX-105837,CUST-1051,RECIP-9183,123.93,6,4,271,43,1,0,131.28,1,5.3,0,0,0.1799,0.3262,0
TX-105838,CUST-1416,RECIP-6405,53.76,12,0,2225,804,0,3,203.9,2,15.5,0,0,0.0388,0.1091,0
TX-105839,CUST-2063,RECIP-6926,31.87,15,2,457,401,0,1,77.7,2,0.6,0,0,0.7565,0.1528,0
TX-105840,CUST-2167,RECIP-7574,3653.77,23,0,2170,1975,0,5,33.16,0,16.5,0,0,0.081,0.1588,0
TX-105841,CUST-2499,RECIP-7932,6093.2,13,1,2334,14,1,0,256.52,0,33.7,0,0,0.3887,0.0612,1
TX-105842,CUST-1831,RECIP-8036,89.99,2,0,622,490,0,4,26.33,4,9.4,0,2,0.1545,0.2123,0
TX-105843,CUST-1011,RECIP-6774,74.89,22,6,576,28,1,0,18.22,1,29.7,0,0,0.1548,0.0103,0
TX-105844,CUST-2310,RECIP-8844,93.61,12,5,292,1504,0,4,34.07,1,8.5,0,0,0.0839,0.0967,0
TX-105845,CUST-1241,RECIP-8661,41.95,4,6,1973,32,1,0,72.73,4,8.7,0,0,0.1665,0.5619,0
TX-105846,CUST-1181,RECIP-9240,3751.01,4,4,893,11,1,0,30.47,1,3475.4,0,0,0.6722,0.1871,1
TX-105847,CUST-2011,RECIP-7591,254.77,4,3,1618,8,1,0,40.27,0,7.1,0,0,0.0877,0.1483,0
TX-105848,CUST-1905,RECIP-5348,53.91,17,1,1547,644,0,4,58.51,0,24.3,0,0,0.2746,0.0545,0
TX-105849,CUST-1089,RECIP-8804,62.64,22,6,1310,1412,0,2,269.26,1,39.0,0,0,0.2981,0.0291,0
TX-105850,CUST-1253,RECIP-5357,137.13,10,6,629,1391,0,2,140.33,1,6.1,0,3,0.0828,0.1208,0
TX-105851,CUST-1884,RECIP-5871,328.9,2,2,933,399,0,3,118.2,1,31.5,1,2,0.9164,0.0817,1
TX-105852,CUST-1383,RECIP-6283,145.92,21,1,1266,1124,0,5,344.82,1,4.8,0,0,0.0694,0.268,0
TX-105853,CUST-2026,RECIP-5832,168.34,15,2,259,1994,0,6,360.05,1,4.0,0,1,0.0746,0.1108,0
TX-105854,CUST-1617,RECIP-8256,143.54,13,2,1027,5,1,0,48.79,0,15.5,0,0,0.5674,0.1189,0
TX-105855,CUST-1882,RECIP-6981,113.34,1,6,1785,1025,0,5,46.55,1,4.4,1,0,0.4357,0.247,0
TX-105856,CUST-1712,RECIP-5986,137.7,23,0,1071,1362,0,7,61.22,2,4.4,0,0,0.3216,0.0679,1
TX-105857,CUST-1547,RECIP-5021,216.97,1,4,1005,205,0,3,120.68,0,3.5,0,1,0.3461,0.3077,0
TX-105858,CUST-1513,RECIP-5973,129.84,14,5,2105,1071,0,6,287.07,1,2577.8,0,2,0.1278,0.2661,1
TX-105859,CUST-2045,RECIP-8117,72.39,14,5,1351,1242,0,6,44.14,1,1451.6,0,0,0.8358,0.0754,0
TX-105860,CUST-1771,RECIP-8574,1218.69,12,1,1851,9,1,0,93.6,2,1569.0,0,0,0.1228,0.0835,0
TX-105861,CUST-1891,RECIP-6332,15.93,13,2,157,677,0,9,89.89,5,7.7,0,0,0.715,0.1031,0
TX-105862,CUST-1865,RECIP-5329,241.05,9,2,2322,1621,0,5,299.81,0,4.3,0,1,0.5108,0.2203,0
TX-105863,CUST-1311,RECIP-7507,53.47,13,2,1946,630,0,6,196.62,2,10.9,0,1,0.0199,0.1047,0
TX-105864,CUST-2369,RECIP-8523,14.89,8,0,2072,23,1,0,44.78,1,3.5,0,0,0.0876,0.1378,0
TX-105865,CUST-1844,RECIP-5315,9.64,11,0,1739,5,1,0,186.17,0,9.8,0,0,0.0912,0.3422,0
TX-105866,CUST-2077,RECIP-8579,73.79,16,0,1359,1713,0,6,79.66,0,5.0,0,0,0.0464,0.0525,0
TX-105867,CUST-2322,RECIP-5767,862.61,17,6,1337,933,0,6,122.64,0,15.5,0,0,0.0453,0.2133,0
TX-105868,CUST-2387,RECIP-6160,682.57,3,2,1572,10,1,0,37.66,1,3.0,0,2,0.3522,0.0249,1
TX-105869,CUST-2000,RECIP-7802,49.2,23,1,1255,617,0,7,21.26,0,12.0,1,1,0.0685,0.1347,0
TX-105870,CUST-2180,RECIP-5231,47.05,2,5,1831,1099,0,5,79.12,2,19.8,1,0,0.0907,0.09,0
TX-105871,CUST-1707,RECIP-6375,885.23,6,3,862,1570,0,1,46.78,1,16.1,0,0,0.3787,0.1357,0
TX-105872,CUST-2106,RECIP-5624,114.58,8,2,1930,1269,0,2,85.79,3,71.0,0,0,0.1576,0.4451,0
TX-105873,CUST-1482,RECIP-5966,763.94,7,0,875,407,0,4,59.65,1,14.5,0,1,0.4516,0.129,0
TX-105874,CUST-2067,RECIP-8480,260.48,8,2,1205,98,0,7,103.12,1,5.0,0,0,0.2023,0.4109,0
TX-105875,CUST-1128,RECIP-6029,187.38,7,4,199,335,0,6,119.96,0,30.6,0,0,0.3472,0.0468,0
TX-105876,CUST-2371,RECIP-5195,121.26,10,4,2253,1789,0,5,173.4,4,14.0,0,0,0.8924,0.1265,0
TX-105877,CUST-1366,RECIP-5966,11.15,18,2,1726,262,0,1,172.1,2,18.3,0,1,0.0544,0.0401,0
TX-105878,CUST-1984,RECIP-5390,10.94,19,4,646,404,0,2,270.89,0,6.2,1,0,0.5722,0.2298,0
TX-105879,CUST-1016,RECIP-7802,39.05,8,5,141,22,1,0,107.26,0,17.5,0,1,0.098,0.2956,0
TX-105880,CUST-1233,RECIP-9377,23.92,6,6,2134,421,0,0,38.62,2,3.5,0,0,0.2138,0.0531,0
TX-105881,CUST-2479,RECIP-5754,14.64,16,3,33,278,0,2,213.24,0,3.3,0,0,0.0028,0.0134,0
TX-105882,CUST-2250,RECIP-8279,262.7,1,1,1220,43,1,0,123.04,1,57.8,0,0,0.1969,0.1159,0
TX-105883,CUST-1333,RECIP-6632,70.43,10,0,106,23,1,0,180.7,2,3.5,0,0,0.0025,0.0261,0
TX-105884,CUST-1196,RECIP-5323,509.24,5,1,1742,1059,0,3,186.67,1,40.2,0,0,0.1221,0.328,0
TX-105885,CUST-2222,RECIP-8095,22.04,14,0,532,631,0,7,80.88,1,0.2,0,0,0.8036,0.0786,0
TX-105886,CUST-2485,RECIP-5944,203.57,1,3,1084,620,0,3,80.0,0,6.8,0,0,0.121,0.0462,0
TX-105887,CUST-1252,RECIP-7311,84.85,19,1,1438,10,1,0,461.94,1,8.1,0,0,0.3236,0.2776,0
TX-105888,CUST-1995,RECIP-7281,17.75,6,1,945,1838,0,2,36.7,1,553.2,1,0,0.0337,0.2042,0
TX-105889,CUST-1425,RECIP-7687,775.48,12,5,1712,81,0,5,70.01,2,69.1,0,0,0.0242,0.1123,0
TX-105890,CUST-2116,RECIP-5607,713.0,13,2,1285,1820,0,1,192.55,0,2.5,0,1,0.1704,0.0596,0
TX-105891,CUST-1627,RECIP-6129,280.25,11,5,1069,183,0,2,85.8,1,5.7,0,0,0.0549,0.3113,0
TX-105892,CUST-1188,RECIP-8318,96.15,10,0,825,1199,0,5,64.46,1,2.4,0,1,0.279,0.0194,0
TX-105893,CUST-1486,RECIP-9197,136.41,6,2,1039,4,1,0,184.09,0,8.3,0,0,0.1663,0.3182,0
TX-105894,CUST-1807,RECIP-5052,55.28,18,0,823,1260,0,5,282.67,0,21.1,0,0,0.4097,0.4732,0
TX-105895,CUST-2197,RECIP-6862,66.98,12,3,1454,13,1,0,113.85,2,8.2,0,0,0.1736,0.0554,0
TX-105896,CUST-1031,RECIP-8966,25.85,5,0,1918,16,1,0,30.46,0,3.0,0,0,0.0168,0.2401,1
TX-105897,CUST-2436,RECIP-6291,42.48,6,1,1504,9,1,0,109.09,1,0.5,1,0,0.9053,0.0169,0
TX-105898,CUST-1974,RECIP-7014,836.06,10,5,109,932,0,2,136.29,4,16.2,0,0,0.1493,0.01,0
TX-105899,CUST-2312,RECIP-9069,433.77,20,6,2117,1795,0,6,45.62,5,1.4,0,0,0.2018,0.0282,0
TX-105900,CUST-2395,RECIP-9360,1512.71,23,3,1971,1148,0,3,318.6,1,19.9,0,0,0.0752,0.0853,0
TX-105901,CUST-1230,RECIP-7948,263.13,9,6,2053,1368,0,2,151.13,1,2.8,0,0,0.4853,0.1394,0
TX-105902,CUST-1140,RECIP-8123,9.39,9,5,153,189,0,2,47.23,2,3468.8,0,0,0.2193,0.1067,0
TX-105903,CUST-2165,RECIP-7762,152.94,3,5,2064,1019,0,3,153.39,2,35.6,0,0,0.08,0.0459,0
TX-105904,CUST-1281,RECIP-6276,130.56,13,6,1183,252,0,6,151.16,1,3.9,0,0,0.1752,0.1104,0
TX-105905,CUST-1221,RECIP-8990,38.41,5,0,2115,42,1,0,62.19,1,16.9,0,0,0.394,0.0572,0
TX-105906,CUST-1702,RECIP-5153,83.91,19,1,1960,27,1,0,37.96,1,8.2,1,0,0.1592,0.33,1
TX-105907,CUST-2370,RECIP-5263,390.41,12,3,2203,17,1,0,79.99,0,37.4,0,0,0.0084,0.2489,0
TX-105908,CUST-2193,RECIP-7708,143.77,5,4,331,1584,0,4,61.43,4,16.7,0,0,0.209,0.2753,0
TX-105909,CUST-1776,RECIP-8769,62.8,21,6,1401,250,0,3,121.81,0,5.5,0,0,0.0374,0.5515,0
TX-105910,CUST-1294,RECIP-8664,678.73,19,0,1829,782,0,4,80.48,0,21.5,0,0,0.0855,0.113,0
TX-105911,CUST-1504,RECIP-8050,92.51,7,1,1500,1870,0,5,145.52,1,31.9,1,0,0.1553,0.0211,0
TX-105912,CUST-2032,RECIP-6693,477.42,2,2,2034,88,0,6,119.1,1,8.0,1,0,0.2193,0.0708,0
TX-105913,CUST-1235,RECIP-6619,58.8,6,4,1826,38,1,0,177.93,0,7.5,0,0,0.0644,0.008,0
TX-105914,CUST-1786,RECIP-6915,93.87,9,6,118,1872,0,3,156.82,2,13.9,0,0,0.3788,0.1281,0
TX-105915,CUST-1017,RECIP-6153,460.59,9,6,521,949,0,4,215.1,0,1455.3,1,0,0.2332,0.5121,0
TX-105916,CUST-1487,RECIP-6886,30.7,19,5,1597,1260,0,2,51.12,0,33.1,0,0,0.0229,0.2526,0
TX-105917,CUST-1371,RECIP-5471,1219.37,23,5,920,540,0,4,224.03,0,25.2,0,0,0.792,0.1352,0
TX-105918,CUST-2021,RECIP-6439,39.51,17,2,911,867,0,5,442.5,0,0.4,0,2,0.2059,0.1318,0
TX-105919,CUST-2371,RECIP-9234,188.6,20,4,2284,1350,0,5,254.73,0,13.3,0,0,0.6735,0.1757,0
TX-105920,CUST-1219,RECIP-8181,162.67,3,1,251,661,0,7,31.94,1,26.6,0,0,0.7152,0.2993,0
TX-105921,CUST-2195,RECIP-5638,26.18,3,3,1321,9,1,0,352.17,2,15.5,0,0,0.0053,0.038,0
TX-105922,CUST-1983,RECIP-6288,16.75,21,2,799,1855,0,2,180.02,2,25.2,0,0,0.1336,0.4145,0
TX-105923,CUST-2454,RECIP-6167,22.05,14,6,157,1256,0,3,217.58,0,19.4,0,3,0.0745,0.0188,0
TX-105924,CUST-2367,RECIP-6267,72.22,5,2,956,569,0,3,53.81,1,7.3,0,0,0.0865,0.0106,0
TX-105925,CUST-1151,RECIP-8109,191.74,19,2,1031,10,1,0,32.82,1,8.8,0,0,0.5952,0.0874,1
TX-105926,CUST-2114,RECIP-9027,66.02,4,2,1153,105,0,8,307.68,2,11.2,0,0,0.1608,0.1408,0
TX-105927,CUST-1888,RECIP-8195,49.53,18,6,427,1571,0,3,69.05,0,13.1,0,2,0.1903,0.3341,0
TX-105928,CUST-1169,RECIP-7197,44.51,21,6,1828,1800,0,2,52.6,0,14.4,0,0,0.43,0.1304,0
TX-105929,CUST-1385,RECIP-5723,71.66,11,3,910,1888,0,4,30.02,0,0.4,0,3,0.1429,0.2208,0
TX-105930,CUST-2390,RECIP-5643,61.67,15,6,1446,1956,0,5,26.46,0,18.4,0,0,0.0953,0.0897,0
TX-105931,CUST-1814,RECIP-8663,54.34,17,5,1376,372,0,2,99.53,2,4.8,0,0,0.5633,0.0896,0
TX-105932,CUST-1507,RECIP-8049,29.22,21,5,1424,1415,0,4,199.36,0,3197.7,0,0,0.1285,0.1242,0
TX-105933,CUST-1480,RECIP-7296,36.28,14,6,1277,551,0,4,124.96,0,4.5,1,0,0.2313,0.2715,0
TX-105934,CUST-2256,RECIP-7597,224.43,7,2,773,398,0,5,89.37,1,3.5,0,0,0.0757,0.1242,0
TX-105935,CUST-1425,RECIP-8818,42.14,4,3,1241,1087,0,3,277.04,2,8.3,0,0,0.9755,0.0041,0
TX-105936,CUST-1238,RECIP-8662,220.37,8,1,1340,1371,0,4,307.83,0,19.6,0,0,0.101,0.2312,0
TX-105937,CUST-1860,RECIP-5392,102.19,1,2,75,1495,0,2,49.27,0,2551.5,0,4,0.1127,0.15,0
TX-105938,CUST-2488,RECIP-6777,738.72,16,3,1817,1013,0,1,114.96,1,4.4,0,0,0.28,0.1815,0
TX-105939,CUST-1274,RECIP-5192,106.66,8,0,1129,1,1,0,109.5,0,8.7,0,0,0.1755,0.345,1
TX-105940,CUST-1382,RECIP-6731,170.42,17,1,753,192,0,4,78.68,2,339.0,0,0,0.1105,0.0095,0
TX-105941,CUST-1703,RECIP-7866,28.17,1,5,101,158,0,3,141.3,2,51.4,0,0,0.1797,0.0319,0
TX-105942,CUST-1299,RECIP-5937,19.81,7,1,782,1547,0,5,304.36,0,10.4,0,1,0.2289,0.1183,0
TX-105943,CUST-1976,RECIP-5675,729.52,9,4,1030,19,1,0,21.87,1,26.7,0,3,0.2188,0.2216,1
TX-105944,CUST-1380,RECIP-7209,246.1,2,5,2096,723,0,3,118.6,2,46.5,0,2,0.0945,0.0685,0
TX-105945,CUST-1192,RECIP-7362,21.78,19,1,1628,9,1,0,111.26,0,5.3,0,3,0.1663,0.2667,1
TX-105946,CUST-1391,RECIP-8213,183.62,14,3,1063,751,0,9,82.81,0,36.6,0,0,0.5114,0.128,0
TX-105947,CUST-2395,RECIP-5063,203.55,20,6,340,637,0,4,177.01,1,1238.9,0,0,0.1774,0.382,0
TX-105948,CUST-2402,RECIP-6115,529.18,19,5,708,1626,0,6,81.43,1,2.2,0,1,0.0978,0.02,0
TX-105949,CUST-1758,RECIP-8509,35.06,0,6,2294,1190,0,7,57.62,2,3242.5,0,0,0.0217,0.0699,0
TX-105950,CUST-1600,RECIP-8068,76.02,20,4,345,1373,0,1,180.82,2,4.0,0,0,0.4457,0.1107,0
TX-105951,CUST-2229,RECIP-9047,51.45,1,6,1587,1618,0,4,38.48,1,34.2,0,0,0.0059,0.131,0
TX-105952,CUST-1291,RECIP-8666,528.1,20,2,1307,667,0,5,58.86,2,2623.8,0,1,0.1982,0.373,0
TX-105953,CUST-1980,RECIP-8774,58.38,16,4,567,115,0,3,52.84,1,14.8,0,0,0.1119,0.3166,0
TX-105954,CUST-2020,RECIP-7297,197.6,19,4,2187,5,1,0,355.41,1,1.7,0,0,0.7725,0.1665,0
TX-105955,CUST-2065,RECIP-9312,19.48,11,6,1003,712,0,3,111.12,0,10.0,0,0,0.0131,0.4439,0
TX-105956,CUST-1326,RECIP-6871,108.74,3,2,1663,1942,0,3,35.25,2,5.4,0,0,0.0035,0.2221,0
TX-105957,CUST-2074,RECIP-9063,19.35,3,6,269,648,0,0,120.34,1,21.9,0,0,0.3901,0.3949,0
TX-105958,CUST-1917,RECIP-6763,1786.63,2,3,2415,1607,0,4,42.73,1,23.3,0,0,0.244,0.0524,0
TX-105959,CUST-2312,RECIP-6998,67.44,19,0,84,1462,0,3,123.15,2,1145.7,0,0,0.1306,0.1029,0
TX-105960,CUST-1261,RECIP-8085,75.21,12,4,796,25,1,0,36.44,1,20.4,0,0,0.1005,0.2288,0
TX-105961,CUST-1920,RECIP-6792,223.88,5,6,2292,23,1,0,31.53,1,17.3,0,0,0.1267,0.1043,1
TX-105962,CUST-2244,RECIP-5661,113.08,2,3,1605,205,0,3,169.89,2,23.9,0,2,0.1076,0.0184,0
TX-105963,CUST-1417,RECIP-9032,90.55,1,3,1697,1664,0,5,62.09,1,18.6,1,0,0.1579,0.0781,0
TX-105964,CUST-2115,RECIP-7038,46.6,6,6,806,581,0,1,255.6,0,10.9,1,0,0.0233,0.2913,0
TX-105965,CUST-1149,RECIP-9171,71.78,17,6,1955,1124,0,4,19.01,0,16.0,0,3,0.3659,0.1255,0
TX-105966,CUST-2077,RECIP-6796,31.0,21,2,2331,12,1,0,153.46,1,3.7,0,0,0.1578,0.1213,0
TX-105967,CUST-1909,RECIP-9377,29.8,14,5,1566,9,1,0,68.78,0,2748.7,0,0,0.9575,0.0861,0
TX-105968,CUST-1288,RECIP-7713,131.38,23,4,569,797,0,7,172.53,0,7.4,0,0,0.016,0.0623,0
TX-105969,CUST-1099,RECIP-8457,20.65,9,4,2269,900,0,1,72.54,1,29.8,1,0,0.2955,0.1354,0
TX-105970,CUST-2118,RECIP-8399,71.06,7,5,40,1822,0,4,157.33,1,0.6,0,2,0.2579,0.1623,0
TX-105971,CUST-1361,RECIP-5908,116.11,16,2,2242,828,0,3,80.8,0,19.3,1,1,0.0323,0.1145,0
TX-105972,CUST-1746,RECIP-8669,1949.06,3,2,53,1897,0,7,107.04,3,7.4,0,0,0.1232,0.0594,0
TX-105973,CUST-1091,RECIP-9252,7.16,21,0,173,1355,0,5,266.03,3,1.7,0,0,0.3973,0.0854,0
TX-105974,CUST-2445,RECIP-7975,533.23,18,5,133,1295,0,2,103.88,2,3.9,0,0,0.2999,0.0861,0
TX-105975,CUST-1823,RECIP-9262,221.98,0,1,497,1910,0,6,62.21,0,2.6,0,0,0.0492,0.3618,0
TX-105976,CUST-2397,RECIP-8807,170.12,4,4,1826,2,1,0,48.59,0,4.9,0,0,0.0445,0.2122,0
TX-105977,CUST-1240,RECIP-7997,94.42,15,4,1007,35,1,0,143.49,3,17.8,0,0,0.1405,0.1067,0
TX-105978,CUST-1308,RECIP-7147,50.51,17,4,225,829,0,5,231.01,1,3.0,0,0,0.2983,0.1962,0
TX-105979,CUST-1915,RECIP-8857,72.68,5,6,872,1299,0,5,164.29,1,46.5,0,3,0.2161,0.2074,0
TX-105980,CUST-1906,RECIP-5834,1260.88,17,6,2494,29,1,0,367.58,0,16.3,0,0,0.2524,0.0322,0
TX-105981,CUST-2186,RECIP-7525,59.82,11,0,1328,404,0,4,124.13,0,2802.4,0,0,0.7828,0.2807,0
TX-105982,CUST-2392,RECIP-8670,1626.04,16,5,1830,667,0,0,65.3,0,0.7,1,0,0.1229,0.031,0
TX-105983,CUST-2232,RECIP-9248,255.55,10,1,688,17,1,0,276.78,2,18.5,0,0,0.9358,0.0844,0
TX-105984,CUST-1210,RECIP-6202,61.85,10,4,1316,1996,0,4,36.23,1,1.2,0,0,0.4007,0.205,0
TX-105985,CUST-1464,RECIP-5422,167.1,9,4,1999,40,1,0,54.35,1,4.8,0,0,0.1351,0.0365,0
TX-105986,CUST-2370,RECIP-6500,416.48,3,0,1695,656,0,4,105.48,0,9.4,1,1,0.1818,0.2974,0
TX-105987,CUST-1823,RECIP-8887,554.39,4,1,48,1541,0,4,46.16,1,8.7,0,0,0.4052,0.09,0
TX-105988,CUST-2300,RECIP-7357,172.3,4,6,1529,1060,0,5,149.18,1,1.7,0,0,0.1595,0.0035,0
TX-105989,CUST-1844,RECIP-5249,760.81,19,0,1985,1948,0,7,71.96,2,10.4,0,2,0.0364,0.3785,0
TX-105990,CUST-1074,RECIP-5537,71.17,10,1,363,1250,0,5,219.94,0,3.0,1,2,0.0491,0.0581,0
TX-105991,CUST-1709,RECIP-6525,6441.82,9,0,1001,25,1,0,143.53,2,7.8,0,0,0.0671,0.3139,1
TX-105992,CUST-2236,RECIP-6542,49.52,20,1,1623,1568,0,3,411.98,1,14.2,0,0,0.0972,0.1608,0
TX-105993,CUST-1982,RECIP-5608,288.31,21,4,42,1059,0,2,26.48,1,10.1,1,0,0.2818,0.5067,0
TX-105994,CUST-1199,RECIP-7223,282.04,5,5,1785,25,1,0,141.78,1,40.8,0,0,0.2463,0.1361,0
TX-105995,CUST-1315,RECIP-7156,356.62,8,4,2122,1729,0,6,109.86,0,11.3,0,0,0.8046,0.2476,0
TX-105996,CUST-2281,RECIP-5896,60.23,9,1,1329,33,1,0,109.02,1,10.0,1,0,0.0163,0.0364,1
TX-105997,CUST-2468,RECIP-6045,159.05,20,6,1133,1490,0,3,72.76,1,576.3,0,0,0.0645,0.0384,0
TX-105998,CUST-2129,RECIP-7989,846.29,16,2,256,1982,0,6,127.1,2,0.5,0,0,0.0505,0.1561,0
TX-105999,CUST-1147,RECIP-9284,76.57,13,2,1820,1077,0,2,22.69,0,0.8,0,1,0.0152,0.1445,0
TX-106000,CUST-1928,RECIP-9484,83.44,5,3,2359,939,0,4,22.13,2,24.5,0,0,0.2243,0.2372,0
TX-106001,CUST-2243,RECIP-7516,19.84,9,0,2199,118,0,6,53.32,1,36.1,0,0,0.6655,0.0888,0
TX-106002,CUST-1960,RECIP-5173,669.21,0,2,1387,1493,0,6,22.0,0,0.9,0,0,0.71,0.2053,0
TX-106003,CUST-1891,RECIP-9039,382.02,16,5,114,1955,0,3,132.61,1,8.1,0,0,0.2084,0.2236,0
TX-106004,CUST-1701,RECIP-9277,380.1,22,4,736,1254,0,3,46.94,1,0.6,0,0,0.2544,0.1397,0
TX-106005,CUST-1367,RECIP-6251,23.7,18,6,677,1932,0,3,93.66,1,14.2,0,0,0.26,0.1987,0
TX-106006,CUST-1421,RECIP-6801,64.61,7,5,48,323,0,7,122.6,1,695.6,1,0,0.0147,0.1135,0
TX-106007,CUST-2118,RECIP-5116,123.32,11,2,323,1065,0,6,87.23,1,535.9,1,0,0.0597,0.1671,0
TX-106008,CUST-1104,RECIP-8605,33.67,22,5,1449,1564,0,3,161.14,2,1.5,0,0,0.3283,0.2752,0
TX-106009,CUST-1126,RECIP-8490,836.8,10,6,272,728,0,2,68.64,1,4.6,0,0,0.1364,0.3296,0
TX-106010,CUST-1594,RECIP-5092,102.16,20,4,125,1683,0,4,93.18,2,11.3,0,4,0.2937,0.0726,0
TX-106011,CUST-2161,RECIP-8160,61.78,13,5,2365,276,0,1,66.63,0,3.9,1,0,0.9102,0.0804,1
TX-106012,CUST-1985,RECIP-6853,170.65,11,3,1523,20,1,0,196.87,1,15.0,0,1,0.3227,0.1442,0
TX-106013,CUST-1884,RECIP-7454,261.83,14,6,2019,26,1,0,35.78,1,1.7,0,0,0.8801,0.1419,1
TX-106014,CUST-1801,RECIP-5982,55.29,5,1,643,237,0,2,129.21,0,2.2,0,0,0.1354,0.1921,0
TX-106015,CUST-1166,RECIP-8669,41.76,10,2,930,44,1,0,308.53,0,6.7,0,0,0.0353,0.1703,0
TX-106016,CUST-1497,RECIP-6819,178.59,7,1,1537,23,1,0,139.1,3,13.8,0,0,0.077,0.1633,0
TX-106017,CUST-1119,RECIP-8780,46.59,18,0,1727,854,0,2,62.24,3,29.6,0,2,0.1952,0.2996,0
TX-106018,CUST-2137,RECIP-5667,23.99,14,4,939,487,0,4,125.33,0,23.3,0,0,0.2878,0.2345,0
TX-106019,CUST-2126,RECIP-7645,195.02,9,0,2301,19,1,0,59.64,2,14.8,0,0,0.2427,0.3169,0
TX-106020,CUST-1387,RECIP-6395,50.31,19,1,1767,612,0,3,220.51,1,20.1,1,0,0.1236,0.1934,0
TX-106021,CUST-1439,RECIP-9346,158.55,10,5,575,644,0,4,137.21,0,23.5,0,0,0.1438,0.0208,0
TX-106022,CUST-1476,RECIP-7505,20.99,22,1,272,63,0,4,110.31,2,23.9,0,0,0.1978,0.0818,0
TX-106023,CUST-2333,RECIP-8238,117.35,14,6,64,1251,0,5,280.83,2,37.3,0,1,0.0579,0.1797,0
TX-106024,CUST-1732,RECIP-5387,90.72,21,0,2116,2,1,0,102.85,4,18.3,0,0,0.1903,0.2015,0
TX-106025,CUST-2143,RECIP-8045,219.36,23,3,2065,1532,0,5,32.61,0,27.0,1,0,0.0353,0.3877,0
TX-106026,CUST-1673,RECIP-5454,13.34,7,0,1212,463,0,3,102.06,2,1.6,0,0,0.0801,0.3452,0
TX-106027,CUST-2047,RECIP-6626,21.61,6,0,1815,1792,0,4,79.08,1,0.5,0,0,0.0905,0.0333,0
TX-106028,CUST-1792,RECIP-6001,345.16,20,5,2212,13,1,0,95.44,1,11.7,1,0,0.0179,0.2993,1
TX-106029,CUST-1417,RECIP-5010,80.88,5,0,425,1022,0,2,141.4,1,45.1,0,0,0.4451,0.0464,0
TX-106030,CUST-2314,RECIP-7638,25.39,18,6,2452,878,0,7,164.53,3,8.9,0,0,0.0986,0.0672,0
TX-106031,CUST-2063,RECIP-6084,140.24,4,4,1239,642,0,2,43.18,0,7.1,0,0,0.2363,0.1119,0
TX-106032,CUST-2154,RECIP-7306,51.51,20,3,1112,195,0,3,98.8,0,7.6,0,0,0.061,0.0064,0
TX-106033,CUST-2422,RECIP-8437,41.18,16,6,426,209,0,0,83.99,0,10.5,0,0,0.2513,0.0966,0
TX-106034,CUST-1373,RECIP-5801,555.23,12,2,1690,1162,0,4,114.25,3,2771.6,0,0,0.3142,0.0869,0
TX-106035,CUST-1137,RECIP-8194,54.25,10,2,1518,31,1,0,133.23,2,9.5,0,0,0.0542,0.1624,0
TX-106036,CUST-1873,RECIP-6336,10.04,15,2,103,13,1,0,92.57,1,54.5,0,0,0.8315,0.0792,0
TX-106037,CUST-1489,RECIP-6489,61.68,9,4,1629,25,1,0,39.06,0,32.6,1,0,0.5218,0.0208,1
TX-106038,CUST-1653,RECIP-7596,37.14,9,5,379,23,1,0,90.89,2,8.4,0,1,0.2652,0.0576,0
TX-106039,CUST-1352,RECIP-7815,6.59,4,3,713,30,1,0,233.58,0,11.0,1,2,0.0091,0.2064,1
TX-106040,CUST-1597,RECIP-7949,185.08,3,1,1540,1872,0,3,42.26,0,28.7,0,0,0.0438,0.3186,0
TX-106041,CUST-1589,RECIP-5878,354.32,21,6,1958,462,0,2,270.5,0,10.1,1,1,0.1467,0.1343,0
TX-106042,CUST-1525,RECIP-7608,130.92,17,4,361,6,1,0,27.44,1,86.0,0,0,0.3843,0.2432,0
TX-106043,CUST-2113,RECIP-6186,73.27,10,5,1199,1366,0,3,113.11,0,3121.0,0,0,0.1096,0.1768,0
TX-106044,CUST-1888,RECIP-6246,53.72,19,3,734,132,0,4,61.35,1,3259.2,1,0,0.0264,0.081,0
TX-106045,CUST-1711,RECIP-9263,71.29,14,1,1774,25,1,0,95.74,1,18.4,0,2,0.4832,0.0218,0
TX-106046,CUST-1169,RECIP-5454,227.36,14,6,2075,23,1,0,167.9,0,10.0,0,0,0.1861,0.2201,0
TX-106047,CUST-1856,RECIP-6859,8.82,2,4,1610,1460,0,2,196.37,2,32.9,0,0,0.0831,0.0613,0
TX-106048,CUST-1262,RECIP-6976,85.52,12,2,1993,1494,0,2,253.76,0,6.1,0,0,0.1648,0.1456,0
TX-106049,CUST-1471,RECIP-6102,279.53,2,5,1143,198,0,2,30.36,2,71.7,0,1,0.7224,0.0739,1
TX-106050,CUST-1622,RECIP-8534,20.29,16,0,1506,21,1,0,50.19,2,1258.7,0,0,0.0278,0.2286,0
TX-106051,CUST-1211,RECIP-7191,242.2,1,6,753,1969,0,3,63.07,0,31.7,0,0,0.058,0.076,0
TX-106052,CUST-1584,RECIP-8237,517.46,12,4,2471,1865,0,8,55.06,2,25.9,1,0,0.3823,0.0244,0
TX-106053,CUST-1400,RECIP-6741,46.66,8,4,534,41,1,0,133.23,0,9.7,0,0,0.292,0.2026,0
TX-106054,CUST-2274,RECIP-9035,19.88,3,0,2305,886,0,0,175.77,3,3.2,0,2,0.2747,0.4806,0
TX-106055,CUST-2289,RECIP-8282,44.6,11,1,1872,1240,0,3,24.04,1,9.0,1,0,0.391,0.0659,0
TX-106056,CUST-1006,RECIP-6499,129.95,4,5,2467,30,1,0,42.64,0,7.8,0,0,0.3128,0.3726,0
TX-106057,CUST-1903,RECIP-9329,1362.5,5,3,1615,147,0,6,85.31,2,0.9,0,0,0.054,0.0641,0
TX-106058,CUST-1960,RECIP-8892,37.68,21,0,899,37,1,0,95.97,0,5.6,0,0,0.1929,0.1961,0
TX-106059,CUST-1566,RECIP-7662,39.79,8,4,723,82,0,4,316.12,1,17.0,0,0,0.0965,0.3661,0
TX-106060,CUST-1703,RECIP-5074,78.42,9,5,473,1042,0,2,38.3,2,20.5,1,1,0.3086,0.1049,0
TX-106061,CUST-2184,RECIP-7660,102.38,0,1,2418,44,1,0,64.09,1,20.3,0,1,0.2708,0.0699,0
TX-106062,CUST-1566,RECIP-8108,87.57,7,4,293,1800,0,6,256.29,1,0.9,0,1,0.0381,0.1338,0
TX-106063,CUST-1096,RECIP-6641,14.25,8,6,2031,35,1,0,65.44,0,3.2,0,1,0.0144,0.2729,0
TX-106064,CUST-1558,RECIP-5647,23.17,17,3,1755,17,1,0,165.94,2,10.5,0,2,0.2637,0.0084,0
TX-106065,CUST-1380,RECIP-7540,217.9,2,1,343,1892,0,5,67.58,3,0.2,0,0,0.0866,0.1933,0
TX-106066,CUST-1574,RECIP-8606,367.97,22,6,2291,587,0,3,78.82,1,9.6,0,2,0.1799,0.133,0
TX-106067,CUST-1345,RECIP-6436,20.72,3,6,431,1472,0,3,147.09,0,11.3,0,0,0.1084,0.0118,0
TX-106068,CUST-1224,RECIP-7053,341.83,15,3,427,4,1,0,78.13,0,17.5,0,1,0.5232,0.0911,0
TX-106069,CUST-2478,RECIP-5004,6.95,0,2,1373,1998,0,5,54.94,1,0.0,0,0,0.2783,0.1015,0
TX-106070,CUST-1193,RECIP-8167,119.65,19,5,284,1526,0,5,162.31,1,3.3,0,0,0.4078,0.073,0
TX-106071,CUST-2059,RECIP-8897,61.96,16,0,282,1378,0,1,48.72,1,12.2,0,0,0.1978,0.046,0
TX-106072,CUST-2076,RECIP-8493,131.79,20,2,1571,20,1,0,168.78,0,30.6,0,0,0.6785,0.1063,0
TX-106073,CUST-1926,RECIP-6932,20.02,22,3,2411,253,0,2,73.6,0,2322.4,0,0,0.0832,0.0738,0
TX-106074,CUST-2367,RECIP-5202,216.9,20,4,161,567,0,4,48.24,2,6.3,0,0,0.4224,0.0596,0
TX-106075,CUST-1007,RECIP-7214,63.06,14,4,1605,1407,0,7,180.41,0,1.4,0,2,0.1302,0.1389,0
TX-106076,CUST-1452,RECIP-9231,38.03,20,2,1516,474,0,5,68.81,0,22.2,0,0,0.2443,0.1942,0
TX-106077,CUST-1276,RECIP-5375,53.59,2,6,193,1304,0,7,82.65,0,23.0,0,0,0.4658,0.1246,0
TX-106078,CUST-1865,RECIP-5962,199.31,15,4,399,1672,0,5,21.66,2,57.7,0,1,0.0895,0.2866,0
TX-106079,CUST-1953,RECIP-8766,82.53,23,3,1125,1779,0,6,39.73,0,2.0,0,0,0.0713,0.1066,0
TX-106080,CUST-2346,RECIP-7556,126.82,9,6,1742,187,0,5,227.95,3,21.7,0,2,0.3365,0.0819,0
TX-106081,CUST-1569,RECIP-5766,189.62,23,0,578,1115,0,2,110.37,0,22.9,0,0,0.3338,0.0397,0
TX-106082,CUST-1353,RECIP-5109,40.05,12,4,1102,313,0,3,226.58,0,6.4,0,1,0.3301,0.0636,0
TX-106083,CUST-2386,RECIP-6847,615.04,11,6,1241,1,1,0,89.18,0,13.9,0,4,0.1506,0.2379,0
TX-106084,CUST-2009,RECIP-7677,1527.85,7,4,1788,1768,0,2,101.58,1,8.1,0,0,0.2512,0.3872,1
TX-106085,CUST-2147,RECIP-8781,20.26,2,3,640,1481,0,4,334.17,0,12.0,0,0,0.6439,0.4055,0
TX-106086,CUST-1667,RECIP-8977,8.46,21,2,1732,1370,0,2,132.08,2,12.3,0,0,0.0324,0.1507,0
TX-106087,CUST-1671,RECIP-7060,37.19,17,1,2084,1521,0,6,329.86,1,2852.0,1,0,0.1315,0.1157,0
TX-106088,CUST-1583,RECIP-6901,601.37,9,3,1469,290,0,1,68.22,3,29.6,0,0,0.2077,0.1186,0
TX-106089,CUST-2124,RECIP-9190,198.05,23,6,1811,1057,0,4,79.7,0,3.8,1,0,0.3073,0.1128,0
TX-106090,CUST-1315,RECIP-8495,42.44,4,3,443,505,0,1,54.02,3,1797.1,0,0,0.5941,0.1192,0
TX-106091,CUST-2463,RECIP-5941,205.6,18,0,2269,243,0,4,145.63,1,16.1,0,0,0.2569,0.142,0
TX-106092,CUST-1263,RECIP-8065,51.8,10,3,774,1834,0,4,48.98,3,21.9,0,0,0.2257,0.292,0
TX-106093,CUST-1691,RECIP-8218,154.62,14,0,518,862,0,6,341.64,4,2509.5,0,0,0.9485,0.0958,0
TX-106094,CUST-1471,RECIP-6052,297.2,0,6,1384,453,0,1,28.4,0,49.7,0,1,0.1002,0.1015,0
TX-106095,CUST-1963,RECIP-9400,44.08,14,3,981,1689,0,5,96.15,1,31.1,1,0,0.6165,0.2736,0
TX-106096,CUST-2021,RECIP-6335,223.7,16,1,1169,10,1,0,62.37,1,59.5,0,0,0.0503,0.0961,0
TX-106097,CUST-2377,RECIP-7473,24.61,23,4,2019,649,0,4,117.2,2,11.5,0,3,0.1306,0.444,0
TX-106098,CUST-2183,RECIP-7221,94.62,8,3,1353,1646,0,3,54.64,0,2.4,0,0,0.0672,0.4925,0
TX-106099,CUST-1373,RECIP-8114,108.52,1,3,953,1479,0,2,114.11,0,0.9,0,0,0.129,0.4809,0
TX-106100,CUST-1309,RECIP-9057,101.64,1,4,2006,578,0,1,130.94,2,2.2,0,0,0.0071,0.2938,0
TX-106101,CUST-2329,RECIP-6769,115.15,3,6,966,551,0,3,145.95,3,15.4,0,0,0.1724,0.778,0
TX-106102,CUST-1731,RECIP-6730,109.72,7,5,2397,21,1,0,363.6,0,19.2,1,0,0.3807,0.1199,0
TX-106103,CUST-1146,RECIP-8381,5.0,19,1,2465,17,1,0,93.25,0,33.7,0,0,0.1638,0.2282,0
TX-106104,CUST-2237,RECIP-9285,106.71,4,1,1189,617,0,5,78.59,1,6.7,0,0,0.0569,0.092,0
TX-106105,CUST-1972,RECIP-9089,14.08,3,6,1934,713,0,4,84.06,3,4.1,1,2,0.8304,0.3944,0
TX-106106,CUST-1038,RECIP-8387,635.41,0,4,1779,448,0,2,32.63,1,6.1,0,0,0.3621,0.2716,0
TX-106107,CUST-2174,RECIP-8163,212.5,9,0,2156,43,1,0,199.48,1,991.4,0,0,0.4998,0.2722,0
TX-106108,CUST-1911,RECIP-8459,152.77,14,3,1169,6,1,0,46.63,0,2023.2,0,0,0.4238,0.5472,1
TX-106109,CUST-1921,RECIP-9211,438.58,6,0,1035,36,1,0,214.58,1,5.2,0,0,0.2101,0.1164,0
TX-106110,CUST-2297,RECIP-5047,134.25,11,0,713,256,0,5,50.15,1,19.5,0,0,0.6603,0.1831,0
TX-106111,CUST-1743,RECIP-7648,36.88,5,1,1477,18,1,0,27.88,1,11.7,0,0,0.0837,0.3231,0
TX-106112,CUST-1691,RECIP-5153,20.67,19,1,1550,505,0,5,15.97,2,29.8,1,0,0.5146,0.1535,0
TX-106113,CUST-1926,RECIP-7597,322.13,0,0,1142,838,0,2,188.18,1,11.8,0,0,0.0036,0.409,0
TX-106114,CUST-1296,RECIP-6776,26.41,4,5,796,1692,0,7,255.75,1,25.4,0,0,0.382,0.064,0
TX-106115,CUST-1227,RECIP-6370,23.78,13,3,1142,641,0,3,129.1,1,48.0,0,2,0.0968,0.1323,0
TX-106116,CUST-2265,RECIP-9009,92.31,20,3,1270,416,0,6,44.98,2,23.5,1,0,0.4196,0.0803,0
TX-106117,CUST-1323,RECIP-8193,321.5,9,6,345,31,1,0,40.36,1,39.4,0,1,0.0918,0.2315,0
TX-106118,CUST-1756,RECIP-7553,92.93,1,5,1660,215,0,3,69.12,1,2043.8,0,0,0.1867,0.0744,0
TX-106119,CUST-1404,RECIP-8968,60.92,13,5,2110,1060,0,5,193.14,0,36.7,0,0,0.5031,0.0721,0
TX-106120,CUST-1345,RECIP-5440,37.73,6,1,825,17,1,0,79.27,0,26.2,0,2,0.0984,0.1213,0
TX-106121,CUST-1896,RECIP-7908,131.06,7,5,994,905,0,6,32.28,3,36.2,0,0,0.0609,0.0491,0
TX-106122,CUST-2203,RECIP-5703,11.99,22,6,259,4,1,0,50.01,5,14.3,1,1,0.0741,0.0534,0
TX-106123,CUST-1662,RECIP-6048,17.96,22,0,1467,29,1,0,112.92,3,28.5,1,0,0.1254,0.021,0
TX-106124,CUST-1208,RECIP-5833,35.59,6,6,1086,1472,0,2,241.66,1,12.6,0,0,0.1972,0.0908,0
TX-106125,CUST-1366,RECIP-7448,36.73,14,6,2146,800,0,2,157.12,1,0.0,0,0,0.7988,0.1942,0
TX-106126,CUST-1246,RECIP-7830,44.84,12,5,2270,7,1,0,51.73,2,0.5,0,0,0.0706,0.0424,0
TX-106127,CUST-2324,RECIP-8401,247.37,23,2,1940,1116,0,2,95.56,2,10.6,0,2,0.0834,0.4055,0
TX-106128,CUST-1479,RECIP-6982,360.15,22,1,548,7,1,0,209.47,3,8.6,0,0,0.0612,0.2948,0
TX-106129,CUST-1560,RECIP-9227,31.11,8,5,519,121,0,6,94.16,1,13.9,0,2,0.1138,0.0406,0
TX-106130,CUST-1106,RECIP-6681,63.96,0,4,1229,15,1,0,29.26,2,3.7,0,4,0.1843,0.0834,0
TX-106131,CUST-1669,RECIP-5704,36.82,0,5,1557,38,1,0,58.52,2,6.1,1,0,0.246,0.4812,0
TX-106132,CUST-2370,RECIP-5164,397.39,0,1,108,761,0,5,8.62,0,24.4,0,1,0.0886,0.3292,0
TX-106133,CUST-1614,RECIP-5573,154.47,18,1,1254,519,0,2,123.24,1,19.4,0,1,0.611,0.0713,0
TX-106134,CUST-1976,RECIP-7003,298.2,17,6,244,1322,0,6,262.72,0,19.0,0,0,0.2198,0.3474,0
TX-106135,CUST-1272,RECIP-6858,338.34,19,3,672,1778,0,5,297.13,3,37.4,0,2,0.3384,0.2329,0
TX-106136,CUST-1214,RECIP-8844,1348.43,3,5,916,14,1,0,93.53,0,5.7,0,0,0.0453,0.3924,0
TX-106137,CUST-2097,RECIP-5565,11.56,1,6,130,100,0,6,50.52,1,1664.7,0,0,0.232,0.2393,0
TX-106138,CUST-1098,RECIP-6180,19.31,4,3,678,18,1,0,83.52,1,30.3,0,0,0.1436,0.139,0
TX-106139,CUST-1672,RECIP-9411,13.0,15,1,1585,1418,0,4,109.65,2,6.1,0,1,0.0566,0.1722,0
TX-106140,CUST-1475,RECIP-5128,264.41,0,6,2494,36,1,0,249.8,1,0.4,0,0,0.9207,0.1551,0
TX-106141,CUST-1024,RECIP-6909,42.94,15,5,1956,26,1,0,129.35,3,402.5,0,0,0.2246,0.1221,0
TX-106142,CUST-1796,RECIP-5892,99.55,21,4,786,44,1,0,27.96,1,9.1,0,3,0.3952,0.1067,0
TX-106143,CUST-2446,RECIP-7401,456.37,3,6,2356,34,1,0,179.91,1,0.7,0,0,0.1616,0.2354,0
TX-106144,CUST-1103,RECIP-9381,229.68,17,1,1117,701,0,8,23.49,1,9.1,0,0,0.1303,0.0873,0
TX-106145,CUST-2223,RECIP-6021,61.54,13,2,906,558,0,8,113.81,0,2.1,1,0,0.1572,0.0464,0
TX-106146,CUST-1808,RECIP-6666,93.76,22,0,2122,1438,0,4,347.43,1,2975.2,0,2,0.2287,0.1059,0
TX-106147,CUST-2085,RECIP-7021,17.45,5,2,1016,42,1,0,29.08,2,2025.9,0,0,0.0619,0.118,0
TX-106148,CUST-1144,RECIP-8593,211.19,5,3,1854,707,0,2,89.94,2,5.1,0,0,0.3252,0.286,0
TX-106149,CUST-2303,RECIP-9431,323.87,0,3,432,597,0,3,93.84,1,10.9,0,0,0.2882,0.2414,0
TX-106150,CUST-1017,RECIP-5434,182.97,16,1,850,5,1,0,98.97,1,1.8,0,0,0.2439,0.0199,0
TX-106151,CUST-2360,RECIP-7199,185.85,20,5,2462,7,1,0,182.84,1,6.7,0,0,0.4031,0.314,0
TX-106152,CUST-1986,RECIP-8386,96.49,0,3,632,21,1,0,59.42,0,26.2,0,0,0.0866,0.0599,0
TX-106153,CUST-1506,RECIP-5039,128.85,11,3,2128,25,1,0,163.74,1,25.1,0,1,0.2393,0.3419,0
TX-106154,CUST-1010,RECIP-8627,327.81,17,6,1182,854,0,4,80.8,0,12.1,0,0,0.256,0.0939,0
TX-106155,CUST-1916,RECIP-6091,288.88,18,3,2395,12,1,0,108.74,0,4.7,0,2,0.3008,0.1233,0
TX-106156,CUST-1131,RECIP-7332,137.24,22,6,1057,1990,0,4,34.55,1,660.6,1,3,0.3817,0.149,0
TX-106157,CUST-1913,RECIP-9403,34.08,17,1,1253,572,0,5,221.04,1,2.7,0,0,0.3005,0.1953,0
TX-106158,CUST-2159,RECIP-7858,5.01,22,5,1004,1146,0,3,111.72,1,27.6,0,0,0.1071,0.0656,0
TX-106159,CUST-1400,RECIP-9450,383.98,23,6,548,35,1,0,154.3,1,9.0,0,0,0.2391,0.1079,0
TX-106160,CUST-1358,RECIP-7715,558.36,22,5,2114,1414,0,0,230.21,2,20.8,0,3,0.2189,0.0675,0
TX-106161,CUST-1332,RECIP-5947,45.92,10,6,1445,707,0,1,80.13,1,2573.9,0,0,0.8791,0.011,0
TX-106162,CUST-1337,RECIP-8116,310.16,9,5,1277,1710,0,3,82.22,1,41.2,0,0,0.1817,0.1394,0
TX-106163,CUST-1170,RECIP-7768,8.25,10,4,949,14,1,0,26.0,3,633.2,0,0,0.4997,0.0658,0
TX-106164,CUST-1374,RECIP-6398,193.71,22,5,1937,31,1,0,113.21,0,386.3,0,0,0.1789,0.0998,0
TX-106165,CUST-1988,RECIP-5346,138.0,6,6,889,173,0,6,277.45,0,4.1,0,0,0.1943,0.1981,0
TX-106166,CUST-1453,RECIP-7916,43.44,18,4,617,22,1,0,95.21,0,1627.8,1,0,0.1511,0.0501,0
TX-106167,CUST-2171,RECIP-7598,775.75,15,4,233,38,1,0,53.29,0,20.1,1,0,0.1459,0.2555,1
TX-106168,CUST-2228,RECIP-8481,66.95,1,0,2186,536,0,3,193.14,1,1.9,0,0,0.3016,0.0038,0
TX-106169,CUST-2141,RECIP-5566,249.25,11,6,210,1071,0,0,33.85,1,5.1,0,0,0.1983,0.1549,0
TX-106170,CUST-1809,RECIP-7424,697.46,4,5,2116,1682,0,1,62.9,2,23.3,0,0,0.0746,0.3055,0
TX-106171,CUST-1474,RECIP-8683,78.62,17,1,965,32,1,0,60.05,3,41.9,0,0,0.4883,0.0199,0
TX-106172,CUST-2394,RECIP-9010,236.52,10,2,36,14,1,0,193.72,1,17.9,0,0,0.3739,0.1105,1
TX-106173,CUST-1307,RECIP-9228,85.38,8,1,2317,13,1,0,117.99,1,4.1,0,0,0.0371,0.2858,1
TX-106174,CUST-1696,RECIP-5953,128.06,1,2,1859,1305,0,3,63.93,1,28.9,0,0,0.3848,0.2817,0
TX-106175,CUST-1680,RECIP-5778,30.78,3,6,1815,1573,0,3,67.77,3,25.8,0,0,0.0628,0.0834,0
TX-106176,CUST-2118,RECIP-7592,103.81,18,3,1383,494,0,5,113.08,1,8.9,0,0,0.8853,0.1085,0
TX-106177,CUST-1820,RECIP-7082,108.53,20,2,1908,954,0,8,115.62,0,3.9,0,0,0.0191,0.2148,0
TX-106178,CUST-2199,RECIP-6054,101.87,6,5,358,1290,0,6,111.24,2,15.7,0,0,0.8212,0.2853,0
TX-106179,CUST-2378,RECIP-5459,320.91,19,2,608,33,1,0,60.24,1,10.7,1,0,0.0848,0.0944,1
TX-106180,CUST-1585,RECIP-5646,122.0,13,6,1373,174,0,4,222.97,1,13.7,0,0,0.0897,0.048,0
TX-106181,CUST-2312,RECIP-6526,28.96,8,5,1844,498,0,3,329.46,2,4.8,0,0,0.1082,0.1003,0
TX-106182,CUST-1254,RECIP-8327,162.21,10,1,1483,693,0,5,287.64,0,10.2,0,2,0.0309,0.1111,0
TX-106183,CUST-2374,RECIP-5292,46.86,16,4,1033,1697,0,1,248.83,1,2526.2,1,0,0.1167,0.1301,1
TX-106184,CUST-1266,RECIP-5473,109.85,21,3,1689,1542,0,4,592.14,1,14.0,0,1,0.078,0.2164,0
TX-106185,CUST-2275,RECIP-6190,103.77,11,2,176,1702,0,7,58.91,2,0.8,0,3,0.0976,0.0446,0
TX-106186,CUST-1585,RECIP-8931,196.1,8,6,1285,11,1,0,61.74,1,24.4,0,1,0.2039,0.0542,0
TX-106187,CUST-2446,RECIP-9456,111.49,18,2,1005,1071,0,6,35.06,1,14.7,0,0,0.2309,0.219,0
TX-106188,CUST-1193,RECIP-6980,174.33,12,0,1260,836,0,3,83.34,2,0.9,1,0,0.4246,0.1051,1
TX-106189,CUST-1698,RECIP-5200,105.52,9,2,354,1107,0,9,39.3,0,4.0,0,0,0.1261,0.032,0
TX-106190,CUST-2352,RECIP-5053,1129.2,11,3,2261,257,0,1,268.63,3,2.8,0,0,0.3877,0.3228,0
TX-106191,CUST-1071,RECIP-8865,922.64,12,0,2138,277,0,1,117.64,0,4.2,1,0,0.0135,0.3443,0
TX-106192,CUST-1397,RECIP-7001,49.88,3,5,2358,196,0,5,77.93,0,25.4,0,0,0.8874,0.0048,0
TX-106193,CUST-1125,RECIP-5348,177.95,1,1,2105,318,0,4,44.08,0,3005.0,1,0,0.0515,0.0323,0
TX-106194,CUST-1481,RECIP-8750,56.19,15,0,1670,699,0,3,38.25,1,71.0,0,0,0.4755,0.1752,0
TX-106195,CUST-1585,RECIP-7380,216.96,4,3,740,880,0,3,67.47,0,17.7,0,1,0.5745,0.1007,0
TX-106196,CUST-1928,RECIP-6573,23.77,12,1,311,1978,0,6,336.88,0,7.0,0,1,0.0244,0.0975,0
TX-106197,CUST-1386,RECIP-7034,108.22,18,5,1541,1841,0,4,235.8,1,16.3,0,0,0.0545,0.0816,0
TX-106198,CUST-1238,RECIP-6012,1909.95,5,0,2368,1555,0,3,176.26,1,3.8,0,0,0.954,0.085,0
TX-106199,CUST-1254,RECIP-9191,26.93,9,2,928,476,0,3,19.53,1,14.4,0,1,0.598,0.0822,0
TX-106200,CUST-2407,RECIP-8544,140.42,23,0,2482,1084,0,4,92.78,3,33.1,0,0,0.2198,0.1242,0
TX-106201,CUST-2429,RECIP-5895,10.59,0,2,410,28,1,0,82.9,2,0.2,0,0,0.0955,0.133,0
TX-106202,CUST-1332,RECIP-8307,94.96,18,6,729,1273,0,6,59.12,2,48.1,0,0,0.2883,0.0951,0
TX-106203,CUST-1293,RECIP-5808,337.12,4,4,1634,184,0,4,103.95,0,845.4,0,2,0.0503,0.1422,0
TX-106204,CUST-1081,RECIP-7039,35.61,21,3,1247,180,0,3,50.69,1,1.9,0,0,0.2213,0.1168,0
TX-106205,CUST-2439,RECIP-8369,84.74,9,1,1907,18,1,0,66.58,0,3.9,1,1,0.5526,0.0293,0
TX-106206,CUST-2059,RECIP-5163,36.23,0,2,881,5,1,0,52.02,0,4.1,0,0,0.2187,0.1321,0
TX-106207,CUST-2141,RECIP-8265,195.87,17,2,1943,25,1,0,61.77,1,22.3,0,2,0.058,0.117,0
TX-106208,CUST-1435,RECIP-6016,222.4,3,4,773,15,1,0,8.39,0,2.3,0,0,0.4836,0.1154,1
TX-106209,CUST-1961,RECIP-8146,165.12,8,1,398,42,1,0,105.41,2,25.3,1,0,0.1481,0.0324,0
TX-106210,CUST-1089,RECIP-7246,208.51,12,6,1434,1370,0,2,159.39,0,6.6,0,0,0.0917,0.2932,0
TX-106211,CUST-2014,RECIP-5117,43.58,17,4,1296,434,0,2,54.55,0,1.9,0,0,0.0031,0.3963,0
TX-106212,CUST-1869,RECIP-8428,81.84,10,2,1430,1200,0,3,230.67,1,1.0,0,0,0.4067,0.2586,0
TX-106213,CUST-1497,RECIP-6169,25.46,20,0,89,255,0,2,51.9,1,5.0,0,0,0.3815,0.0587,0
TX-106214,CUST-2065,RECIP-9285,33.42,11,4,1045,1948,0,4,39.86,1,0.2,0,0,0.2029,0.0415,0
TX-106215,CUST-1969,RECIP-8779,73.93,8,3,252,164,0,1,219.03,0,0.0,0,0,0.2325,0.0809,0
TX-106216,CUST-1658,RECIP-5867,336.49,8,4,2017,25,1,0,67.03,1,2.7,0,0,0.2538,0.1431,0
TX-106217,CUST-1280,RECIP-7703,35.33,19,4,230,1072,0,3,118.66,1,3.5,0,1,0.0998,0.0965,0
TX-106218,CUST-1035,RECIP-6629,1451.07,15,4,2331,1391,0,4,33.24,1,19.2,0,0,0.2094,0.3198,0
TX-106219,CUST-2406,RECIP-7709,34.9,3,5,171,1067,0,2,88.4,4,10.5,0,0,0.0697,0.2027,0
TX-106220,CUST-1422,RECIP-7506,24.46,18,3,1538,1879,0,4,78.18,3,20.2,0,1,0.7033,0.2434,0
TX-106221,CUST-1452,RECIP-6331,413.9,9,5,854,439,0,4,74.88,0,54.9,0,0,0.2194,0.0426,0
TX-106222,CUST-2021,RECIP-7931,1450.03,8,2,303,1998,0,5,75.94,1,6.8,0,0,0.063,0.1591,0
TX-106223,CUST-1382,RECIP-6170,38.5,2,6,913,27,1,0,114.4,0,4.3,0,0,0.6329,0.2205,0
TX-106224,CUST-1563,RECIP-9083,63.0,23,2,128,36,1,0,108.6,3,1078.8,1,0,0.4704,0.0875,1
TX-106225,CUST-2066,RECIP-9259,109.98,1,4,1753,678,0,3,146.62,1,6.0,0,0,0.071,0.0816,0
TX-106226,CUST-1893,RECIP-5746,30.12,23,6,2181,19,1,0,22.46,0,3.7,0,0,0.1568,0.2465,1
TX-106227,CUST-1984,RECIP-8274,158.66,1,2,844,40,1,0,306.46,0,2037.5,0,1,0.0047,0.1087,0
TX-106228,CUST-1007,RECIP-9182,15.63,12,0,1114,16,1,0,84.4,0,27.0,0,0,0.3864,0.0769,0
TX-106229,CUST-1676,RECIP-5570,50.8,2,1,376,1645,0,6,67.34,1,687.4,1,0,0.6623,0.1845,0
TX-106230,CUST-1712,RECIP-8328,61.43,11,1,1220,720,0,4,128.74,2,9.3,1,1,0.1761,0.3137,0
TX-106231,CUST-1948,RECIP-9219,148.84,20,0,2368,1559,0,5,86.81,0,23.5,1,0,0.3545,0.1227,0
TX-106232,CUST-1227,RECIP-6012,359.36,14,3,1359,1093,0,11,108.58,1,0.6,0,1,0.1942,0.343,0
TX-106233,CUST-1239,RECIP-7620,28.26,13,1,2192,681,0,3,75.08,0,3.3,0,0,0.0135,0.052,0
TX-106234,CUST-2143,RECIP-8590,76.38,2,0,1956,1190,0,3,152.76,3,26.1,1,3,0.0921,0.125,0
TX-106235,CUST-2009,RECIP-6500,167.24,22,0,336,1174,0,3,29.77,1,3239.0,0,1,0.304,0.0296,0
TX-106236,CUST-2216,RECIP-6070,80.83,9,1,160,723,0,0,119.02,0,3.7,1,0,0.128,0.0796,0
TX-106237,CUST-1405,RECIP-6787,71.1,12,2,926,19,1,0,67.89,1,4.2,1,0,0.0311,0.1701,0
TX-106238,CUST-2496,RECIP-6509,214.17,21,6,2351,925,0,3,25.45,2,1683.9,0,0,0.0783,0.3273,0
TX-106239,CUST-1409,RECIP-8264,11.29,15,4,445,111,0,5,227.79,2,11.9,1,0,0.1987,0.0856,0
TX-106240,CUST-1976,RECIP-6669,68.8,17,5,139,1175,0,2,75.0,2,37.4,0,0,0.344,0.0535,0
TX-106241,CUST-1243,RECIP-6693,93.19,4,4,2399,38,1,0,212.77,2,3.2,0,0,0.4867,0.2754,0
TX-106242,CUST-2377,RECIP-9250,1125.48,11,5,518,5,1,0,171.61,1,1.0,1,0,0.0095,0.0578,1
TX-106243,CUST-1498,RECIP-7604,36.85,12,2,909,1459,0,4,57.13,1,9.1,0,0,0.6027,0.2145,0
TX-106244,CUST-2203,RECIP-9182,1230.14,4,0,1957,24,1,0,238.48,2,1.4,0,0,0.0646,0.121,0
TX-106245,CUST-1496,RECIP-8197,120.58,9,3,272,707,0,4,83.46,2,727.1,0,0,0.2064,0.3084,0
TX-106246,CUST-2186,RECIP-8983,5.0,19,0,452,1619,0,0,60.12,1,0.9,0,0,0.2318,0.1045,0
TX-106247,CUST-1681,RECIP-5879,171.5,22,1,1825,528,0,0,47.28,0,10.0,0,2,0.0379,0.0997,0
TX-106248,CUST-1093,RECIP-9221,74.38,19,5,46,78,0,5,54.56,0,12.1,0,1,0.411,0.1747,0
TX-106249,CUST-1285,RECIP-9249,232.06,22,3,1787,572,0,2,131.34,1,1.0,0,0,0.1941,0.121,0
TX-106250,CUST-2025,RECIP-5183,383.23,23,4,1369,32,1,0,57.25,0,39.7,0,0,0.0348,0.3163,0
TX-106251,CUST-1289,RECIP-6602,1167.66,4,3,625,737,0,4,137.18,4,4.3,0,0,0.2578,0.0573,0
TX-106252,CUST-1412,RECIP-6859,358.94,20,3,1545,384,0,0,67.74,1,26.1,0,0,0.5262,0.2678,0
TX-106253,CUST-1812,RECIP-6887,241.89,14,2,824,967,0,4,202.96,2,0.3,0,2,0.2463,0.1209,0
TX-106254,CUST-1379,RECIP-8502,453.8,20,1,2373,431,0,4,74.55,3,41.3,1,0,0.8809,0.1894,1
TX-106255,CUST-1193,RECIP-8143,128.5,15,1,1055,22,1,0,86.43,3,2.0,0,0,0.0441,0.1507,0
TX-106256,CUST-1936,RECIP-5957,84.59,2,5,1878,260,0,1,89.71,0,26.6,0,1,0.1077,0.2577,0
TX-106257,CUST-2033,RECIP-7739,253.78,13,6,691,446,0,2,114.16,2,11.4,0,0,0.052,0.2537,0
TX-106258,CUST-2099,RECIP-9385,35.04,18,0,2088,1577,0,7,102.27,2,1247.1,0,0,0.0945,0.1776,0
TX-106259,CUST-2415,RECIP-6980,100.36,2,3,743,1430,0,3,48.53,3,22.1,0,0,0.8816,0.2062,1
TX-106260,CUST-1186,RECIP-9176,55.18,12,3,1284,535,0,3,414.88,0,17.7,0,0,0.0729,0.1423,0
TX-106261,CUST-1640,RECIP-7923,168.69,15,3,2009,1931,0,5,162.45,2,11.3,0,0,0.1017,0.0793,0
TX-106262,CUST-1350,RECIP-9162,71.69,11,1,2317,184,0,8,199.23,1,8.6,0,0,0.0307,0.2973,0
TX-106263,CUST-2351,RECIP-9062,74.42,19,0,1887,409,0,3,240.51,1,8.5,0,0,0.2772,0.187,0
TX-106264,CUST-1809,RECIP-5075,168.09,3,1,1678,501,0,1,84.82,0,26.4,0,0,0.2351,0.1093,0
TX-106265,CUST-1147,RECIP-8601,412.03,8,1,1740,1044,0,2,184.86,0,6.4,0,0,0.4487,0.1945,0
TX-106266,CUST-2038,RECIP-5850,182.11,22,0,1033,1051,0,3,273.87,2,18.0,0,1,0.0134,0.088,0
TX-106267,CUST-1064,RECIP-8709,221.72,12,2,1726,760,0,2,289.88,1,3.8,1,0,0.0336,0.0781,0
TX-106268,CUST-1411,RECIP-8636,285.53,4,4,1449,14,1,0,200.77,2,13.4,0,0,0.4698,0.2371,1
TX-106269,CUST-2082,RECIP-6162,64.36,2,6,1319,1224,0,1,84.35,3,2840.0,1,0,0.0786,0.3871,0
TX-106270,CUST-1759,RECIP-5297,113.11,14,4,803,840,0,4,273.62,1,9.0,0,0,0.0772,0.2195,0
TX-106271,CUST-2141,RECIP-6887,80.01,22,1,896,1768,0,2,38.15,3,3.0,1,0,0.1212,0.1613,0
TX-106272,CUST-1856,RECIP-6363,91.07,1,2,335,206,0,2,61.56,0,4.8,0,0,0.495,0.1001,0
TX-106273,CUST-2264,RECIP-7492,60.59,2,2,1809,1779,0,7,17.62,2,1.6,0,2,0.2139,0.1973,0
TX-106274,CUST-1843,RECIP-5369,75.4,9,1,84,1648,0,4,82.69,3,3.0,0,0,0.1594,0.2844,0
TX-106275,CUST-1085,RECIP-5198,66.32,5,6,317,919,0,7,72.83,0,23.8,0,1,0.1949,0.0545,0
TX-106276,CUST-1106,RECIP-6967,40.31,2,4,753,1416,0,3,69.81,1,38.9,0,0,0.2401,0.235,0
TX-106277,CUST-2165,RECIP-8464,6.03,7,3,378,1529,0,5,84.45,1,10.3,0,0,0.3959,0.1212,0
TX-106278,CUST-1057,RECIP-6417,93.55,15,3,1881,1776,0,4,43.69,3,9.0,0,0,0.0882,0.0336,0
TX-106279,CUST-1564,RECIP-6455,498.4,19,2,341,6,1,0,159.02,0,811.3,1,0,0.1724,0.1295,0
TX-106280,CUST-1024,RECIP-5738,159.98,7,2,1157,217,0,5,84.2,1,22.4,0,0,0.008,0.0545,0
TX-106281,CUST-1455,RECIP-6271,76.36,16,4,1839,1557,0,7,77.92,1,23.3,0,0,0.3593,0.1141,0
TX-106282,CUST-1892,RECIP-6344,20.92,19,6,1484,358,0,4,36.4,1,9.5,0,0,0.2528,0.1101,0
TX-106283,CUST-1259,RECIP-6166,34.55,0,3,1491,1775,0,5,46.26,1,14.5,0,0,0.1987,0.2839,0
TX-106284,CUST-1699,RECIP-6546,12.1,20,1,880,1651,0,4,49.25,0,23.7,0,0,0.5336,0.1958,0
TX-106285,CUST-2494,RECIP-6275,139.95,4,6,1141,1440,0,2,141.91,1,33.2,0,0,0.0996,0.1835,0
TX-106286,CUST-1105,RECIP-8063,37.28,16,2,1924,7,1,0,789.21,1,19.8,0,0,0.3749,0.0225,0
TX-106287,CUST-1095,RECIP-6521,306.81,18,0,1206,177,0,3,119.14,2,2.2,0,0,0.3289,0.021,0
TX-106288,CUST-1406,RECIP-8396,6.95,20,3,1758,894,0,3,178.92,1,31.1,0,0,0.1355,0.0429,0
TX-106289,CUST-2240,RECIP-7721,49.5,9,5,2074,535,0,3,189.05,1,2.9,0,0,0.0726,0.1256,0
TX-106290,CUST-1608,RECIP-7882,267.0,15,1,635,1947,0,5,29.36,3,6.3,0,1,0.2687,0.2216,0
TX-106291,CUST-1959,RECIP-7626,21.15,0,1,330,1584,0,2,235.73,2,0.1,0,0,0.7592,0.0065,0
TX-106292,CUST-1050,RECIP-9152,85.67,10,2,1174,422,0,2,120.19,3,0.2,0,1,0.0483,0.0817,0
TX-106293,CUST-2102,RECIP-6150,46.07,23,5,976,98,0,2,222.01,1,11.4,0,0,0.2525,0.0563,0
TX-106294,CUST-1101,RECIP-9420,25.05,3,6,400,1844,0,5,46.07,1,18.4,0,0,0.0733,0.1586,0
TX-106295,CUST-2067,RECIP-5928,54.94,3,5,1907,35,1,0,122.12,4,11.2,0,0,0.2257,0.5668,0
TX-106296,CUST-1221,RECIP-5622,7.17,16,1,1571,17,1,0,167.36,0,1.5,0,0,0.8631,0.1186,0
TX-106297,CUST-2287,RECIP-8718,316.02,12,5,1654,1244,0,3,93.07,4,7.9,0,0,0.1239,0.0014,0
TX-106298,CUST-1444,RECIP-9031,204.91,10,2,1781,32,1,0,41.88,0,3491.4,0,0,0.234,0.1828,1
TX-106299,CUST-1275,RECIP-5417,46.64,5,6,1104,28,1,0,26.88,1,57.6,1,0,0.5577,0.3511,0
TX-106300,CUST-1505,RECIP-7699,11.15,4,6,1290,26,1,0,168.94,0,16.7,0,0,0.784,0.0873,0
TX-106301,CUST-1001,RECIP-7307,31.73,17,5,584,17,1,0,153.32,1,1.7,0,0,0.2146,0.1729,0
TX-106302,CUST-1247,RECIP-5990,190.45,8,6,1836,28,1,0,59.13,1,3265.4,0,0,0.1324,0.1001,0
TX-106303,CUST-1897,RECIP-7342,198.49,18,0,2367,201,0,6,182.88,0,24.3,0,0,0.2166,0.1794,0
TX-106304,CUST-1451,RECIP-8086,42.16,10,4,2188,1579,0,4,65.33,1,2.3,1,0,0.9668,0.2953,1
TX-106305,CUST-1530,RECIP-7583,138.75,9,0,1037,1378,0,3,47.35,1,0.0,1,0,0.2688,0.3533,0
TX-106306,CUST-2210,RECIP-7338,15.6,5,4,153,1547,0,7,136.33,1,4.7,0,0,0.1052,0.3626,0
TX-106307,CUST-1185,RECIP-8985,76.23,15,2,2198,38,1,0,26.92,4,36.8,0,0,0.3527,0.1374,0
TX-106308,CUST-1593,RECIP-6014,20.32,6,6,1450,4,1,0,115.75,0,17.3,0,0,0.4998,0.1024,0
TX-106309,CUST-1279,RECIP-7807,125.05,21,3,1951,264,0,4,27.84,2,61.3,0,0,0.1113,0.2536,0
TX-106310,CUST-1724,RECIP-6424,51.7,9,5,773,643,0,4,41.28,2,0.7,1,0,0.1893,0.2456,0
TX-106311,CUST-1497,RECIP-9381,62.44,19,2,2157,1001,0,3,74.25,0,27.0,0,0,0.2184,0.0677,0
TX-106312,CUST-1069,RECIP-6131,82.51,11,0,2100,1781,0,2,167.81,0,1.0,0,0,0.2172,0.2151,0
TX-106313,CUST-1105,RECIP-8921,11.7,9,5,71,1319,0,3,21.37,2,1.9,0,2,0.0548,0.0763,0
TX-106314,CUST-2278,RECIP-7844,550.14,10,1,1425,1237,0,4,171.44,1,6.7,0,0,0.8647,0.0604,0
TX-106315,CUST-1085,RECIP-5966,298.13,10,5,1209,12,1,0,241.01,0,0.5,0,0,0.0924,0.1974,0
TX-106316,CUST-2174,RECIP-8414,95.68,11,3,1654,299,0,4,118.93,1,694.0,0,0,0.3819,0.0906,0
TX-106317,CUST-2374,RECIP-6085,276.22,21,6,670,778,0,6,86.82,1,22.9,0,1,0.1154,0.1979,0
TX-106318,CUST-1698,RECIP-6180,56.19,16,2,272,985,0,0,97.26,1,51.2,0,1,0.7594,0.1841,0
TX-106319,CUST-1468,RECIP-6551,114.97,0,2,706,17,1,0,33.76,0,15.3,0,0,0.0819,0.1737,0
TX-106320,CUST-2164,RECIP-8067,130.88,1,5,1327,371,0,5,95.37,0,7.3,0,0,0.0946,0.1882,0
TX-106321,CUST-2473,RECIP-6761,177.35,0,5,696,1562,0,4,125.02,0,10.7,0,0,0.0637,0.3751,0
TX-106322,CUST-1180,RECIP-7561,248.73,16,0,1176,535,0,2,1557.03,3,1670.5,0,0,0.0211,0.0165,0
TX-106323,CUST-2446,RECIP-7488,19.23,4,5,991,520,0,3,259.92,1,16.3,0,0,0.1718,0.2504,0
TX-106324,CUST-2415,RECIP-5884,38.01,9,3,1744,42,1,0,87.59,2,1015.3,0,0,0.404,0.1632,0
TX-106325,CUST-1213,RECIP-6046,1513.85,19,6,1044,903,0,2,46.81,0,12.2,0,0,0.332,0.1404,0
TX-106326,CUST-1082,RECIP-6380,134.58,3,4,386,145,0,2,127.98,1,38.9,0,0,0.3392,0.1313,0
TX-106327,CUST-2072,RECIP-6000,87.31,3,5,1596,1061,0,4,94.98,1,0.1,0,0,0.1326,0.0603,0
TX-106328,CUST-1116,RECIP-9134,1600.1,1,2,555,200,0,2,130.37,1,0.8,0,0,0.0622,0.0499,0
TX-106329,CUST-1901,RECIP-6716,99.84,6,1,771,229,0,5,45.46,1,17.4,0,1,0.1648,0.2872,0
TX-106330,CUST-1097,RECIP-6821,123.85,2,5,1775,1952,0,8,28.45,1,10.8,0,3,0.7026,0.0731,0
TX-106331,CUST-2035,RECIP-8024,20.34,15,0,703,896,0,5,132.63,3,11.9,0,0,0.1363,0.074,0
TX-106332,CUST-1347,RECIP-8546,253.82,17,4,182,627,0,3,68.74,2,7.9,1,0,0.2255,0.0529,0
TX-106333,CUST-1144,RECIP-8096,99.56,4,6,920,355,0,5,97.85,0,49.8,0,0,0.5266,0.2451,0
TX-106334,CUST-1099,RECIP-7480,96.4,12,6,988,931,0,2,43.99,0,7.6,0,0,0.0962,0.0117,0
TX-106335,CUST-1282,RECIP-9392,726.36,7,5,1725,511,0,3,225.22,0,0.2,0,0,0.0149,0.1508,0
TX-106336,CUST-1811,RECIP-9049,74.74,1,3,1781,38,1,0,37.82,1,0.6,0,0,0.0954,0.1908,0
TX-106337,CUST-1114,RECIP-5910,307.06,11,5,30,9,1,0,186.29,1,10.6,0,0,0.3892,0.3619,0
TX-106338,CUST-2203,RECIP-5720,302.29,16,0,1899,318,0,6,94.42,1,8.3,0,1,0.1173,0.0602,0
TX-106339,CUST-1906,RECIP-6767,72.76,5,5,1874,1010,0,5,82.93,0,2688.9,0,0,0.2244,0.2769,0
TX-106340,CUST-1445,RECIP-8759,18.55,18,1,458,853,0,4,112.29,0,0.3,0,0,0.1497,0.0442,0
TX-106341,CUST-2479,RECIP-9341,44.66,23,5,867,902,0,2,84.27,2,5.1,0,0,0.1055,0.2353,0
TX-106342,CUST-1987,RECIP-8161,304.3,1,2,1924,1577,0,2,78.45,1,3.4,0,1,0.6305,0.2831,0
TX-106343,CUST-2007,RECIP-8105,58.54,3,5,1453,10,1,0,96.58,2,3439.5,0,0,0.1192,0.1539,0
TX-106344,CUST-1260,RECIP-6051,22.75,6,4,868,24,1,0,68.11,4,17.4,0,0,0.2819,0.2094,0
TX-106345,CUST-2066,RECIP-7665,105.17,20,6,1910,22,1,0,124.73,2,15.2,0,0,0.2422,0.2988,0
TX-106346,CUST-1838,RECIP-5829,27.55,3,5,1590,804,0,3,260.76,3,1239.1,0,0,0.0128,0.1145,0
TX-106347,CUST-2476,RECIP-7428,32.18,11,6,1291,136,0,4,661.08,2,9.1,0,0,0.517,0.2708,0
TX-106348,CUST-1716,RECIP-5871,29.56,12,1,45,552,0,0,210.44,0,22.8,0,0,0.0675,0.2857,0
TX-106349,CUST-2017,RECIP-5339,263.96,3,2,1628,30,1,0,164.78,0,17.5,0,0,0.0228,0.2669,0
TX-106350,CUST-1511,RECIP-9352,358.0,1,3,474,1833,0,3,20.89,3,3.2,0,0,0.0102,0.2858,0
TX-106351,CUST-1060,RECIP-9020,20.09,2,0,2302,225,0,8,88.52,1,4.0,1,0,0.2146,0.0673,0
TX-106352,CUST-1191,RECIP-8083,112.82,1,0,496,1026,0,4,59.66,0,23.9,1,0,0.0732,0.3908,0
TX-106353,CUST-2300,RECIP-7814,156.95,12,0,103,384,0,5,31.49,0,18.9,0,0,0.4786,0.0092,0
TX-106354,CUST-2107,RECIP-6079,41.83,22,5,959,1951,0,5,215.18,0,14.8,0,2,0.2532,0.005,0
TX-106355,CUST-1547,RECIP-7572,36.96,8,3,893,1034,0,10,28.67,1,3016.2,0,0,0.1856,0.13,0
TX-106356,CUST-2046,RECIP-8366,546.55,6,5,900,691,0,1,53.66,3,3.9,0,0,0.2377,0.0435,0
TX-106357,CUST-1006,RECIP-7427,22.37,5,5,2319,35,1,0,26.79,1,17.6,0,0,0.1632,0.1801,0
TX-106358,CUST-1055,RECIP-6268,173.83,23,0,708,16,1,0,89.5,1,9.9,0,0,0.1042,0.2357,0
TX-106359,CUST-1760,RECIP-6763,146.16,23,5,2098,4,1,0,233.36,0,15.4,0,1,0.1093,0.0945,1
TX-106360,CUST-1937,RECIP-8784,1245.95,15,1,431,22,1,0,39.73,3,4.3,0,2,0.4441,0.317,1
TX-106361,CUST-2405,RECIP-6145,310.58,11,2,1553,1477,0,6,66.73,2,4.8,1,0,0.8891,0.2725,0
TX-106362,CUST-2139,RECIP-9326,15.89,3,6,353,27,1,0,181.41,0,20.6,0,0,0.039,0.205,0
TX-106363,CUST-1385,RECIP-8398,122.74,22,2,596,144,0,2,255.55,3,1599.6,0,0,0.8502,0.1639,0
TX-106364,CUST-2222,RECIP-9006,41.76,0,6,395,1494,0,3,100.71,0,496.0,0,3,0.0127,0.1955,0
TX-106365,CUST-1737,RECIP-7293,97.57,3,3,846,711,0,5,39.25,0,0.7,0,0,0.9691,0.1595,0
TX-106366,CUST-2239,RECIP-6006,13.13,16,0,1165,264,0,5,78.23,1,62.5,0,2,0.8733,0.0565,0
TX-106367,CUST-1260,RECIP-5152,131.77,4,5,2149,7,1,0,72.24,0,9.3,0,0,0.124,0.0423,0
TX-106368,CUST-1039,RECIP-7407,119.22,2,0,1898,1018,0,1,63.11,0,23.5,0,0,0.4635,0.0862,0
TX-106369,CUST-1086,RECIP-6795,55.36,14,4,1754,10,1,0,36.93,0,15.6,0,0,0.4686,0.1,0
TX-106370,CUST-2486,RECIP-5511,322.67,0,3,1237,482,0,6,170.27,2,11.2,0,0,0.1762,0.03,0
TX-106371,CUST-1120,RECIP-9178,170.31,6,0,735,1295,0,5,76.67,1,30.6,0,0,0.4821,0.0144,0
TX-106372,CUST-2409,RECIP-9366,332.08,15,3,762,1360,0,3,25.34,1,35.3,0,0,0.2541,0.2205,0
TX-106373,CUST-2090,RECIP-6682,9329.26,4,2,356,37,1,0,153.04,2,1.4,0,0,0.1643,0.0969,1
TX-106374,CUST-1219,RECIP-8006,33.02,18,0,1671,44,1,0,348.61,0,3.3,0,0,0.9789,0.1537,0
TX-106375,CUST-2296,RECIP-6859,158.62,2,3,1958,1613,0,3,122.39,1,14.5,0,1,0.1628,0.2798,0
TX-106376,CUST-1216,RECIP-7235,235.65,14,0,1383,233,0,8,46.08,1,2.3,1,0,0.729,0.2582,0
TX-106377,CUST-1214,RECIP-7807,196.74,1,3,1453,1207,0,3,484.82,0,14.1,0,0,0.0158,0.0898,0
TX-106378,CUST-1863,RECIP-6873,57.74,17,1,949,869,0,5,97.36,0,4.1,0,0,0.0856,0.0363,0
TX-106379,CUST-1432,RECIP-8607,60.21,18,5,2409,1498,0,6,177.17,3,12.9,0,4,0.0378,0.051,0
TX-106380,CUST-1436,RECIP-5852,28.35,19,6,2222,38,1,0,74.14,0,1.1,1,0,0.0465,0.0334,0
TX-106381,CUST-1292,RECIP-8008,159.49,6,6,1034,378,0,3,60.91,2,52.7,0,0,0.0227,0.2186,0
TX-106382,CUST-1911,RECIP-9424,591.19,5,6,1894,38,1,0,171.83,1,48.9,0,0,0.2664,0.0973,0
TX-106383,CUST-1040,RECIP-8825,28.73,23,0,892,675,0,4,48.06,0,6.1,0,0,0.0303,0.2519,0
TX-106384,CUST-1367,RECIP-5205,9.61,17,3,335,15,1,0,71.74,2,7.9,0,0,0.3971,0.1554,0
TX-106385,CUST-1830,RECIP-5512,191.68,4,1,748,1428,0,3,90.88,1,926.0,0,0,0.405,0.0564,0
TX-106386,CUST-1729,RECIP-7829,372.58,0,0,2091,971,0,3,257.42,1,10.9,1,0,0.129,0.028,0
TX-106387,CUST-2049,RECIP-9160,1545.09,8,2,1220,939,0,3,34.58,1,39.3,0,0,0.0006,0.0564,0
TX-106388,CUST-1324,RECIP-8798,536.94,15,3,2167,173,0,6,220.37,4,6.7,0,0,0.3347,0.2406,0
TX-106389,CUST-1971,RECIP-9067,78.28,8,2,827,1286,0,3,177.52,0,18.0,0,0,0.0744,0.3019,0
TX-106390,CUST-2139,RECIP-5673,175.41,19,0,1166,329,0,2,154.33,1,60.4,0,0,0.2174,0.0563,0
TX-106391,CUST-1582,RECIP-7336,34.6,12,2,210,862,0,3,167.9,1,20.2,0,0,0.083,0.1885,0
TX-106392,CUST-1385,RECIP-8266,40.97,23,1,1958,739,0,4,42.6,2,3.3,0,2,0.3135,0.2032,0
TX-106393,CUST-1832,RECIP-7811,244.6,20,0,800,1364,0,7,34.69,1,3.7,0,0,0.1266,0.2709,0
TX-106394,CUST-1868,RECIP-8496,20.05,11,3,254,1372,0,1,25.45,1,2424.1,0,0,0.365,0.1338,0
TX-106395,CUST-1141,RECIP-5957,29.73,20,0,570,23,1,0,74.09,3,5.6,0,0,0.8925,0.1532,0
TX-106396,CUST-1847,RECIP-7056,17.75,10,6,1673,1255,0,6,124.73,1,34.8,1,0,0.082,0.4127,0
TX-106397,CUST-1231,RECIP-7015,40.46,0,5,2044,34,1,0,47.26,1,6.6,0,0,0.362,0.1768,1
TX-106398,CUST-1853,RECIP-9229,61.45,7,6,2388,734,0,6,152.3,0,375.1,0,0,0.3401,0.1776,0
TX-106399,CUST-2397,RECIP-5912,67.39,9,0,611,1770,0,3,87.31,0,17.5,0,0,0.1099,0.2887,0
TX-106400,CUST-1805,RECIP-6468,70.3,23,3,1488,1437,0,5,98.84,1,20.0,0,0,0.1863,0.3654,0
TX-106401,CUST-2142,RECIP-5098,207.94,19,5,1163,29,1,0,156.35,1,17.9,1,0,0.2876,0.1613,0
TX-106402,CUST-1464,RECIP-5682,74.58,3,4,1796,1747,0,4,99.39,0,12.1,0,0,0.0534,0.0886,0
TX-106403,CUST-2384,RECIP-9414,37.01,0,2,1691,38,1,0,40.53,2,4.9,0,0,0.7129,0.0699,0
TX-106404,CUST-2219,RECIP-8814,24.44,12,5,203,63,0,4,317.81,0,0.5,0,0,0.3328,0.198,0
TX-106405,CUST-2375,RECIP-6166,59.69,12,2,398,1,1,0,148.35,2,9.6,0,0,0.1585,0.0681,0
TX-106406,CUST-2112,RECIP-8159,746.0,17,6,1487,1029,0,2,42.73,0,1.2,1,4,0.0174,0.1207,0
TX-106407,CUST-1974,RECIP-7668,119.73,6,0,1342,22,1,0,83.97,2,7.5,0,0,0.1098,0.2835,0
TX-106408,CUST-1787,RECIP-9079,4115.86,19,4,2217,1903,0,6,112.11,2,1294.4,0,0,0.0473,0.1299,0
TX-106409,CUST-2392,RECIP-6351,9.14,9,0,2122,1286,0,3,40.26,2,839.7,0,0,0.3954,0.0333,0
TX-106410,CUST-2272,RECIP-9474,31.81,8,6,174,1483,0,2,177.12,1,4.2,0,2,0.1841,0.1735,0
TX-106411,CUST-1625,RECIP-6667,12.1,10,2,1472,9,1,0,42.62,3,6.8,0,0,0.1649,0.0447,0
TX-106412,CUST-1128,RECIP-8225,1045.7,22,0,1034,390,0,4,353.16,2,3.5,0,0,0.6788,0.1913,0
TX-106413,CUST-1005,RECIP-6789,149.6,9,5,1221,8,1,0,199.17,1,5.5,0,0,0.2914,0.1148,0
TX-106414,CUST-1350,RECIP-8021,249.78,13,6,190,1351,0,2,59.27,2,2.4,0,0,0.0613,0.1216,0
TX-106415,CUST-1093,RECIP-6507,202.99,21,6,2102,6,1,0,44.39,2,34.1,0,0,0.3412,0.2189,0
TX-106416,CUST-1317,RECIP-8794,257.55,0,3,438,967,0,3,109.83,1,5.3,0,0,0.1175,0.0266,0
TX-106417,CUST-1164,RECIP-7868,69.89,12,0,2369,141,0,5,34.6,1,21.8,0,0,0.1371,0.1143,0
TX-106418,CUST-2471,RECIP-6299,396.62,17,1,2330,992,0,3,86.72,0,2267.1,0,1,0.1106,0.3636,0
TX-106419,CUST-1143,RECIP-9324,32.27,21,0,2057,1092,0,5,97.22,0,58.4,0,1,0.0174,0.2061,0
TX-106420,CUST-1940,RECIP-8191,499.73,1,0,320,13,1,0,130.87,2,12.1,0,0,0.1936,0.0708,0
TX-106421,CUST-1527,RECIP-6928,212.45,17,1,1038,1022,0,4,206.11,0,12.5,1,0,0.1486,0.103,0
TX-106422,CUST-1261,RECIP-5611,58.72,19,3,88,1289,0,5,186.33,0,1.2,1,0,0.2159,0.0725,0
TX-106423,CUST-2051,RECIP-9379,95.27,8,5,1540,1878,0,1,203.65,0,17.7,0,0,0.1424,0.0095,0
TX-106424,CUST-2455,RECIP-8397,277.62,17,4,2164,826,0,5,131.06,1,13.3,0,0,0.0198,0.0671,0
TX-106425,CUST-2185,RECIP-8005,41.64,11,1,1330,3,1,0,111.32,1,14.6,0,3,0.1932,0.1233,0
TX-106426,CUST-2462,RECIP-8749,1573.28,15,4,87,910,0,5,60.19,2,12.2,0,1,0.2617,0.0451,0
TX-106427,CUST-1885,RECIP-7732,72.95,9,1,779,1806,0,5,22.51,1,10.2,0,1,0.171,0.1535,0
TX-106428,CUST-2010,RECIP-6044,364.61,4,3,450,1151,0,4,109.91,3,625.8,0,0,0.6615,0.1457,0
TX-106429,CUST-1219,RECIP-6066,64.05,19,6,1105,1527,0,3,39.7,1,34.2,0,2,0.1119,0.2996,0
TX-106430,CUST-2278,RECIP-5355,193.13,5,0,948,622,0,8,107.8,1,25.9,1,2,0.8643,0.2389,0
TX-106431,CUST-2121,RECIP-5283,30.42,4,6,2078,1341,0,4,18.19,2,54.7,0,0,0.1709,0.2461,0
TX-106432,CUST-1381,RECIP-8279,26.87,21,1,576,551,0,5,39.74,1,6.3,1,0,0.3299,0.2545,0
TX-106433,CUST-1532,RECIP-8833,23.41,22,4,772,21,1,0,55.91,1,2252.4,0,0,0.1679,0.3379,0
TX-106434,CUST-1916,RECIP-5737,264.16,14,1,616,435,0,3,1060.87,1,6.6,0,1,0.1357,0.036,0
TX-106435,CUST-1019,RECIP-7582,183.32,13,1,2227,1185,0,5,56.54,2,11.4,1,0,0.0251,0.0346,0
TX-106436,CUST-2226,RECIP-5557,390.62,8,3,757,407,0,3,71.21,3,11.9,0,0,0.3307,0.126,0
TX-106437,CUST-1420,RECIP-6864,180.63,14,2,2478,1044,0,5,103.32,0,12.7,0,0,0.2167,0.2483,0
TX-106438,CUST-1112,RECIP-8558,439.8,14,3,1675,998,0,2,178.64,2,2.8,0,0,0.0315,0.2999,0
TX-106439,CUST-1495,RECIP-8653,66.53,12,1,787,1687,0,5,57.33,0,13.5,0,0,0.4724,0.1184,0
TX-106440,CUST-2253,RECIP-9269,278.74,15,6,1497,262,0,3,22.81,2,8.5,0,0,0.0313,0.1225,0
TX-106441,CUST-1411,RECIP-6397,179.09,13,4,333,515,0,3,30.75,1,998.5,1,0,0.3035,0.188,0
TX-106442,CUST-1808,RECIP-9269,37.34,21,5,2262,21,1,0,76.79,2,2594.6,0,0,0.8745,0.2269,0
TX-106443,CUST-2217,RECIP-8526,48.45,16,5,2394,28,1,0,309.72,1,15.5,0,0,0.1574,0.0405,0
TX-106444,CUST-1050,RECIP-6523,107.87,9,5,755,29,1,0,46.38,0,37.3,0,2,0.1709,0.3286,0
TX-106445,CUST-2139,RECIP-6475,91.57,15,0,452,1145,0,3,176.75,0,22.3,0,0,0.6919,0.0051,0
TX-106446,CUST-1433,RECIP-5484,215.43,5,4,1088,578,0,4,67.58,1,16.1,0,1,0.089,0.1939,0
TX-106447,CUST-2043,RECIP-9143,189.69,5,6,1935,25,1,0,85.37,2,981.7,0,0,0.0389,0.1282,0
TX-106448,CUST-1282,RECIP-5914,367.33,19,0,1578,1721,0,1,41.57,1,32.0,0,0,0.0176,0.1389,0
TX-106449,CUST-1208,RECIP-6205,27.44,13,3,126,469,0,5,131.51,0,3112.8,1,0,0.1749,0.2054,0
TX-106450,CUST-2182,RECIP-6858,14.7,1,1,50,1971,0,6,152.11,0,2.3,0,0,0.4048,0.0078,0
TX-106451,CUST-2211,RECIP-5618,89.97,8,5,611,595,0,6,27.97,1,27.3,0,0,0.0265,0.1395,0
TX-106452,CUST-2471,RECIP-8626,657.94,23,6,1893,997,0,8,52.93,0,43.8,0,0,0.1539,0.0539,0
TX-106453,CUST-2015,RECIP-8141,638.99,15,0,672,1193,0,2,90.37,2,8.1,0,0,0.2742,0.1767,0
TX-106454,CUST-1698,RECIP-5704,88.01,20,5,2239,632,0,6,146.07,0,9.3,0,0,0.1243,0.2664,0
TX-106455,CUST-1292,RECIP-5732,719.69,13,2,764,354,0,5,588.09,3,37.9,0,0,0.4412,0.2171,0
TX-106456,CUST-1442,RECIP-5098,91.73,1,6,2234,661,0,6,60.31,3,2.1,1,0,0.1109,0.2875,0
TX-106457,CUST-1972,RECIP-9272,23.61,4,0,2300,66,0,3,13.22,5,7.9,0,0,0.0643,0.2682,0
TX-106458,CUST-1519,RECIP-6961,42.18,2,1,1827,28,1,0,63.84,1,45.5,0,0,0.3427,0.0841,0
TX-106459,CUST-1725,RECIP-7949,68.36,17,5,463,562,0,3,128.57,0,7.4,0,0,0.8909,0.0878,0
TX-106460,CUST-1252,RECIP-5674,5280.61,18,5,207,919,0,4,141.94,3,17.2,0,0,0.0427,0.1842,0
TX-106461,CUST-1659,RECIP-6038,338.09,10,0,458,5,1,0,84.85,1,2137.2,0,0,0.0667,0.0543,0
TX-106462,CUST-1356,RECIP-7436,25.6,17,1,1593,449,0,5,44.13,0,7.3,0,0,0.0319,0.1309,0
TX-106463,CUST-1168,RECIP-5939,392.64,13,2,1738,29,1,0,130.68,5,1831.7,0,0,0.2428,0.252,0
TX-106464,CUST-1197,RECIP-7758,4637.26,17,0,2464,722,0,4,106.51,0,10.2,0,0,0.2382,0.3761,0
TX-106465,CUST-1777,RECIP-9157,146.76,16,5,2382,1188,0,2,118.69,1,17.9,0,0,0.1601,0.1502,0
TX-106466,CUST-1549,RECIP-6372,46.37,10,4,790,718,0,3,57.16,0,24.7,0,0,0.5047,0.1065,0
TX-106467,CUST-1149,RECIP-7735,96.92,15,5,991,847,0,3,187.28,0,37.0,1,0,0.1581,0.2514,0
TX-106468,CUST-1771,RECIP-9120,506.03,7,3,1937,542,0,0,114.48,0,3392.3,0,4,0.3033,0.1684,0
TX-106469,CUST-1246,RECIP-9021,246.56,17,4,1939,1967,0,3,91.76,2,4.0,0,0,0.0101,0.2181,0
TX-106470,CUST-1023,RECIP-5034,57.18,21,4,804,12,1,0,216.52,1,2.5,0,0,0.8271,0.0458,0
TX-106471,CUST-1198,RECIP-5496,140.29,4,4,106,772,0,2,76.12,4,3.6,1,0,0.0102,0.2184,0
TX-106472,CUST-1672,RECIP-9437,260.71,16,3,268,30,1,0,193.06,0,7.0,0,0,0.1981,0.0098,0
TX-106473,CUST-2431,RECIP-9164,14.1,2,4,2065,1918,0,6,64.44,2,19.1,0,0,0.291,0.2519,0
TX-106474,CUST-1362,RECIP-6448,25.27,9,4,890,10,1,0,42.18,0,5.5,0,0,0.0772,0.0534,0
TX-106475,CUST-1427,RECIP-7340,19.95,16,4,1816,5,1,0,97.96,1,569.4,1,0,0.0861,0.0383,0
TX-106476,CUST-1363,RECIP-7577,668.34,6,6,2008,1347,0,3,21.26,1,3.6,0,0,0.0654,0.3131,0
TX-106477,CUST-1532,RECIP-8007,653.36,5,2,2244,1398,0,5,128.66,1,3011.8,0,1,0.4749,0.1831,0
TX-106478,CUST-2075,RECIP-8376,413.07,9,6,1245,784,0,0,215.21,2,2138.6,0,2,0.2259,0.0944,0
TX-106479,CUST-1483,RECIP-6677,93.65,2,0,1604,1078,0,6,608.16,1,22.7,0,1,0.1029,0.0431,0
TX-106480,CUST-1986,RECIP-9004,183.56,15,3,513,1232,0,8,214.03,0,28.5,0,0,0.2193,0.1979,0
TX-106481,CUST-2347,RECIP-5266,109.28,3,3,2355,1654,0,3,384.81,0,21.2,0,0,0.1625,0.0578,0
TX-106482,CUST-2419,RECIP-5145,72.88,7,6,2211,1499,0,4,124.44,0,1.3,0,0,0.4924,0.0612,0
TX-106483,CUST-1844,RECIP-9310,93.83,7,0,992,688,0,1,283.55,1,9.7,0,0,0.8638,0.2918,0
TX-106484,CUST-2069,RECIP-5797,63.16,23,1,937,893,0,0,114.63,2,3.9,0,0,0.8306,0.1049,0
TX-106485,CUST-2378,RECIP-9475,22.22,23,3,1839,773,0,4,288.18,0,15.0,0,0,0.025,0.0587,0
TX-106486,CUST-2180,RECIP-6286,93.06,1,5,1052,1971,0,5,19.67,1,14.1,0,1,0.0162,0.1931,0
TX-106487,CUST-1449,RECIP-6640,37.36,3,3,1822,461,0,4,43.12,1,3.1,0,0,0.0145,0.3164,0
TX-106488,CUST-1198,RECIP-5125,50.96,17,4,253,1186,0,2,75.24,2,9.3,0,0,0.1209,0.0975,0
TX-106489,CUST-1172,RECIP-9247,149.31,7,1,693,555,0,5,192.77,1,9.5,0,0,0.1617,0.1571,0
TX-106490,CUST-2323,RECIP-6616,138.04,15,6,1957,315,0,1,171.17,1,9.2,0,0,0.089,0.1703,0
TX-106491,CUST-1834,RECIP-5754,26.48,22,5,2303,324,0,6,49.13,1,13.5,0,0,0.2003,0.1324,0
TX-106492,CUST-1444,RECIP-7175,88.96,3,0,94,99,0,5,34.36,1,6.2,0,0,0.3412,0.042,0
TX-106493,CUST-1518,RECIP-5696,24.42,23,4,1954,1710,0,4,90.1,1,1681.7,1,0,0.1955,0.3749,0
TX-106494,CUST-1422,RECIP-8553,625.4,1,0,201,1677,0,6,69.88,1,64.4,0,0,0.057,0.0587,0
TX-106495,CUST-2202,RECIP-5329,230.24,5,3,2169,62,0,1,73.37,3,15.6,0,0,0.9731,0.1576,0
TX-106496,CUST-1918,RECIP-7246,66.08,12,4,655,17,1,0,80.81,5,9.6,0,0,0.0498,0.0422,0
TX-106497,CUST-2319,RECIP-6760,414.13,21,6,925,883,0,3,83.54,1,9.1,0,0,0.1663,0.0526,0
TX-106498,CUST-1452,RECIP-5167,213.06,13,0,1801,44,1,0,205.5,0,5.6,0,0,0.5458,0.5097,0
TX-106499,CUST-1708,RECIP-5235,13.33,3,2,2107,766,0,5,194.94,2,15.2,1,0,0.1044,0.1213,0
TX-106500,CUST-1182,RECIP-7333,18.09,5,4,1053,1853,0,6,71.54,1,20.6,0,0,0.0786,0.1313,0
TX-106501,CUST-2457,RECIP-6775,19.74,18,1,807,812,0,4,74.37,0,6.8,0,0,0.1727,0.2223,0
TX-106502,CUST-1767,RECIP-5583,42.49,13,4,2450,1047,0,5,180.67,0,34.9,0,0,0.1974,0.1305,0
TX-106503,CUST-1829,RECIP-5622,107.4,0,1,2412,1696,0,3,122.06,4,6.4,0,0,0.124,0.1545,0
TX-106504,CUST-1620,RECIP-8621,8415.7,12,1,1324,14,1,0,199.75,1,13.2,0,1,0.1332,0.1206,1
TX-106505,CUST-1406,RECIP-8287,5.15,9,3,89,1652,0,6,144.92,3,5.3,0,0,0.393,0.4481,0
TX-106506,CUST-2422,RECIP-7735,570.47,0,4,2423,942,0,3,97.21,2,6.3,0,0,0.114,0.1569,0
TX-106507,CUST-1733,RECIP-8750,57.23,5,1,1559,1346,0,6,115.9,1,0.3,0,0,0.0412,0.1847,0
TX-106508,CUST-2012,RECIP-5311,95.85,22,6,1395,1919,0,4,24.03,1,21.7,0,0,0.7856,0.0254,0
TX-106509,CUST-1055,RECIP-8095,47.79,16,6,307,1396,0,4,62.14,0,3.8,0,0,0.0433,0.1147,0
TX-106510,CUST-1413,RECIP-8386,69.46,1,0,2483,8,1,0,300.33,1,2138.6,0,0,0.061,0.381,1
TX-106511,CUST-2206,RECIP-5902,30.02,0,2,1805,23,1,0,217.32,0,5.2,0,0,0.0999,0.1136,0
TX-106512,CUST-1131,RECIP-7413,329.79,8,3,567,523,0,6,82.24,2,14.7,0,0,0.3801,0.135,0
TX-106513,CUST-1152,RECIP-8450,21.06,11,3,928,806,0,3,43.25,1,49.1,0,0,0.7964,0.2845,0
TX-106514,CUST-2214,RECIP-7715,75.17,10,1,878,1315,0,0,162.95,0,6.3,0,0,0.2241,0.2177,0
TX-106515,CUST-1463,RECIP-6122,1242.4,16,3,2180,28,1,0,23.31,0,28.3,0,1,0.1055,0.0971,0
TX-106516,CUST-1410,RECIP-7991,212.89,4,6,1204,1714,0,3,142.5,3,2298.7,0,1,0.2372,0.2261,0
TX-106517,CUST-1847,RECIP-8417,165.83,1,2,2185,534,0,4,103.27,2,1.9,0,2,0.0705,0.294,0
TX-106518,CUST-1292,RECIP-5043,365.2,16,1,1729,1302,0,6,81.05,1,30.5,0,0,0.6556,0.094,0
TX-106519,CUST-1064,RECIP-7553,126.91,21,5,939,521,0,1,219.8,4,2124.3,1,0,0.1523,0.1621,0
TX-106520,CUST-1006,RECIP-7270,54.46,4,3,1032,1208,0,2,195.97,1,10.5,1,1,0.6543,0.0545,0
TX-106521,CUST-1118,RECIP-6650,215.92,8,4,2030,1873,0,3,177.44,0,40.6,0,0,0.2716,0.1648,0
TX-106522,CUST-1237,RECIP-5199,384.86,15,4,1263,1945,0,5,319.97,1,626.8,0,0,0.0279,0.1964,0
TX-106523,CUST-2044,RECIP-5375,39.92,3,5,1712,1535,0,1,65.64,2,2.0,0,0,0.0289,0.2005,0
TX-106524,CUST-1446,RECIP-8375,53.95,20,5,333,1291,0,5,66.6,0,35.1,0,0,0.0065,0.2643,0
TX-106525,CUST-1107,RECIP-8723,626.49,5,4,1083,938,0,4,104.58,0,0.7,0,0,0.3369,0.0855,0
TX-106526,CUST-1021,RECIP-6886,2457.26,12,3,1454,669,0,2,385.14,2,18.4,1,0,0.1694,0.0759,0
TX-106527,CUST-1715,RECIP-9228,237.42,8,3,877,135,0,3,28.99,2,8.9,0,0,0.0782,0.0517,0
TX-106528,CUST-2260,RECIP-9174,181.11,16,1,2124,44,1,0,66.89,1,9.8,0,0,0.0069,0.3859,0
TX-106529,CUST-1508,RECIP-7996,30.99,4,3,549,1501,0,3,62.58,0,18.7,0,0,0.759,0.1579,0
TX-106530,CUST-1095,RECIP-7614,719.82,2,4,2128,1681,0,2,144.29,0,33.6,0,0,0.0902,0.0947,0
TX-106531,CUST-1342,RECIP-9340,36.17,12,5,186,2,1,0,42.17,1,52.8,0,0,0.4145,0.0632,0
TX-106532,CUST-1749,RECIP-7744,120.47,20,5,1085,413,0,5,104.61,2,11.7,0,0,0.0768,0.1531,0
TX-106533,CUST-1283,RECIP-9203,73.82,15,2,1307,1857,0,5,359.31,1,39.5,0,0,0.25,0.0465,0
TX-106534,CUST-2467,RECIP-9405,28.2,18,5,656,19,1,0,39.37,2,13.4,0,0,0.1166,0.0616,0
TX-106535,CUST-2145,RECIP-5875,117.63,10,3,1363,9,1,0,52.1,1,3.4,0,0,0.4371,0.5336,1
TX-106536,CUST-1516,RECIP-7973,1030.24,3,2,2255,1506,0,5,109.4,0,15.6,0,0,0.1664,0.5855,0
TX-106537,CUST-2427,RECIP-8290,194.86,10,1,1126,1316,0,3,197.82,1,10.3,0,1,0.1529,0.019,0
TX-106538,CUST-1487,RECIP-8690,86.39,23,1,1361,2,1,0,114.68,1,406.9,0,3,0.1545,0.1536,0
TX-106539,CUST-1210,RECIP-6571,116.26,18,4,2377,25,1,0,204.15,0,14.7,0,0,0.2597,0.3675,0
TX-106540,CUST-2407,RECIP-8877,657.43,16,1,2311,1031,0,6,201.99,1,51.0,0,0,0.3049,0.0149,0
TX-106541,CUST-2439,RECIP-7193,73.49,7,0,63,226,0,3,42.51,0,21.1,0,0,0.2523,0.0888,0
TX-106542,CUST-1468,RECIP-6740,14.76,14,1,1823,1276,0,1,89.45,1,26.5,0,1,0.523,0.1159,0
TX-106543,CUST-1892,RECIP-5706,2547.8,14,6,2130,574,0,7,22.11,2,10.6,1,0,0.191,0.0134,0
TX-106544,CUST-1259,RECIP-6445,233.64,15,1,2357,12,1,0,147.78,4,8.2,0,0,0.2986,0.0953,0
TX-106545,CUST-1962,RECIP-9386,19.22,21,1,2008,23,1,0,491.61,2,2580.8,0,0,0.1313,0.1398,0
TX-106546,CUST-2035,RECIP-8222,227.63,16,2,234,17,1,0,63.91,1,3.0,0,2,0.3196,0.1418,0
TX-106547,CUST-2064,RECIP-8267,51.63,5,2,1904,1831,0,3,78.52,0,8.3,1,0,0.1126,0.1451,0
TX-106548,CUST-1853,RECIP-9030,32.5,5,6,2115,35,1,0,58.71,0,28.0,0,0,0.0981,0.0423,0
TX-106549,CUST-2056,RECIP-6201,61.07,14,1,1326,1749,0,2,304.23,1,29.9,1,0,0.1025,0.1712,0
TX-106550,CUST-1832,RECIP-7976,779.5,20,2,81,1560,0,1,161.18,0,46.5,0,0,0.0602,0.0724,0
TX-106551,CUST-2229,RECIP-6671,80.79,22,2,500,43,1,0,79.63,1,19.8,0,0,0.1751,0.084,0
TX-106552,CUST-1269,RECIP-8815,364.28,14,1,709,1163,0,4,35.54,0,9.1,0,0,0.0193,0.0974,0
TX-106553,CUST-1725,RECIP-6901,901.49,12,2,2161,770,0,1,80.63,4,21.8,0,0,0.4706,0.0696,0
TX-106554,CUST-1624,RECIP-8846,22.63,19,1,340,523,0,6,44.83,3,1126.7,1,0,0.3668,0.2155,0
TX-106555,CUST-1800,RECIP-8363,101.52,23,5,1869,662,0,4,92.0,0,4.1,0,0,0.419,0.2875,0
TX-106556,CUST-1213,RECIP-8473,300.38,0,5,472,722,0,3,110.86,1,10.2,1,0,0.149,0.0874,0
TX-106557,CUST-1485,RECIP-9165,350.37,7,1,2087,1088,0,3,52.18,1,8.2,0,0,0.0144,0.222,0
TX-106558,CUST-2431,RECIP-8557,18.27,8,3,57,1185,0,3,74.25,1,0.2,0,0,0.1653,0.2228,0
TX-106559,CUST-1157,RECIP-6446,90.18,13,1,612,12,1,0,207.99,2,19.6,0,0,0.4278,0.0595,0
TX-106560,CUST-1952,RECIP-7346,247.04,7,6,281,1168,0,6,61.92,2,3.4,0,0,0.1005,0.1062,0
TX-106561,CUST-1996,RECIP-7126,35.82,7,0,1399,1579,0,7,326.28,2,6.1,0,2,0.467,0.1321,0
TX-106562,CUST-1711,RECIP-5290,45.43,0,2,1959,1845,0,1,147.12,2,5.4,0,0,0.5839,0.205,0
TX-106563,CUST-1050,RECIP-7669,251.3,0,2,1057,1779,0,6,129.28,2,254.3,0,0,0.0695,0.0651,0
TX-106564,CUST-1051,RECIP-6968,53.59,10,2,1347,852,0,2,142.25,1,7.5,0,0,0.0975,0.0167,0
TX-106565,CUST-1413,RECIP-6770,175.24,23,6,1609,1072,0,3,18.74,2,42.2,0,1,0.2192,0.0294,0
TX-106566,CUST-1153,RECIP-5493,588.2,7,3,1153,8,1,0,201.29,3,1.8,0,0,0.0616,0.1129,0
TX-106567,CUST-1141,RECIP-7268,1425.44,5,2,1888,1336,0,4,239.79,0,4.9,1,0,0.0955,0.0022,0
TX-106568,CUST-1240,RECIP-7605,61.72,6,5,731,28,1,0,150.09,2,13.7,0,0,0.5359,0.2177,1
TX-106569,CUST-1286,RECIP-5475,186.1,23,5,459,1910,0,0,35.16,2,4.6,0,0,0.8103,0.1238,0
TX-106570,CUST-2257,RECIP-7857,145.35,15,1,492,1548,0,4,140.25,2,41.5,0,0,0.0708,0.1987,0
TX-106571,CUST-1958,RECIP-5754,52.42,15,3,459,29,1,0,45.86,1,0.3,0,0,0.1364,0.0145,0
TX-106572,CUST-1045,RECIP-5652,100.35,4,2,123,1979,0,6,169.88,2,1183.1,0,1,0.3902,0.1065,0
TX-106573,CUST-1942,RECIP-6804,214.27,21,3,137,384,0,7,157.54,2,9.3,0,0,0.1545,0.2005,0
TX-106574,CUST-1205,RECIP-6750,121.04,4,2,160,12,1,0,75.65,3,1897.9,0,0,0.066,0.014,0
TX-106575,CUST-1631,RECIP-9117,34.17,23,5,418,694,0,5,120.26,0,14.5,0,2,0.1247,0.1121,0
TX-106576,CUST-1057,RECIP-5304,221.86,22,6,1596,1636,0,2,125.24,1,17.3,0,0,0.1014,0.0261,0
TX-106577,CUST-1135,RECIP-6572,72.1,13,0,623,23,1,0,260.12,0,279.8,0,0,0.0364,0.212,0
TX-106578,CUST-1198,RECIP-8305,63.8,20,5,1473,1138,0,4,143.63,2,18.4,0,0,0.2263,0.0712,0
TX-106579,CUST-1650,RECIP-6124,15.04,23,6,209,39,1,0,48.2,0,61.8,0,0,0.2537,0.1262,0
TX-106580,CUST-1694,RECIP-9417,400.75,13,2,2007,19,1,0,26.63,0,691.6,0,0,0.8399,0.348,1
TX-106581,CUST-1529,RECIP-8342,164.7,18,3,908,1014,0,6,280.74,1,2.6,0,0,0.1808,0.0962,0
TX-106582,CUST-1930,RECIP-9257,58.8,14,0,1119,24,1,0,37.24,4,13.1,0,0,0.8051,0.0332,1
TX-106583,CUST-2080,RECIP-9271,180.91,12,2,1697,1492,0,5,41.92,1,54.0,0,0,0.6799,0.1616,0
TX-106584,CUST-2093,RECIP-5491,308.41,8,1,2493,996,0,6,70.76,2,7.5,0,0,0.2232,0.208,0
TX-106585,CUST-1868,RECIP-7066,239.02,15,6,1988,15,1,0,71.7,3,7.7,0,1,0.0857,0.2272,0
TX-106586,CUST-1818,RECIP-8350,62.13,6,0,1021,967,0,4,30.65,2,16.1,0,0,0.0422,0.0443,0
TX-106587,CUST-1737,RECIP-5038,31.74,4,2,884,680,0,2,104.58,0,30.4,0,1,0.8835,0.4427,0
TX-106588,CUST-1356,RECIP-7034,48.81,6,3,866,552,0,5,39.19,1,2232.0,0,0,0.7392,0.0401,0
TX-106589,CUST-1730,RECIP-8096,133.6,0,6,237,712,0,2,133.92,1,7.8,0,0,0.9656,0.0932,0
TX-106590,CUST-1015,RECIP-8567,21.75,22,5,864,505,0,5,144.01,0,3.6,0,0,0.1649,0.1676,0
TX-106591,CUST-2449,RECIP-6867,655.38,6,6,1905,43,1,0,227.75,2,40.7,0,0,0.4301,0.1125,0
TX-106592,CUST-1555,RECIP-8883,129.08,19,2,712,19,1,0,140.39,0,38.4,0,0,0.0859,0.1646,0
TX-106593,CUST-2134,RECIP-8031,294.19,10,1,996,417,0,4,161.99,1,10.7,0,0,0.0887,0.1507,0
TX-106594,CUST-2435,RECIP-5204,322.84,8,3,200,24,1,0,32.88,5,25.3,0,0,0.0042,0.1768,0
TX-106595,CUST-1745,RECIP-6249,107.35,5,2,651,126,0,2,53.69,1,11.1,0,0,0.3684,0.0821,0
TX-106596,CUST-2292,RECIP-9220,47.44,19,0,199,871,0,2,88.73,0,17.4,0,0,0.0907,0.0277,0
TX-106597,CUST-1718,RECIP-5010,12.35,12,5,1192,1270,0,0,189.53,2,3.8,0,0,0.2613,0.1368,0
TX-106598,CUST-1198,RECIP-5486,175.39,10,0,763,44,1,0,95.93,2,10.0,0,0,0.1725,0.0327,0
TX-106599,CUST-1039,RECIP-6550,362.85,15,1,2425,1082,0,5,81.07,6,0.1,0,0,0.3092,0.0941,0
TX-106600,CUST-1203,RECIP-9472,1238.41,19,6,1486,711,0,3,154.33,0,6.4,0,0,0.0713,0.0046,0
TX-106601,CUST-2413,RECIP-8171,125.19,15,5,950,13,1,0,23.63,0,33.7,1,0,0.181,0.2636,0
TX-106602,CUST-1712,RECIP-5664,57.22,11,4,1357,521,0,6,46.2,0,2.3,0,0,0.8094,0.0923,0
TX-106603,CUST-1478,RECIP-6769,244.01,21,0,2399,13,1,0,113.69,2,10.2,1,0,0.0964,0.2221,0
TX-106604,CUST-1669,RECIP-9227,41.43,21,1,475,1772,0,6,102.08,0,5.4,0,2,0.0778,0.0105,1
TX-106605,CUST-1383,RECIP-5986,47.2,23,1,655,882,0,2,141.75,0,32.8,0,1,0.4279,0.2081,0
TX-106606,CUST-2305,RECIP-7589,83.3,2,4,1377,31,1,0,121.37,4,21.4,0,0,0.2727,0.043,0
TX-106607,CUST-2499,RECIP-7088,32.81,21,3,290,1,1,0,134.02,2,25.2,0,0,0.0924,0.148,0
TX-106608,CUST-1127,RECIP-8422,34.24,4,2,1313,647,0,3,64.32,0,20.3,0,0,0.0231,0.1509,0
TX-106609,CUST-2078,RECIP-8385,482.5,14,5,418,1361,0,4,270.6,2,17.0,0,0,0.4506,0.1653,0
TX-106610,CUST-1503,RECIP-8749,34.36,15,5,2164,850,0,4,45.03,1,15.2,1,0,0.8031,0.0766,0
TX-106611,CUST-1071,RECIP-5537,169.76,4,5,1941,159,0,1,83.16,2,2.6,0,0,0.0792,0.2654,0
TX-106612,CUST-2383,RECIP-7042,35.9,0,0,150,808,0,2,101.91,0,10.6,0,4,0.2408,0.1863,0
TX-106613,CUST-1092,RECIP-8112,76.38,22,4,1357,394,0,4,160.45,2,424.3,1,0,0.0695,0.1233,0
TX-106614,CUST-1308,RECIP-6885,133.43,21,1,548,25,1,0,49.45,0,19.0,0,0,0.1078,0.4092,0
TX-106615,CUST-1038,RECIP-8003,102.24,4,1,1467,958,0,4,93.43,0,1.7,0,0,0.2343,0.0331,0
TX-106616,CUST-1706,RECIP-7860,35.84,14,6,1375,23,1,0,217.25,0,5.0,0,0,0.0743,0.0972,0
TX-106617,CUST-1899,RECIP-6668,240.46,3,2,2420,393,0,6,99.11,2,10.9,0,0,0.1012,0.0464,0
TX-106618,CUST-1481,RECIP-5450,103.21,13,5,468,21,1,0,112.59,2,3.4,0,0,0.1471,0.1945,0
TX-106619,CUST-1107,RECIP-9366,13.82,7,1,1276,286,0,4,74.65,3,0.8,0,0,0.2126,0.398,0
TX-106620,CUST-1174,RECIP-8716,245.55,18,6,2414,40,1,0,99.65,2,7.3,0,0,0.2453,0.1491,0
TX-106621,CUST-2400,RECIP-9026,97.73,13,1,319,13,1,0,97.33,1,1.4,0,0,0.8236,0.1218,1
TX-106622,CUST-2208,RECIP-6349,75.48,11,1,657,943,0,7,135.37,3,7.6,0,0,0.0288,0.3065,0
TX-106623,CUST-2405,RECIP-6422,119.67,16,2,1804,887,0,3,39.46,1,1.3,0,0,0.0489,0.0313,0
TX-106624,CUST-1796,RECIP-6455,14.15,11,1,297,1975,0,4,89.73,1,18.5,0,0,0.7997,0.2564,0
TX-106625,CUST-1819,RECIP-5139,485.48,0,4,543,1708,0,8,110.48,0,31.9,0,0,0.025,0.1508,0
TX-106626,CUST-2178,RECIP-5763,109.49,14,1,2394,166,0,2,181.28,1,12.2,1,2,0.2164,0.1132,0
TX-106627,CUST-1924,RECIP-6387,30.02,18,1,1466,1214,0,4,164.29,1,2634.5,0,0,0.0298,0.0525,0
TX-106628,CUST-1654,RECIP-9443,194.23,11,4,168,35,1,0,283.4,1,1.6,1,0,0.0581,0.0355,0
TX-106629,CUST-1437,RECIP-5921,22.07,4,0,2140,1863,0,2,101.22,3,25.0,0,0,0.1815,0.37,0
TX-106630,CUST-1728,RECIP-7285,75.43,0,3,1323,722,0,2,37.46,0,29.7,0,0,0.245,0.065,0
TX-106631,CUST-1095,RECIP-7462,405.03,7,4,1208,25,1,0,94.09,0,13.3,0,0,0.2306,0.3538,0
TX-106632,CUST-1288,RECIP-6619,34.61,18,3,2481,40,1,0,29.52,1,12.2,0,0,0.0664,0.0432,0
TX-106633,CUST-2106,RECIP-9134,91.21,7,0,806,976,0,3,29.36,2,17.8,0,0,0.7425,0.0277,0
TX-106634,CUST-2302,RECIP-5419,32.85,22,1,965,1236,0,2,61.73,0,6.5,0,0,0.1339,0.1052,0
TX-106635,CUST-1152,RECIP-8916,16.44,7,6,1451,664,0,2,118.56,1,50.6,0,2,0.5117,0.3446,0
TX-106636,CUST-1145,RECIP-8346,176.9,10,5,626,15,1,0,44.51,1,12.2,0,0,0.1007,0.0811,0
TX-106637,CUST-1128,RECIP-6376,85.07,18,2,343,218,0,3,269.83,3,27.4,0,0,0.2587,0.4554,0
TX-106638,CUST-2187,RECIP-8454,999.89,14,6,371,1954,0,2,117.44,0,0.8,0,2,0.1839,0.0119,0
TX-106639,CUST-1466,RECIP-6928,124.73,0,0,789,393,0,3,252.09,1,19.4,0,0,0.191,0.0854,0
TX-106640,CUST-1490,RECIP-9367,35.95,1,0,226,7,1,0,366.67,1,18.8,0,0,0.2545,0.4494,0
TX-106641,CUST-1018,RECIP-5164,23.8,4,6,1275,191,0,2,208.49,1,28.6,0,0,0.0346,0.0555,0
TX-106642,CUST-2458,RECIP-5133,110.23,20,4,2484,247,0,2,69.35,1,7.2,0,0,0.6685,0.1348,0
TX-106643,CUST-1651,RECIP-7448,458.47,0,4,657,27,1,0,45.23,0,28.5,0,0,0.7562,0.2733,1
TX-106644,CUST-2196,RECIP-9191,127.74,1,2,130,1585,0,2,48.9,2,21.7,0,0,0.295,0.1504,0
TX-106645,CUST-2061,RECIP-5285,19.0,18,5,126,1,1,0,110.28,0,24.9,0,0,0.0066,0.0661,0
TX-106646,CUST-1212,RECIP-8500,2281.74,14,4,440,169,0,1,71.42,2,3131.0,0,0,0.186,0.1488,1
TX-106647,CUST-2202,RECIP-9223,23.12,23,3,1475,121,0,2,45.7,1,14.6,0,0,0.3735,0.1883,0
TX-106648,CUST-1825,RECIP-7188,12.0,5,2,1192,1873,0,3,155.1,0,50.8,0,0,0.0693,0.1093,0
TX-106649,CUST-1906,RECIP-8901,623.8,15,2,1021,1519,0,6,145.76,0,7.2,1,1,0.3825,0.0998,0
TX-106650,CUST-1300,RECIP-8406,36.8,3,4,1894,11,1,0,49.81,3,0.5,0,0,0.0309,0.2818,0
TX-106651,CUST-2270,RECIP-5963,52.21,14,4,994,554,0,4,65.41,2,9.4,0,0,0.0455,0.2694,0
TX-106652,CUST-2397,RECIP-8843,322.39,2,5,1551,1421,0,3,32.92,0,27.7,0,0,0.0457,0.0294,0
TX-106653,CUST-1609,RECIP-8147,563.84,21,2,2492,26,1,0,105.85,0,56.1,0,0,0.2617,0.5287,0
TX-106654,CUST-1138,RECIP-5056,73.72,9,1,448,1336,0,1,70.59,1,18.5,0,0,0.5178,0.0347,0
TX-106655,CUST-2273,RECIP-7556,203.44,6,3,306,3,1,0,207.36,3,23.8,0,0,0.495,0.1518,0
TX-106656,CUST-2331,RECIP-7944,660.56,23,4,567,35,1,0,97.97,1,3.4,0,0,0.8984,0.3096,1
TX-106657,CUST-1759,RECIP-8606,24.56,1,1,410,649,0,3,55.81,1,2.6,0,0,0.1362,0.1081,0
TX-106658,CUST-1868,RECIP-8470,123.8,19,0,2078,15,1,0,99.97,1,16.4,0,0,0.1333,0.5338,0
TX-106659,CUST-1334,RECIP-7140,58.93,12,2,2194,26,1,0,78.9,1,16.0,0,0,0.328,0.0234,0
TX-106660,CUST-1101,RECIP-6345,23.81,16,0,1412,5,1,0,55.53,5,4.2,0,2,0.0503,0.1983,0
TX-106661,CUST-2416,RECIP-5862,250.54,6,0,351,1986,0,3,87.69,2,6.6,1,1,0.084,0.0409,0
TX-106662,CUST-1724,RECIP-5400,335.66,21,6,2132,29,1,0,36.2,2,0.6,1,0,0.177,0.2769,1
TX-106663,CUST-1412,RECIP-7879,182.06,10,5,2296,1650,0,6,108.76,1,27.3,0,1,0.4193,0.0549,0
TX-106664,CUST-2039,RECIP-9318,169.58,10,0,1036,4,1,0,115.17,1,19.0,1,0,0.0399,0.0292,0
TX-106665,CUST-1039,RECIP-5361,66.47,10,2,1689,1857,0,4,216.75,0,25.0,1,1,0.0301,0.2992,0
TX-106666,CUST-1119,RECIP-8162,128.08,7,1,1532,599,0,4,110.11,2,43.4,0,2,0.1111,0.255,0
TX-106667,CUST-1364,RECIP-7630,166.67,7,6,1334,93,0,7,46.29,0,36.7,0,0,0.1555,0.1381,0
TX-106668,CUST-1675,RECIP-5773,1186.56,3,3,902,958,0,4,9.73,3,11.5,0,0,0.2367,0.1611,0
TX-106669,CUST-1550,RECIP-5957,15.24,11,1,717,1220,0,6,42.6,3,7.5,0,0,0.1572,0.3089,0
TX-106670,CUST-1281,RECIP-6280,46.08,11,4,710,805,0,2,124.19,1,2842.9,0,0,0.1654,0.1528,0
TX-106671,CUST-1527,RECIP-8082,72.92,9,3,917,577,0,2,244.02,1,27.1,0,0,0.055,0.1096,0
TX-106672,CUST-1500,RECIP-6343,613.32,23,1,1907,9,1,0,105.08,2,6.5,0,0,0.2951,0.0186,1
TX-106673,CUST-1787,RECIP-8726,462.82,2,2,2070,786,0,6,52.79,1,7.6,0,2,0.3805,0.0871,0
TX-106674,CUST-1844,RECIP-6663,277.17,21,0,309,1418,0,4,117.25,0,1.0,1,0,0.1598,0.1562,0
TX-106675,CUST-2324,RECIP-5492,65.29,20,4,172,236,0,1,16.0,0,26.0,0,0,0.4491,0.1305,0
TX-106676,CUST-2210,RECIP-5429,182.81,0,6,1211,29,1,0,101.04,1,5.5,0,0,0.1369,0.2475,0
TX-106677,CUST-1438,RECIP-6801,79.37,16,5,1928,1511,0,3,153.97,3,981.8,0,1,0.0067,0.0749,0
TX-106678,CUST-2354,RECIP-6835,119.23,5,2,1415,386,0,2,54.48,1,3002.5,0,0,0.7283,0.0373,0
TX-106679,CUST-1781,RECIP-8300,280.35,0,3,2074,1079,0,3,205.65,0,2169.1,0,0,0.5447,0.0535,0
TX-106680,CUST-1281,RECIP-7153,5.0,20,0,1792,1514,0,2,285.06,0,0.2,0,0,0.3908,0.0714,0
TX-106681,CUST-1510,RECIP-5736,66.93,2,2,1773,20,1,0,151.28,0,4.1,0,0,0.4355,0.1528,1
TX-106682,CUST-2112,RECIP-5959,30.78,7,0,1360,18,1,0,131.32,0,14.0,1,0,0.098,0.0319,1
TX-106683,CUST-2232,RECIP-7549,34.14,2,5,164,15,1,0,7.32,0,7.6,0,0,0.2216,0.0902,0
TX-106684,CUST-1561,RECIP-6503,45.91,3,6,474,175,0,3,124.55,1,1.4,1,0,0.7618,0.2063,0
TX-106685,CUST-1236,RECIP-8023,11.5,1,1,1864,1994,0,4,204.95,1,14.6,0,0,0.7625,0.3565,0
TX-106686,CUST-1287,RECIP-9153,369.39,20,4,792,270,0,4,90.59,1,1.6,0,0,0.7247,0.0419,0
TX-106687,CUST-1155,RECIP-6596,1492.2,1,4,1816,736,0,4,183.26,2,35.0,0,0,0.0589,0.2162,0
TX-106688,CUST-2048,RECIP-7483,1019.38,18,2,868,1721,0,6,110.4,0,4.2,0,0,0.197,0.2065,0
TX-106689,CUST-1754,RECIP-8743,533.32,3,5,62,1905,0,4,102.78,1,9.9,0,0,0.0653,0.3215,0
TX-106690,CUST-1676,RECIP-5946,43.84,21,4,1700,975,0,3,142.82,2,16.0,0,0,0.121,0.1194,0
TX-106691,CUST-2007,RECIP-7297,389.99,20,1,2233,1372,0,2,86.39,1,41.1,1,0,0.0099,0.4644,1
TX-106692,CUST-2242,RECIP-6373,54.18,15,5,1131,1053,0,4,56.04,0,21.1,0,0,0.057,0.2339,0
TX-106693,CUST-2193,RECIP-7821,48.02,19,4,356,15,1,0,82.21,1,27.3,0,0,0.1306,0.1244,0
TX-106694,CUST-1205,RECIP-8343,107.84,7,2,1053,1012,0,4,76.32,3,10.5,0,0,0.2605,0.2462,0
TX-106695,CUST-1884,RECIP-5633,663.6,18,5,2403,1577,0,4,132.33,2,19.5,0,0,0.5029,0.2842,0
TX-106696,CUST-2323,RECIP-5843,322.02,5,4,816,4,1,0,50.87,2,1.9,0,0,0.0983,0.3684,1
TX-106697,CUST-2160,RECIP-5104,454.45,14,0,204,1147,0,5,237.68,0,1.9,1,0,0.1202,0.0726,0
TX-106698,CUST-1494,RECIP-5054,18.77,22,1,1926,43,1,0,126.74,0,10.9,1,1,0.2786,0.4237,0
TX-106699,CUST-1589,RECIP-5228,26.96,17,2,617,36,1,0,244.32,3,42.3,1,0,0.1672,0.0491,0
TX-106700,CUST-2335,RECIP-8180,52.84,6,0,122,7,1,0,82.33,3,21.5,0,0,0.043,0.4233,0
TX-106701,CUST-1049,RECIP-9067,461.06,17,2,1734,423,0,7,36.83,0,48.9,0,2,0.4063,0.1676,0
TX-106702,CUST-1788,RECIP-6843,194.15,21,3,865,180,0,2,39.5,1,66.6,1,0,0.0859,0.1751,0
TX-106703,CUST-1174,RECIP-8971,12.68,21,5,368,1,1,0,61.16,1,14.5,0,1,0.1181,0.2299,1
TX-106704,CUST-2341,RECIP-8283,66.5,17,1,163,1569,0,4,44.93,3,2.2,0,1,0.915,0.1776,0
TX-106705,CUST-1058,RECIP-8634,43.16,17,3,486,39,1,0,30.69,2,6.6,0,1,0.0089,0.116,0
TX-106706,CUST-1035,RECIP-8329,77.7,18,4,399,949,0,4,114.45,3,24.7,0,0,0.2899,0.2278,0
TX-106707,CUST-1493,RECIP-5898,1097.2,17,3,57,1177,0,4,128.16,1,4.1,0,0,0.3003,0.2686,0
TX-106708,CUST-1300,RECIP-7355,72.97,3,6,945,3,1,0,84.04,1,2.3,0,1,0.1077,0.2048,0
TX-106709,CUST-1743,RECIP-7364,58.22,19,2,2071,39,1,0,284.86,0,31.0,0,0,0.0087,0.012,0
TX-106710,CUST-1449,RECIP-7887,24.73,4,2,1007,223,0,3,97.43,1,6.0,0,0,0.1104,0.1222,0
TX-106711,CUST-1534,RECIP-8582,226.93,13,0,122,720,0,3,77.7,3,23.5,0,0,0.4954,0.3393,0
TX-106712,CUST-1847,RECIP-5506,78.65,8,2,2207,850,0,6,79.64,3,8.1,0,0,0.3612,0.0151,0
TX-106713,CUST-1840,RECIP-8036,35.07,5,0,1592,2,1,0,174.55,0,39.8,0,0,0.0147,0.0731,0
TX-106714,CUST-2402,RECIP-8748,1196.82,6,6,2411,20,1,0,35.78,0,13.2,0,0,0.2533,0.1092,1
TX-106715,CUST-1720,RECIP-5519,60.43,2,1,1468,42,1,0,25.15,1,29.9,1,0,0.1364,0.1323,0
TX-106716,CUST-1846,RECIP-6867,71.56,10,5,1208,902,0,1,116.67,1,9.9,0,0,0.4769,0.1176,0
TX-106717,CUST-2016,RECIP-9029,29.17,10,0,1292,836,0,6,116.56,0,17.3,0,1,0.8815,0.0434,0
TX-106718,CUST-1261,RECIP-5109,10.79,9,1,46,1158,0,2,154.99,0,3.0,0,1,0.0075,0.2527,0
TX-106719,CUST-2000,RECIP-5723,219.02,2,0,956,793,0,8,97.57,0,41.4,0,1,0.112,0.1951,0
TX-106720,CUST-2292,RECIP-8617,140.38,14,2,1121,19,1,0,372.25,1,3.9,1,1,0.1229,0.1449,0
TX-106721,CUST-1477,RECIP-5773,125.74,4,4,769,1614,0,5,184.59,0,376.0,0,0,0.1317,0.0821,0
TX-106722,CUST-1267,RECIP-8158,76.78,20,2,2097,417,0,1,17.72,0,12.5,0,0,0.2362,0.3165,0
TX-106723,CUST-1519,RECIP-9054,48.19,0,4,2393,21,1,0,35.55,1,3099.6,0,0,0.1446,0.0463,0
TX-106724,CUST-1412,RECIP-7243,99.81,1,5,1211,946,0,2,24.5,1,22.9,0,1,0.1331,0.4343,0
TX-106725,CUST-1877,RECIP-7180,189.6,7,0,1969,442,0,3,105.49,3,9.2,0,0,0.1276,0.3449,0
TX-106726,CUST-2295,RECIP-6929,137.34,9,2,581,3,1,0,114.79,1,36.9,0,0,0.1455,0.2358,1
TX-106727,CUST-1894,RECIP-6678,41.23,23,4,2309,863,0,2,358.48,3,887.8,0,0,0.0105,0.1724,0
TX-106728,CUST-1188,RECIP-6710,259.27,12,3,1767,28,1,0,57.14,0,29.3,0,0,0.0803,0.0968,0
TX-106729,CUST-1472,RECIP-7491,95.49,9,1,1842,1,1,0,50.73,0,315.1,0,0,0.1818,0.0317,0
TX-106730,CUST-2033,RECIP-9029,93.27,20,1,1499,855,0,2,120.28,1,1.8,0,1,0.2976,0.0433,0
TX-106731,CUST-1495,RECIP-9416,48.96,5,2,2077,536,0,3,45.93,1,987.7,0,4,0.1372,0.4604,0
TX-106732,CUST-1879,RECIP-8896,54.14,21,4,1349,38,1,0,82.21,0,13.6,1,0,0.1139,0.0567,0
TX-106733,CUST-2041,RECIP-5538,112.94,9,6,2411,839,0,2,198.83,0,4.9,0,1,0.0231,0.1281,0
TX-106734,CUST-1493,RECIP-6380,20.72,7,2,1666,34,1,0,178.12,1,16.2,1,0,0.6933,0.2857,0
TX-106735,CUST-1971,RECIP-8406,57.16,7,3,1150,168,0,3,221.06,1,1229.4,0,1,0.1901,0.5755,0
TX-106736,CUST-1597,RECIP-7454,49.91,0,2,544,775,0,3,37.37,2,43.3,1,1,0.282,0.4104,0
TX-106737,CUST-1202,RECIP-6504,71.68,16,0,2270,139,0,4,151.16,1,18.1,0,2,0.852,0.4156,0
TX-106738,CUST-1558,RECIP-6400,121.87,13,2,168,607,0,6,100.19,0,29.9,0,0,0.4037,0.2323,0
TX-106739,CUST-1661,RECIP-5526,151.25,15,2,136,1585,0,2,587.74,0,11.3,0,0,0.0113,0.1543,0
TX-106740,CUST-1003,RECIP-6495,574.66,15,1,106,12,1,0,170.66,0,5.7,1,0,0.4531,0.1305,1
TX-106741,CUST-2339,RECIP-6898,709.38,0,4,296,717,0,4,100.07,0,57.6,0,0,0.0195,0.1477,0
TX-106742,CUST-1791,RECIP-6871,168.96,21,1,640,1,1,0,215.18,0,595.5,0,0,0.1312,0.2189,0
TX-106743,CUST-1054,RECIP-7469,253.33,12,1,1241,1432,0,5,154.01,4,1.9,0,0,0.1987,0.1834,0
TX-106744,CUST-2301,RECIP-6228,674.02,16,2,713,1576,0,3,176.09,0,0.7,0,0,0.4183,0.2091,0
TX-106745,CUST-2282,RECIP-5926,107.71,0,6,1151,220,0,7,146.08,1,1.1,0,0,0.2992,0.0588,0
TX-106746,CUST-1018,RECIP-8993,33.35,18,4,1136,636,0,2,75.09,0,6.9,0,0,0.199,0.069,0
TX-106747,CUST-1244,RECIP-6823,22.57,16,2,1112,1361,0,3,74.61,0,15.1,1,0,0.0036,0.0278,0
TX-106748,CUST-1545,RECIP-6146,148.19,8,5,176,632,0,6,168.69,3,821.8,0,0,0.1368,0.1378,0
TX-106749,CUST-1760,RECIP-7860,61.32,22,0,1356,1327,0,5,62.52,1,4.6,0,0,0.3748,0.0131,0
TX-106750,CUST-2088,RECIP-7440,545.67,15,2,770,1802,0,3,113.99,3,11.3,0,0,0.0315,0.2331,0
TX-106751,CUST-1636,RECIP-7594,41.01,21,3,1359,35,1,0,145.99,0,1.6,0,1,0.8367,0.1164,0
TX-106752,CUST-1917,RECIP-5996,29.82,19,3,179,23,1,0,65.23,1,4.8,0,0,0.1195,0.2538,0
TX-106753,CUST-1015,RECIP-8254,27.94,4,4,2180,456,0,6,140.14,4,0.4,0,2,0.0324,0.1565,0
TX-106754,CUST-1987,RECIP-5865,1189.07,23,4,1814,41,1,0,102.4,1,1.6,0,0,0.4239,0.206,0
TX-106755,CUST-2373,RECIP-8763,526.26,17,3,884,1129,0,4,75.32,0,15.3,0,0,0.1363,0.0846,0
TX-106756,CUST-1789,RECIP-6908,29.6,4,6,918,1505,0,2,178.85,2,8.8,0,0,0.413,0.2452,0
TX-106757,CUST-1682,RECIP-6841,62.51,19,6,811,1808,0,10,38.98,2,1519.0,0,0,0.0104,0.166,0
TX-106758,CUST-1445,RECIP-6748,58.73,10,3,2478,1697,0,2,38.82,1,34.2,0,3,0.1262,0.0745,0
TX-106759,CUST-2431,RECIP-6903,13.12,20,6,1763,486,0,6,103.76,2,2.1,0,0,0.2609,0.4018,0
TX-106760,CUST-1049,RECIP-7993,79.43,4,4,1166,275,0,4,43.22,1,0.9,0,0,0.0211,0.1451,0
TX-106761,CUST-1430,RECIP-7235,188.32,6,0,1631,40,1,0,263.71,3,41.6,0,0,0.379,0.147,0
TX-106762,CUST-1208,RECIP-5570,98.12,8,0,189,486,0,5,78.13,1,27.9,0,0,0.2823,0.0422,0
TX-106763,CUST-2299,RECIP-7548,68.13,10,0,2079,728,0,2,35.22,1,2163.3,0,1,0.1544,0.3652,0
TX-106764,CUST-1723,RECIP-6201,58.55,15,1,1501,139,0,4,88.99,3,10.8,0,0,0.0971,0.0734,0
TX-106765,CUST-2383,RECIP-5487,57.33,5,2,793,1932,0,5,381.19,2,14.9,0,2,0.3081,0.183,0
TX-106766,CUST-1997,RECIP-8779,112.41,16,0,1742,734,0,2,51.7,2,537.2,0,0,0.1862,0.3628,0
TX-106767,CUST-1835,RECIP-6406,438.57,0,4,45,365,0,2,62.97,2,3.7,0,0,0.9798,0.1261,0
TX-106768,CUST-1776,RECIP-7677,60.29,7,2,1241,1092,0,3,152.02,3,7.0,0,0,0.4862,0.1814,0
TX-106769,CUST-1304,RECIP-5773,39.07,15,4,2361,291,0,2,287.39,1,3.1,1,3,0.268,0.2004,0
TX-106770,CUST-1843,RECIP-6526,33.3,6,3,1906,41,1,0,47.4,0,9.7,0,0,0.1627,0.0729,0
TX-106771,CUST-2027,RECIP-6736,715.26,10,1,139,6,1,0,56.69,0,2094.7,0,0,0.3742,0.1035,0
TX-106772,CUST-2448,RECIP-5602,695.06,14,4,1487,1832,0,1,31.31,1,7.0,0,0,0.3108,0.2013,1
TX-106773,CUST-1823,RECIP-9380,86.23,5,6,1709,822,0,0,98.63,0,5.2,0,0,0.2493,0.2676,0
TX-106774,CUST-2408,RECIP-6402,102.93,23,2,1330,35,1,0,120.26,1,7.5,0,0,0.1669,0.0405,0
TX-106775,CUST-2416,RECIP-7622,68.7,20,2,824,349,0,3,197.95,2,30.5,0,0,0.2114,0.1168,0
TX-106776,CUST-1783,RECIP-7544,26.51,23,3,1706,38,1,0,137.68,0,15.8,0,0,0.0344,0.1227,0
TX-106777,CUST-1658,RECIP-6932,87.95,11,5,1076,1143,0,2,108.08,0,3.2,0,0,0.0216,0.0632,0
TX-106778,CUST-1214,RECIP-7635,17.95,8,3,2373,1508,0,6,121.43,1,10.9,0,0,0.0308,0.0327,0
TX-106779,CUST-1402,RECIP-7546,37.14,23,5,2099,86,0,4,156.37,1,11.7,0,3,0.1332,0.1407,0
TX-106780,CUST-2318,RECIP-5360,52.31,17,0,2276,1987,0,3,41.17,1,29.8,0,0,0.1713,0.1229,0
TX-106781,CUST-1207,RECIP-8010,292.83,19,0,1066,885,0,2,120.91,0,4.5,0,0,0.8741,0.1749,0
TX-106782,CUST-1595,RECIP-5513,96.76,4,2,1703,1259,0,6,28.74,1,24.9,1,2,0.3351,0.2375,0
TX-106783,CUST-2047,RECIP-6957,30.72,20,1,386,130,0,5,235.26,1,12.2,0,0,0.0802,0.0509,0
TX-106784,CUST-1360,RECIP-6641,300.11,12,0,1888,1779,0,2,386.46,2,1.3,0,1,0.2304,0.0677,0
TX-106785,CUST-2461,RECIP-7014,78.43,18,1,1893,1156,0,2,64.5,1,7.9,0,0,0.4279,0.1176,0
TX-106786,CUST-1974,RECIP-5323,30.17,19,1,1945,990,0,3,126.62,0,64.4,0,0,0.9278,0.037,0
TX-106787,CUST-1042,RECIP-8156,178.78,2,6,79,4,1,0,183.37,0,20.0,0,0,0.4456,0.1755,0
TX-106788,CUST-1370,RECIP-6883,107.9,2,5,1156,1675,0,3,321.32,3,0.8,0,0,0.1327,0.2242,0
TX-106789,CUST-2110,RECIP-5273,7.75,1,2,708,12,1,0,90.6,0,18.0,0,1,0.0187,0.1266,0
TX-106790,CUST-2294,RECIP-5015,107.15,15,6,2290,156,0,4,58.95,1,3.1,0,0,0.965,0.0483,0
TX-106791,CUST-2390,RECIP-7430,42.29,21,5,1359,1054,0,2,142.2,2,28.7,0,1,0.0055,0.0186,0
TX-106792,CUST-2276,RECIP-7998,36.29,0,1,1540,1,1,0,269.1,0,12.6,0,0,0.9531,0.0169,0
TX-106793,CUST-1112,RECIP-7462,63.39,3,3,1111,1893,0,5,106.0,1,2.1,0,0,0.0411,0.0966,0
TX-106794,CUST-2094,RECIP-8242,12.01,11,6,311,240,0,5,275.36,1,0.5,0,0,0.2903,0.0802,0
TX-106795,CUST-1165,RECIP-8405,950.15,9,3,1561,832,0,5,213.27,1,6.0,0,1,0.021,0.1991,0
TX-106796,CUST-1114,RECIP-8923,1691.73,2,2,1538,3,1,0,173.56,2,18.8,0,1,0.2732,0.0291,0
TX-106797,CUST-2037,RECIP-9421,35.99,14,6,971,38,1,0,97.71,1,12.9,0,0,0.3235,0.1028,0
TX-106798,CUST-1717,RECIP-8981,65.0,21,4,1584,554,0,6,83.19,1,19.7,0,0,0.2779,0.0236,0
TX-106799,CUST-1971,RECIP-8580,912.76,5,3,994,1929,0,5,362.44,1,3348.9,0,0,0.4628,0.1614,0
TX-106800,CUST-2277,RECIP-6939,1148.99,0,6,1660,1624,0,1,51.91,1,0.9,0,0,0.0209,0.0045,0
TX-106801,CUST-1103,RECIP-7267,961.51,5,5,891,526,0,5,146.99,3,1.4,0,0,0.1582,0.1102,0
TX-106802,CUST-1791,RECIP-7772,45.46,4,2,1940,1641,0,5,139.4,0,10.6,1,0,0.2873,0.0783,0
TX-106803,CUST-2251,RECIP-5762,66.49,11,2,2221,8,1,0,129.4,1,671.0,0,0,0.2011,0.1813,0
TX-106804,CUST-1660,RECIP-8049,16.53,2,0,1226,1697,0,6,44.25,0,8.3,0,0,0.038,0.0825,0
TX-106805,CUST-1785,RECIP-7647,43.74,8,0,72,10,1,0,105.63,1,9.4,1,0,0.5203,0.104,0
TX-106806,CUST-1746,RECIP-7340,382.61,2,6,1714,451,0,5,66.9,0,4.7,0,2,0.0672,0.2198,0
TX-106807,CUST-2360,RECIP-8754,30.45,16,0,2350,1435,0,4,200.64,3,1.1,0,0,0.1536,0.2345,0
TX-106808,CUST-1074,RECIP-8092,326.01,11,5,1783,948,0,2,120.64,0,10.4,0,2,0.4781,0.1299,0
TX-106809,CUST-2316,RECIP-9195,26.04,1,1,914,1534,0,9,303.46,1,28.2,0,0,0.3358,0.0381,0
TX-106810,CUST-2224,RECIP-9394,194.2,1,3,1423,38,1,0,292.9,2,51.0,0,1,0.0325,0.0587,0
TX-106811,CUST-2218,RECIP-8713,116.59,11,5,931,566,0,6,74.04,1,15.7,0,0,0.136,0.0708,0
TX-106812,CUST-1618,RECIP-6340,557.04,14,6,1942,506,0,3,292.93,0,3.7,0,0,0.4967,0.3072,0
TX-106813,CUST-1773,RECIP-5850,6.17,4,2,1822,1841,0,3,62.83,1,4.2,0,2,0.6167,0.0422,0
TX-106814,CUST-1553,RECIP-6346,37.3,7,6,1574,771,0,5,271.39,2,7.0,0,0,0.0878,0.4189,0
TX-106815,CUST-1377,RECIP-8206,561.89,14,3,989,18,1,0,41.34,2,52.5,0,0,0.9517,0.0404,1
TX-106816,CUST-2313,RECIP-8889,657.32,11,6,456,5,1,0,304.4,0,2292.0,0,0,0.1606,0.3005,0
TX-106817,CUST-1758,RECIP-8960,163.84,2,0,1553,40,1,0,58.75,2,11.5,0,0,0.1267,0.3304,1
TX-106818,CUST-2085,RECIP-8077,35.44,9,1,863,1294,0,5,77.38,2,21.3,0,0,0.2454,0.1994,0
TX-106819,CUST-1151,RECIP-8064,27.52,4,4,2261,1776,0,3,87.61,0,2.4,0,3,0.3456,0.0492,0
TX-106820,CUST-2183,RECIP-9283,338.08,22,4,185,1816,0,4,63.77,4,3331.9,0,0,0.4133,0.1214,0
TX-106821,CUST-1988,RECIP-8085,84.23,19,5,2120,31,1,0,276.99,0,50.3,1,0,0.2484,0.5579,1
TX-106822,CUST-2496,RECIP-5634,3191.08,7,2,1955,1925,0,7,27.73,1,3.5,0,0,0.1305,0.3044,0
TX-106823,CUST-1200,RECIP-7250,105.91,5,4,1302,1131,0,2,146.42,3,20.6,0,1,0.0437,0.0689,0
TX-106824,CUST-1810,RECIP-6614,212.5,3,4,2483,1784,0,7,156.61,2,852.0,0,0,0.4704,0.5072,0
TX-106825,CUST-1766,RECIP-7866,287.24,17,6,1800,1399,0,6,45.43,0,2.4,0,0,0.2913,0.1846,0
TX-106826,CUST-1807,RECIP-7861,154.8,22,0,133,12,1,0,71.04,3,4.3,0,0,0.1592,0.0346,0
TX-106827,CUST-1081,RECIP-6324,220.02,6,0,999,32,1,0,47.18,0,8.6,0,0,0.2934,0.1238,0
TX-106828,CUST-1709,RECIP-6348,384.14,15,4,2105,1181,0,2,78.28,0,32.9,0,3,0.2987,0.0513,0
TX-106829,CUST-1449,RECIP-5399,86.88,5,0,1946,929,0,6,196.75,1,5.7,0,0,0.2554,0.1133,0
TX-106830,CUST-1926,RECIP-6319,48.27,22,1,426,721,0,6,74.91,1,14.4,0,2,0.0826,0.0183,0
TX-106831,CUST-1348,RECIP-8724,265.67,7,3,450,1230,0,6,123.43,1,2.3,1,0,0.2474,0.061,0
TX-106832,CUST-1652,RECIP-7948,538.92,2,1,2312,1847,0,2,92.19,0,14.5,0,0,0.0772,0.1541,0
TX-106833,CUST-1930,RECIP-9244,41.05,21,1,142,335,0,4,448.59,2,1.1,0,1,0.1265,0.141,0
TX-106834,CUST-1096,RECIP-9168,580.33,22,2,2375,495,0,3,109.73,1,1.4,1,0,0.1797,0.1906,0
TX-106835,CUST-2180,RECIP-8855,25.29,9,4,1365,28,1,0,52.31,1,16.7,1,0,0.5511,0.1557,0
TX-106836,CUST-2073,RECIP-5808,95.73,21,2,2024,442,0,2,119.17,3,2.8,0,0,0.414,0.1164,0
TX-106837,CUST-1085,RECIP-6502,16.8,5,5,561,101,0,4,167.97,0,7.3,0,0,0.197,0.0613,0
TX-106838,CUST-1097,RECIP-5258,11.73,6,1,879,468,0,6,66.37,1,2.4,1,0,0.3385,0.0298,0
TX-106839,CUST-2275,RECIP-5420,70.06,12,0,1829,3,1,0,261.8,2,0.8,0,0,0.3183,0.362,0
TX-106840,CUST-1424,RECIP-6039,2150.88,14,1,430,1666,0,6,29.55,1,3.6,0,1,0.3414,0.1215,0
TX-106841,CUST-2291,RECIP-6260,765.35,9,6,280,19,1,0,72.27,4,1.4,1,0,0.1456,0.2662,1
TX-106842,CUST-1748,RECIP-5069,705.7,19,1,1534,497,0,3,101.05,0,4.9,0,0,0.0737,0.206,0
TX-106843,CUST-1513,RECIP-8792,23.66,18,0,50,227,0,5,207.33,2,20.3,0,0,0.8216,0.0206,0
TX-106844,CUST-1410,RECIP-7371,89.7,2,2,2349,1779,0,4,287.01,0,31.8,0,0,0.1327,0.1568,0
TX-106845,CUST-1988,RECIP-7951,40.45,23,4,1698,36,1,0,281.92,2,0.9,0,0,0.2111,0.0379,0
TX-106846,CUST-1164,RECIP-7941,56.12,3,2,1792,1548,0,0,112.27,0,21.3,0,0,0.1723,0.1682,0
TX-106847,CUST-1603,RECIP-9350,44.3,12,2,1266,576,0,3,232.73,3,14.9,1,0,0.2342,0.0892,0
TX-106848,CUST-1518,RECIP-5662,56.91,10,0,1570,1283,0,6,163.92,2,6.3,0,0,0.03,0.0641,0
TX-106849,CUST-1231,RECIP-6542,76.43,10,4,2381,1789,0,4,109.72,2,1.4,0,0,0.0882,0.1052,0
TX-106850,CUST-1529,RECIP-6387,22.25,3,1,41,30,1,0,68.43,0,11.5,0,0,0.07,0.1625,0
TX-106851,CUST-1792,RECIP-7481,1571.79,8,0,641,2,1,0,118.67,0,29.0,0,0,0.0727,0.0698,0
TX-106852,CUST-2016,RECIP-7367,342.74,0,5,1751,1051,0,2,257.17,1,3.4,0,0,0.1608,0.2355,0
TX-106853,CUST-1129,RECIP-8555,103.57,23,6,334,1009,0,0,106.27,3,6.8,0,1,0.4941,0.0444,0
TX-106854,CUST-2308,RECIP-7522,72.93,3,4,635,28,1,0,74.86,1,79.1,0,0,0.0784,0.399,0
TX-106855,CUST-2317,RECIP-6052,890.8,11,6,87,38,1,0,236.98,2,2.0,0,0,0.0677,0.0178,0
TX-106856,CUST-2037,RECIP-7541,256.86,5,2,166,42,1,0,71.58,0,13.1,0,0,0.0902,0.2251,0
TX-106857,CUST-2386,RECIP-9338,29.52,4,3,1127,1748,0,5,151.25,0,7.5,1,0,0.2116,0.2528,0
TX-106858,CUST-1641,RECIP-7604,164.64,9,2,1660,764,0,4,133.3,4,0.4,1,0,0.2564,0.1375,0
TX-106859,CUST-2232,RECIP-7665,59.67,23,3,279,1404,0,7,196.17,3,8.0,0,0,0.9611,0.0874,0
TX-106860,CUST-2090,RECIP-5791,54.77,11,6,2457,24,1,0,182.2,2,40.2,0,0,0.9158,0.159,1
TX-106861,CUST-1843,RECIP-5035,77.82,23,4,1945,575,0,7,163.88,2,28.9,0,0,0.9609,0.1286,0
TX-106862,CUST-1269,RECIP-5943,106.44,19,0,1666,199,0,5,78.07,1,7.1,0,3,0.1048,0.0441,0
TX-106863,CUST-1836,RECIP-5113,18.5,10,4,207,295,0,4,67.63,0,21.7,0,0,0.1237,0.293,0
TX-106864,CUST-2352,RECIP-7035,31.42,21,2,1311,7,1,0,126.97,2,15.9,0,0,0.2573,0.1598,1
TX-106865,CUST-2476,RECIP-8969,45.01,8,3,2304,366,0,2,119.02,1,16.4,0,1,0.189,0.1665,0
TX-106866,CUST-1672,RECIP-7010,121.08,12,3,617,40,1,0,637.14,0,8.1,1,0,0.228,0.0756,0
TX-106867,CUST-1371,RECIP-7903,11.94,16,4,1365,1554,0,4,130.15,0,3.9,0,0,0.171,0.2605,0
TX-106868,CUST-2121,RECIP-8850,247.18,14,6,1423,209,0,2,106.78,1,4.9,0,0,0.0135,0.1453,0
TX-106869,CUST-1113,RECIP-8433,487.41,19,6,1750,635,0,6,65.28,2,11.8,0,0,0.1885,0.1455,0
TX-106870,CUST-1226,RECIP-7927,36.65,3,6,2298,991,0,1,46.47,3,24.8,1,0,0.1432,0.163,0
TX-106871,CUST-1842,RECIP-8528,90.62,11,4,353,715,0,4,32.22,1,21.8,0,0,0.6919,0.0851,0
TX-106872,CUST-2485,RECIP-6262,267.42,15,1,185,3,1,0,44.64,2,10.7,0,0,0.1518,0.1206,0
TX-106873,CUST-1493,RECIP-6892,81.48,7,1,251,2,1,0,80.34,2,7.0,0,0,0.1399,0.2324,0
TX-106874,CUST-1664,RECIP-6795,64.71,20,5,689,34,1,0,206.07,0,1220.9,0,0,0.2083,0.0664,0
TX-106875,CUST-1483,RECIP-8593,240.41,7,6,903,43,1,0,136.83,2,8.3,0,0,0.0994,0.1007,0
TX-106876,CUST-1660,RECIP-6839,352.5,7,0,2199,812,0,4,47.86,1,19.0,0,2,0.1392,0.0131,0
TX-106877,CUST-1010,RECIP-9218,48.38,7,1,1315,709,0,6,63.34,2,7.7,1,0,0.8191,0.16,0
TX-106878,CUST-1892,RECIP-5839,517.97,16,4,1869,1372,0,3,91.85,2,34.9,0,0,0.3087,0.0984,0
TX-106879,CUST-1894,RECIP-5774,149.66,2,1,1451,752,0,5,77.07,1,5.1,1,0,0.3194,0.0994,0
TX-106880,CUST-1473,RECIP-8222,44.75,3,0,2382,1278,0,1,52.58,4,3373.0,0,0,0.2183,0.1458,0
TX-106881,CUST-1396,RECIP-8438,29.27,18,6,844,125,0,7,15.74,0,6.0,0,0,0.0381,0.1226,0
TX-106882,CUST-2142,RECIP-8055,46.6,4,0,1682,592,0,2,44.92,0,11.7,0,0,0.2219,0.014,0
TX-106883,CUST-1281,RECIP-6385,29.45,2,1,703,25,1,0,46.81,0,7.7,0,0,0.4141,0.1485,0
TX-106884,CUST-1070,RECIP-5041,154.66,6,6,606,485,0,4,234.54,2,0.1,0,0,0.1899,0.0022,0
TX-106885,CUST-1060,RECIP-6446,524.41,9,0,2454,277,0,4,284.3,0,4.7,0,0,0.2668,0.0368,0
TX-106886,CUST-2322,RECIP-7099,21.36,0,5,89,21,1,0,24.4,2,5.4,0,0,0.2323,0.1755,0
TX-106887,CUST-1546,RECIP-6857,94.79,20,3,703,1099,0,1,175.33,3,6.6,0,0,0.2246,0.0985,0
TX-106888,CUST-1152,RECIP-9149,11.45,2,3,983,1916,0,4,248.47,1,12.4,0,0,0.609,0.0421,0
TX-106889,CUST-2318,RECIP-8886,509.43,9,5,370,1358,0,9,55.94,2,2.9,0,1,0.1092,0.3309,0
TX-106890,CUST-1222,RECIP-8487,95.57,4,0,1936,1814,0,5,29.41,1,3.7,0,0,0.1885,0.1181,0
TX-106891,CUST-1505,RECIP-5099,470.94,7,0,917,1119,0,6,340.88,1,2.5,0,0,0.4739,0.1035,0
TX-106892,CUST-1031,RECIP-5573,37.3,1,1,1163,118,0,6,86.47,0,19.7,0,0,0.2471,0.115,0
TX-106893,CUST-2018,RECIP-6952,1250.57,22,3,780,344,0,3,259.13,0,23.5,0,2,0.2206,0.2273,0
TX-106894,CUST-2048,RECIP-7797,24.76,22,6,2232,38,1,0,106.08,0,0.7,0,0,0.1173,0.2037,0
TX-106895,CUST-2134,RECIP-8060,166.02,3,0,1071,43,1,0,300.6,1,1.6,0,0,0.0252,0.179,0
TX-106896,CUST-1394,RECIP-6333,5.99,4,2,1974,1691,0,3,140.83,1,19.4,0,0,0.407,0.0447,0
TX-106897,CUST-1492,RECIP-5496,54.22,21,3,1570,860,0,7,75.99,0,25.7,0,1,0.0768,0.0912,0
TX-106898,CUST-2407,RECIP-6476,83.35,9,1,2390,1870,0,5,69.34,1,10.2,0,0,0.1068,0.3105,0
TX-106899,CUST-2232,RECIP-8565,90.08,1,2,1519,757,0,2,64.44,2,23.5,0,0,0.3332,0.1372,0
TX-106900,CUST-1055,RECIP-9439,52.71,3,1,2464,1689,0,3,85.56,3,26.5,0,0,0.253,0.0513,0
TX-106901,CUST-2037,RECIP-9238,140.7,9,0,1754,348,0,7,94.63,0,28.4,0,2,0.3637,0.0562,0
TX-106902,CUST-2219,RECIP-7669,50.53,13,3,175,936,0,1,131.17,1,18.9,0,0,0.8175,0.2693,0
TX-106903,CUST-1838,RECIP-5409,441.77,15,6,417,1989,0,0,74.06,0,5.7,0,1,0.9619,0.0315,0
TX-106904,CUST-1959,RECIP-9354,151.89,3,2,1980,1602,0,4,372.31,3,1.9,0,0,0.1857,0.0393,0
TX-106905,CUST-1001,RECIP-5688,20.72,8,4,143,7,1,0,334.59,0,3322.7,0,1,0.0636,0.1093,0
TX-106906,CUST-1045,RECIP-6207,140.04,6,4,499,41,1,0,123.5,4,21.7,0,0,0.4379,0.1442,0
TX-106907,CUST-1052,RECIP-9383,84.49,12,5,1983,945,0,3,399.74,2,29.7,0,0,0.1816,0.1184,0
TX-106908,CUST-1238,RECIP-7267,7.01,7,5,906,43,1,0,298.3,1,3.7,0,0,0.0835,0.1728,0
TX-106909,CUST-2486,RECIP-5890,479.29,4,6,566,243,0,3,80.05,2,1923.5,0,0,0.3983,0.1095,0
TX-106910,CUST-1951,RECIP-7259,29.42,19,5,518,40,1,0,142.95,1,6.0,0,0,0.2401,0.279,0
TX-106911,CUST-2173,RECIP-5355,101.76,13,6,809,1370,0,3,95.95,0,1622.8,0,0,0.0459,0.1379,0
TX-106912,CUST-1443,RECIP-6420,137.15,11,6,2099,404,0,2,296.3,0,15.9,0,1,0.5213,0.0916,0
TX-106913,CUST-2406,RECIP-9284,91.69,3,5,1155,608,0,4,52.46,1,4.4,0,0,0.509,0.3217,0
TX-106914,CUST-1298,RECIP-6343,212.91,1,3,2386,1645,0,2,34.67,0,5.8,0,0,0.0583,0.2083,0
TX-106915,CUST-2353,RECIP-9016,234.4,19,2,1799,1495,0,9,98.93,0,21.0,0,0,0.2019,0.3617,0
TX-106916,CUST-1046,RECIP-7443,110.83,23,3,692,429,0,2,52.95,1,0.6,0,0,0.0661,0.1935,0
TX-106917,CUST-1030,RECIP-7950,31.44,14,5,434,190,0,5,54.05,1,16.8,1,0,0.2877,0.1034,0
TX-106918,CUST-1118,RECIP-8163,100.57,0,5,2361,674,0,6,87.68,0,903.5,0,0,0.1956,0.3478,0
TX-106919,CUST-2187,RECIP-7481,327.53,11,3,2258,635,0,1,72.02,2,53.4,0,0,0.0593,0.0126,0
TX-106920,CUST-1386,RECIP-5154,77.91,6,0,333,1273,0,2,80.65,3,1.8,0,0,0.3024,0.0439,0
TX-106921,CUST-1676,RECIP-9136,17.97,1,1,824,23,1,0,85.76,0,15.8,0,0,0.2593,0.1207,0
TX-106922,CUST-1706,RECIP-7137,315.89,3,4,1865,595,0,9,123.52,1,6.1,0,0,0.0934,0.1238,0
TX-106923,CUST-2184,RECIP-7949,54.03,11,2,2457,828,0,6,61.5,1,3.5,0,0,0.1002,0.0895,0
TX-106924,CUST-1523,RECIP-7492,236.76,10,3,2262,421,0,7,65.98,0,0.0,0,1,0.2745,0.1178,0
TX-106925,CUST-1010,RECIP-7962,49.11,13,2,734,40,1,0,193.57,2,8.4,0,0,0.0225,0.1622,0
TX-106926,CUST-1579,RECIP-6596,157.97,16,0,2245,1832,0,5,243.33,2,8.8,0,0,0.2065,0.1616,0
TX-106927,CUST-1432,RECIP-8796,67.27,6,3,1822,1591,0,7,384.38,1,8.2,1,0,0.27,0.0102,0
TX-106928,CUST-2096,RECIP-6009,45.37,6,3,1172,32,1,0,103.3,2,2.0,0,0,0.084,0.2136,0
TX-106929,CUST-2126,RECIP-7939,154.07,16,5,960,1933,0,3,234.08,0,0.5,1,0,0.2593,0.4442,0
TX-106930,CUST-1137,RECIP-7600,37.6,4,0,2038,3,1,0,79.68,0,0.2,0,0,0.0716,0.244,0
TX-106931,CUST-2189,RECIP-7266,13.25,1,3,2096,790,0,5,142.14,1,4.8,0,0,0.38,0.0948,0
TX-106932,CUST-1105,RECIP-5098,198.65,20,5,2287,6,1,0,108.27,0,17.7,0,2,0.2841,0.039,0
TX-106933,CUST-1929,RECIP-6753,47.48,5,1,1172,1265,0,3,370.45,3,3.4,0,0,0.9027,0.073,0
TX-106934,CUST-1583,RECIP-5213,122.89,2,2,688,1583,0,6,62.89,1,13.2,0,1,0.0267,0.0598,0
TX-106935,CUST-1451,RECIP-7264,117.7,17,0,2180,782,0,5,54.16,2,1.9,0,0,0.0356,0.0106,0
TX-106936,CUST-1724,RECIP-8094,189.99,12,4,778,238,0,1,103.67,3,19.7,0,0,0.1091,0.018,0
TX-106937,CUST-1465,RECIP-7351,241.93,3,5,1892,1136,0,0,23.53,1,1106.6,0,0,0.2536,0.0883,1
TX-106938,CUST-2190,RECIP-8406,153.58,20,3,1287,1495,0,3,105.42,0,0.0,1,0,0.1063,0.0256,0
TX-106939,CUST-2450,RECIP-6623,177.79,5,2,1477,1492,0,8,15.91,2,1803.9,0,2,0.0245,0.1566,0
TX-106940,CUST-2223,RECIP-6377,244.84,16,5,547,399,0,8,51.8,0,6.8,0,0,0.5002,0.1772,0
TX-106941,CUST-1658,RECIP-7016,49.62,15,3,647,1287,0,3,99.31,3,29.5,0,1,0.503,0.1032,0
TX-106942,CUST-1754,RECIP-6031,45.53,19,2,1642,34,1,0,28.96,1,2.6,1,0,0.0628,0.1787,0
TX-106943,CUST-1670,RECIP-8608,173.34,17,5,671,21,1,0,120.72,1,12.7,0,0,0.0126,0.164,0
TX-106944,CUST-2190,RECIP-8643,13.79,16,1,1682,564,0,2,19.39,1,7.3,0,0,0.0928,0.1516,0
TX-106945,CUST-1828,RECIP-6874,22.28,1,5,2478,438,0,4,94.31,1,10.5,0,1,0.3538,0.055,0
TX-106946,CUST-1702,RECIP-8566,14.32,22,1,233,273,0,6,173.02,1,8.6,0,0,0.2607,0.0928,0
TX-106947,CUST-1614,RECIP-5115,304.06,3,3,2315,1116,0,4,239.02,1,15.8,0,0,0.0165,0.0666,0
TX-106948,CUST-1562,RECIP-5696,296.65,6,1,453,669,0,4,313.57,0,5.7,0,0,0.7661,0.0109,0
TX-106949,CUST-1829,RECIP-6273,222.76,10,4,371,1339,0,3,51.43,2,41.8,0,0,0.2081,0.1152,0
TX-106950,CUST-2033,RECIP-6745,94.54,6,3,2090,19,1,0,73.37,3,29.4,0,0,0.1366,0.0399,0
TX-106951,CUST-1648,RECIP-6042,54.68,14,1,534,1174,0,3,59.19,3,30.3,0,0,0.3106,0.0501,0
TX-106952,CUST-2209,RECIP-7304,69.97,1,5,1629,13,1,0,189.07,3,8.8,0,0,0.0431,0.0882,0
TX-106953,CUST-2240,RECIP-8571,136.77,10,6,293,6,1,0,116.26,2,2156.8,0,0,0.3715,0.0191,0
TX-106954,CUST-1643,RECIP-7053,1732.54,8,0,243,132,0,2,98.69,2,10.2,0,0,0.0741,0.0456,0
TX-106955,CUST-2363,RECIP-7021,26.43,15,3,527,10,1,0,94.91,0,13.4,0,1,0.1502,0.0689,0
TX-106956,CUST-1259,RECIP-5269,197.4,12,5,1316,44,1,0,152.37,1,4.3,0,0,0.1904,0.0121,0
TX-106957,CUST-2398,RECIP-6261,294.91,18,5,746,1504,0,5,52.38,1,53.4,0,0,0.1129,0.0431,0
TX-106958,CUST-1441,RECIP-8632,220.61,3,1,581,780,0,5,180.29,2,5.4,0,1,0.1379,0.0415,0
TX-106959,CUST-1846,RECIP-8648,17.51,22,0,2098,344,0,4,127.4,1,19.7,0,0,0.1544,0.0183,0
TX-106960,CUST-1425,RECIP-5469,203.29,9,3,459,220,0,4,218.03,1,3449.0,0,0,0.2606,0.0225,0
TX-106961,CUST-1663,RECIP-5086,82.55,8,4,265,1773,0,3,76.01,0,2902.6,0,0,0.0569,0.3635,0
TX-106962,CUST-1510,RECIP-8739,500.91,13,2,302,790,0,8,103.41,1,48.1,1,0,0.1584,0.0335,0
TX-106963,CUST-2057,RECIP-5784,78.18,3,2,2208,965,0,2,226.38,1,5.8,0,0,0.129,0.1085,0
TX-106964,CUST-1121,RECIP-7585,302.59,19,3,1205,387,0,5,41.93,0,27.0,0,0,0.4174,0.181,0
TX-106965,CUST-2257,RECIP-8721,450.48,6,3,2430,5,1,0,247.67,1,31.2,0,0,0.1252,0.2349,0
TX-106966,CUST-2355,RECIP-8542,219.84,22,3,2023,1491,0,5,81.95,0,31.0,0,1,0.1926,0.3298,0
TX-106967,CUST-1844,RECIP-7477,49.23,3,4,725,721,0,2,178.99,0,5.8,0,0,0.0546,0.1192,0
TX-106968,CUST-1820,RECIP-6694,153.05,20,6,1982,1710,0,4,183.13,0,20.8,0,0,0.7901,0.1234,0
TX-106969,CUST-2049,RECIP-8481,37.11,9,5,1156,5,1,0,87.09,1,40.4,0,0,0.275,0.0467,0
TX-106970,CUST-1298,RECIP-8126,48.6,14,0,1413,1813,0,6,102.02,1,1553.6,0,2,0.5906,0.0299,0
TX-106971,CUST-2124,RECIP-8771,323.47,20,2,1337,1936,0,3,36.08,0,2174.6,0,2,0.095,0.2442,0
TX-106972,CUST-1328,RECIP-7312,94.85,3,0,1903,957,0,4,25.96,0,26.1,0,0,0.1416,0.1055,0
TX-106973,CUST-2014,RECIP-9238,77.26,8,6,538,33,1,0,107.79,1,26.4,0,0,0.0891,0.0557,0
TX-106974,CUST-1458,RECIP-8463,554.12,22,4,176,36,1,0,240.24,1,1716.2,0,0,0.2089,0.2076,0
TX-106975,CUST-2119,RECIP-5285,421.26,3,1,1836,257,0,5,87.04,1,12.0,0,1,0.5387,0.2504,0
TX-106976,CUST-2186,RECIP-6322,27.55,2,5,2386,986,0,5,20.93,1,0.8,0,0,0.2537,0.2958,0
TX-106977,CUST-1312,RECIP-8596,101.63,12,3,1462,1917,0,4,69.77,0,1285.3,0,2,0.1401,0.0331,0
TX-106978,CUST-1926,RECIP-5522,58.53,0,0,320,450,0,4,68.54,0,34.0,0,0,0.1525,0.1556,0
TX-106979,CUST-1747,RECIP-8189,69.15,23,1,307,29,1,0,76.3,0,1245.3,0,0,0.1323,0.2849,0
TX-106980,CUST-1441,RECIP-6532,285.86,21,5,1375,1711,0,2,46.23,0,10.7,0,0,0.3287,0.185,0
TX-106981,CUST-1882,RECIP-5931,190.58,4,2,2243,1437,0,1,57.76,0,0.4,0,0,0.3589,0.1438,0
TX-106982,CUST-2488,RECIP-7429,15.78,4,3,1546,1009,0,4,32.39,1,0.9,1,0,0.4567,0.2535,0
TX-106983,CUST-1003,RECIP-9192,311.32,18,6,776,309,0,4,465.51,3,20.2,0,0,0.7906,0.0882,0
TX-106984,CUST-2435,RECIP-9039,591.14,12,2,1563,411,0,5,349.05,3,1324.8,1,0,0.2185,0.2454,0
TX-106985,CUST-2283,RECIP-6818,146.07,19,0,415,37,1,0,48.46,1,9.7,0,0,0.1941,0.0155,0
TX-106986,CUST-1794,RECIP-5016,192.46,23,0,1213,28,1,0,103.24,3,23.0,1,0,0.0573,0.0376,0
TX-106987,CUST-1915,RECIP-8994,206.73,9,6,2455,1920,0,4,63.6,1,25.2,0,0,0.0507,0.1881,0
TX-106988,CUST-1553,RECIP-9037,48.49,6,4,1584,256,0,5,88.41,3,67.8,0,0,0.057,0.2499,0
TX-106989,CUST-1193,RECIP-7723,146.81,14,2,284,5,1,0,134.11,2,3462.0,0,0,0.089,0.2289,0
TX-106990,CUST-1857,RECIP-7828,232.08,15,0,527,241,0,3,114.8,0,0.3,0,1,0.0443,0.3368,0
TX-106991,CUST-2224,RECIP-7370,78.23,10,4,177,18,1,0,207.86,2,15.0,0,0,0.034,0.1475,0
TX-106992,CUST-1346,RECIP-5056,54.73,7,0,1022,80,0,6,67.84,1,1.6,0,0,0.5521,0.068,0
TX-106993,CUST-2075,RECIP-5717,29.94,6,0,616,1141,0,4,100.46,4,3.2,1,0,0.6687,0.069,0
TX-106994,CUST-2122,RECIP-5645,5766.19,12,4,2449,35,1,0,15.58,1,0.3,0,0,0.1963,0.2248,1
TX-106995,CUST-2137,RECIP-9114,24.21,10,4,818,373,0,6,112.17,0,6.7,0,0,0.4387,0.1577,0
TX-106996,CUST-1510,RECIP-5224,32.62,10,3,116,1767,0,6,20.8,0,2849.7,0,0,0.0495,0.0214,0
TX-106997,CUST-1588,RECIP-7504,116.99,2,6,1101,917,0,3,38.52,0,30.1,0,0,0.4335,0.2339,0
TX-106998,CUST-1624,RECIP-6632,30.35,21,1,1851,1108,0,3,258.17,0,18.2,0,0,0.0599,0.0226,0
TX-106999,CUST-2281,RECIP-5027,655.47,16,3,1722,1267,0,1,260.54,2,0.7,0,0,0.8837,0.3599,0
TX-107000,CUST-2350,RECIP-9136,23.79,22,2,2442,16,1,0,46.77,0,31.2,0,0,0.0698,0.1401,0
TX-107001,CUST-1621,RECIP-5082,111.17,19,2,933,330,0,3,360.34,0,9.0,1,0,0.3516,0.0546,0
TX-107002,CUST-2454,RECIP-8851,249.99,14,1,1321,1009,0,5,171.32,1,20.2,0,0,0.061,0.2015,0
TX-107003,CUST-1855,RECIP-8499,24.14,7,5,1411,1899,0,6,142.63,2,0.8,0,0,0.1684,0.1797,0
TX-107004,CUST-1577,RECIP-8571,37.47,15,4,89,1390,0,1,41.65,3,1760.3,0,0,0.5874,0.0399,0
TX-107005,CUST-1000,RECIP-5728,572.75,13,4,44,6,1,0,389.6,0,21.2,1,0,0.2216,0.1359,0
TX-107006,CUST-1916,RECIP-8964,43.99,22,0,1996,1163,0,3,172.0,1,11.4,0,0,0.0555,0.1087,0
TX-107007,CUST-1967,RECIP-7694,143.7,5,0,980,760,0,5,54.86,1,11.2,0,1,0.6912,0.0438,0
TX-107008,CUST-2452,RECIP-6808,70.94,0,5,1730,21,1,0,17.45,1,7.3,0,0,0.6629,0.1004,0
TX-107009,CUST-2077,RECIP-8064,1143.44,3,4,2364,866,0,5,41.56,1,45.6,0,0,0.1149,0.2717,0
TX-107010,CUST-1044,RECIP-6536,191.31,4,0,634,1189,0,3,111.95,1,1.6,0,0,0.5377,0.1787,0
TX-107011,CUST-1850,RECIP-6257,34.56,15,4,1943,1705,0,7,84.76,0,12.7,0,2,0.0491,0.0343,0
TX-107012,CUST-2114,RECIP-6297,90.85,3,6,557,39,1,0,305.6,1,12.3,0,0,0.9692,0.1709,1
TX-107013,CUST-1744,RECIP-7561,70.22,3,5,1859,38,1,0,44.64,2,5.1,0,0,0.0157,0.2426,0
TX-107014,CUST-1644,RECIP-7704,33.28,9,1,424,22,1,0,125.26,1,11.6,0,0,0.0157,0.0854,0
TX-107015,CUST-2214,RECIP-6081,1140.78,18,2,782,1974,0,1,218.22,0,26.7,0,2,0.2521,0.1371,0
TX-107016,CUST-1917,RECIP-6105,14.59,10,5,1191,8,1,0,37.06,0,10.4,0,0,0.0899,0.1205,0
TX-107017,CUST-2022,RECIP-9258,20.27,6,2,1235,180,0,3,157.35,0,894.9,0,0,0.2114,0.0017,0
TX-107018,CUST-1696,RECIP-7316,190.99,6,5,105,1423,0,5,98.32,1,4.4,0,0,0.2172,0.1093,0
TX-107019,CUST-1417,RECIP-8870,19.14,19,6,2115,586,0,2,65.83,1,42.1,0,0,0.3158,0.1304,0
TX-107020,CUST-1778,RECIP-6485,593.28,10,2,44,484,0,2,19.17,2,4.0,0,0,0.0092,0.1463,0
TX-107021,CUST-2438,RECIP-6296,17.95,8,4,2203,1065,0,5,139.92,2,2.8,0,0,0.1702,0.2475,0
TX-107022,CUST-1904,RECIP-6271,478.82,18,3,539,1862,0,4,59.99,4,21.5,0,0,0.6931,0.2255,0
TX-107023,CUST-2060,RECIP-7379,245.46,8,3,1785,323,0,3,74.78,1,3.9,0,0,0.0584,0.1049,0
TX-107024,CUST-1186,RECIP-8505,15.56,8,0,1787,1105,0,3,284.55,3,36.7,0,0,0.271,0.2899,0
TX-107025,CUST-2481,RECIP-7252,93.59,18,6,1157,18,1,0,97.17,2,1.4,0,0,0.2937,0.0169,0
TX-107026,CUST-1367,RECIP-6327,18.95,7,3,1357,29,1,0,119.39,0,39.2,0,0,0.318,0.086,0
TX-107027,CUST-2456,RECIP-9320,36.33,12,1,210,1068,0,3,429.86,1,5.9,0,0,0.1743,0.083,0
TX-107028,CUST-1668,RECIP-7575,53.69,15,4,2255,19,1,0,112.95,0,2.1,0,0,0.0164,0.0821,0
TX-107029,CUST-2378,RECIP-6773,9.27,4,2,324,566,0,3,54.73,1,20.0,0,1,0.1407,0.1047,0
TX-107030,CUST-2337,RECIP-5043,40.87,3,5,1655,19,1,0,257.43,1,22.1,0,1,0.1129,0.0736,0
TX-107031,CUST-2133,RECIP-7530,68.78,20,5,30,379,0,5,104.86,1,2.3,0,0,0.1376,0.0731,0
TX-107032,CUST-2374,RECIP-7794,69.25,7,2,1872,1259,0,5,67.65,0,2244.0,1,1,0.0566,0.161,0
TX-107033,CUST-1914,RECIP-9179,18.87,8,4,917,7,1,0,50.76,3,22.8,0,0,0.086,0.2256,0
TX-107034,CUST-2273,RECIP-6038,52.38,14,0,1219,1209,0,3,80.26,0,8.9,0,0,0.1714,0.1342,0
TX-107035,CUST-1258,RECIP-5732,109.35,2,6,87,1,1,0,202.7,0,23.4,0,1,0.1317,0.1668,0
TX-107036,CUST-1105,RECIP-9496,198.91,1,3,570,1424,0,3,65.43,1,5.5,0,0,0.1706,0.5243,0
TX-107037,CUST-1815,RECIP-7477,1412.46,9,4,1104,40,1,0,112.81,0,39.2,0,0,0.4409,0.297,0
TX-107038,CUST-2214,RECIP-5120,3530.1,23,4,1802,229,0,2,52.97,2,19.8,0,0,0.2844,0.3358,0
TX-107039,CUST-2148,RECIP-5475,32.41,13,2,1505,178,0,4,289.49,2,13.6,0,0,0.2333,0.1405,0
TX-107040,CUST-1791,RECIP-7139,49.67,13,4,673,23,1,0,35.4,1,15.6,0,0,0.1391,0.0827,0
TX-107041,CUST-1781,RECIP-7778,134.83,14,2,1501,1907,0,5,47.68,1,2.5,0,0,0.0802,0.1429,0
TX-107042,CUST-1914,RECIP-6096,362.89,20,4,580,868,0,3,60.65,1,1517.0,0,0,0.0235,0.1379,0
TX-107043,CUST-2302,RECIP-6645,611.13,20,0,1401,372,0,7,35.84,1,29.5,0,3,0.2363,0.1297,0
TX-107044,CUST-2262,RECIP-8313,124.13,0,1,1364,1659,0,2,147.63,4,31.7,0,2,0.1877,0.0526,0
TX-107045,CUST-1164,RECIP-9354,267.1,12,6,588,62,0,1,165.85,0,12.7,0,1,0.1764,0.0233,0
TX-107046,CUST-1893,RECIP-7209,21.77,13,5,524,39,1,0,161.47,1,16.4,0,0,0.0086,0.3899,0
TX-107047,CUST-1571,RECIP-6869,65.91,5,0,1312,14,1,0,166.69,0,11.2,0,0,0.1528,0.2045,0
TX-107048,CUST-2199,RECIP-6625,262.97,23,1,1479,35,1,0,32.6,0,9.1,0,1,0.0958,0.1853,1
TX-107049,CUST-1758,RECIP-5612,35.95,6,3,2450,1531,0,4,120.67,4,3.2,0,0,0.0303,0.1099,0
TX-107050,CUST-2487,RECIP-5237,53.08,20,0,1253,759,0,5,279.57,1,1211.0,0,0,0.1503,0.2145,0
TX-107051,CUST-1648,RECIP-8752,744.07,2,2,1128,44,1,0,77.09,1,3063.9,1,0,0.3689,0.1654,1
TX-107052,CUST-2018,RECIP-5167,7373.83,14,2,1205,678,0,1,223.23,1,15.4,0,0,0.0512,0.0927,0
TX-107053,CUST-1162,RECIP-8693,149.09,17,0,2189,1765,0,3,88.32,1,14.0,0,0,0.1081,0.2249,0
TX-107054,CUST-2398,RECIP-6112,152.07,12,2,788,24,1,0,90.63,0,40.0,0,0,0.0415,0.1098,0
TX-107055,CUST-1230,RECIP-8126,14.74,2,2,972,15,1,0,40.2,1,386.9,0,0,0.0705,0.4083,0
TX-107056,CUST-1567,RECIP-9282,103.65,2,0,941,29,1,0,69.56,0,1638.4,0,0,0.0635,0.2199,0
TX-107057,CUST-2256,RECIP-8369,150.29,14,4,1568,16,1,0,260.51,1,54.9,0,0,0.0111,0.1703,0
TX-107058,CUST-2451,RECIP-8282,119.74,20,1,1757,636,0,4,61.68,3,8.3,0,0,0.4545,0.2445,0
TX-107059,CUST-1726,RECIP-6191,28.83,14,0,1220,1208,0,5,412.27,2,48.3,0,0,0.03,0.3721,0
TX-107060,CUST-1727,RECIP-7691,84.31,2,0,681,780,0,0,87.98,5,11.9,0,0,0.1766,0.0544,0
TX-107061,CUST-1073,RECIP-7889,279.86,18,6,1730,10,1,0,273.66,2,18.1,1,0,0.0386,0.1959,0
TX-107062,CUST-2468,RECIP-6913,75.21,11,0,710,1428,0,5,100.26,1,0.5,0,0,0.3366,0.0228,0
TX-107063,CUST-1024,RECIP-5171,32.95,1,6,2246,2,1,0,17.54,0,44.8,0,0,0.0769,0.1109,0
TX-107064,CUST-1039,RECIP-9105,1011.28,8,1,1571,1578,0,7,57.7,0,5.7,0,0,0.8989,0.1624,0
TX-107065,CUST-1710,RECIP-5886,151.89,4,0,1119,31,1,0,57.89,2,3.9,0,0,0.1643,0.0622,1
TX-107066,CUST-1005,RECIP-9380,60.49,23,3,606,1744,0,6,59.3,0,29.5,1,0,0.1869,0.2644,0
TX-107067,CUST-1246,RECIP-9195,1518.62,21,6,1900,1628,0,6,38.81,1,4.7,0,0,0.0907,0.1832,0
TX-107068,CUST-1941,RECIP-5084,73.69,2,0,1535,22,1,0,47.45,1,1799.7,0,0,0.0356,0.0739,1
TX-107069,CUST-2057,RECIP-8326,18.35,13,2,2209,278,0,6,157.18,2,11.3,0,0,0.5228,0.2718,0
TX-107070,CUST-1447,RECIP-7853,62.63,0,5,1775,872,0,3,713.56,0,33.6,0,2,0.2205,0.3257,0
TX-107071,CUST-2192,RECIP-6038,272.09,10,0,1980,1419,0,0,115.95,1,3.6,0,0,0.2805,0.176,0
TX-107072,CUST-1911,RECIP-8657,58.48,3,1,257,532,0,6,76.55,1,693.4,0,0,0.9408,0.0998,0
TX-107073,CUST-1342,RECIP-5501,831.98,17,2,90,16,1,0,15.58,3,16.3,0,0,0.0178,0.3215,1
TX-107074,CUST-2068,RECIP-6119,11.49,1,5,1656,1942,0,1,439.08,2,5.7,1,0,0.5398,0.0529,0
TX-107075,CUST-1888,RECIP-9270,143.37,21,5,30,36,1,0,221.22,0,20.7,0,0,0.0726,0.1798,0
TX-107076,CUST-2218,RECIP-8342,172.97,5,4,2230,835,0,7,70.62,1,0.9,0,0,0.0311,0.1841,0
TX-107077,CUST-1231,RECIP-5504,26.61,6,4,2210,29,1,0,125.56,1,14.7,0,0,0.378,0.1251,0
TX-107078,CUST-1346,RECIP-5648,85.08,21,0,1475,1747,0,3,69.82,1,2618.1,0,0,0.9196,0.0418,0
TX-107079,CUST-1455,RECIP-6156,7.87,21,1,1831,1582,0,0,41.17,1,0.7,0,0,0.2943,0.3561,1
TX-107080,CUST-1512,RECIP-5317,95.4,2,6,1072,1361,0,6,73.86,0,0.0,0,0,0.0497,0.1771,0
TX-107081,CUST-2333,RECIP-5821,55.2,2,5,2396,1483,0,1,189.36,4,5.5,1,2,0.3324,0.0196,0
TX-107082,CUST-2098,RECIP-7572,132.91,20,1,118,5,1,0,130.82,3,28.2,0,4,0.2213,0.1435,0
TX-107083,CUST-1816,RECIP-5033,169.76,23,4,752,1484,0,6,84.51,1,0.2,0,1,0.522,0.2116,0
TX-107084,CUST-1810,RECIP-6293,71.96,11,5,1753,1358,0,4,162.19,0,507.2,0,0,0.4825,0.1,0
TX-107085,CUST-2328,RECIP-6413,25.15,3,5,1976,1965,0,5,78.12,4,19.2,0,0,0.0298,0.1042,0
TX-107086,CUST-1670,RECIP-9368,20.15,3,6,628,17,1,0,252.81,1,1197.8,0,0,0.8745,0.2613,0
TX-107087,CUST-1337,RECIP-9383,25.78,6,3,2009,245,0,3,45.29,1,44.3,0,0,0.2905,0.2858,0
TX-107088,CUST-1205,RECIP-8804,125.59,16,0,1168,885,0,4,75.95,0,30.4,0,0,0.0671,0.1198,0
TX-107089,CUST-1495,RECIP-6538,1443.42,2,5,2147,17,1,0,180.46,1,26.7,0,0,0.1904,0.1184,0
TX-107090,CUST-1979,RECIP-7372,7.56,15,0,689,1756,0,4,170.61,1,4.8,1,1,0.3133,0.1161,0
TX-107091,CUST-1706,RECIP-7269,664.73,19,4,1739,1303,0,6,60.01,0,9.7,0,0,0.0933,0.0632,0
TX-107092,CUST-1632,RECIP-8870,124.67,3,5,542,603,0,2,51.63,1,29.5,0,0,0.1747,0.1626,0
TX-107093,CUST-1720,RECIP-8356,52.08,23,0,371,459,0,4,146.13,2,16.7,0,0,0.0248,0.1604,0
TX-107094,CUST-2462,RECIP-9079,39.25,23,5,1772,1688,0,3,291.46,2,3.6,0,0,0.7864,0.1774,0
TX-107095,CUST-2496,RECIP-7479,55.31,7,5,1711,43,1,0,195.64,0,15.6,0,1,0.9589,0.1949,0
TX-107096,CUST-1241,RECIP-9136,332.48,2,4,754,25,1,0,40.99,0,35.4,0,0,0.0921,0.0673,0
TX-107097,CUST-1171,RECIP-8346,217.02,7,2,1523,23,1,0,60.05,2,2273.1,0,0,0.2181,0.0836,0
TX-107098,CUST-1366,RECIP-8324,80.09,6,1,2355,15,1,0,44.06,0,1.0,0,0,0.9052,0.0339,0
TX-107099,CUST-2277,RECIP-7977,272.38,6,4,854,1329,0,4,287.84,0,7.8,0,0,0.1161,0.0486,0
TX-107100,CUST-1689,RECIP-6510,211.5,22,1,1269,15,1,0,95.01,0,2925.6,0,1,0.104,0.0726,1
TX-107101,CUST-2295,RECIP-7738,72.33,3,4,545,21,1,0,79.04,1,5.8,0,0,0.3154,0.0243,0
TX-107102,CUST-1970,RECIP-6604,299.96,7,1,1309,740,0,3,122.19,1,7.7,0,0,0.8258,0.1433,0
TX-107103,CUST-1829,RECIP-7923,367.52,18,2,2216,956,0,4,141.85,3,35.6,0,0,0.0549,0.1202,0
TX-107104,CUST-1422,RECIP-6146,326.13,1,3,1600,387,0,8,74.08,0,54.2,0,0,0.3367,0.3107,0
TX-107105,CUST-1516,RECIP-8596,165.76,1,1,380,1393,0,0,122.92,0,52.3,0,0,0.0571,0.1219,0
TX-107106,CUST-1221,RECIP-7571,159.27,7,5,1859,14,1,0,107.3,5,2518.0,0,0,0.3407,0.0951,0
TX-107107,CUST-1778,RECIP-8195,34.55,23,4,1072,684,0,8,340.64,1,54.8,0,1,0.0598,0.11,0
TX-107108,CUST-1420,RECIP-5998,10.63,20,0,74,1168,0,6,102.15,1,14.1,0,0,0.0317,0.0916,0
TX-107109,CUST-1438,RECIP-8562,120.49,22,5,1568,42,1,0,134.64,1,10.8,0,0,0.045,0.0137,0
TX-107110,CUST-1059,RECIP-8611,69.53,20,5,768,30,1,0,61.99,1,482.1,0,0,0.4903,0.1446,0
TX-107111,CUST-2198,RECIP-5655,58.6,2,5,2430,1215,0,7,62.61,1,0.9,0,0,0.4406,0.1403,0
TX-107112,CUST-2408,RECIP-6575,19.43,9,4,2488,31,1,0,140.56,2,24.3,0,3,0.238,0.1539,0
TX-107113,CUST-1747,RECIP-8049,203.53,12,4,1687,43,1,0,50.21,1,1.6,0,2,0.0029,0.1464,0
TX-107114,CUST-1804,RECIP-8930,73.46,3,2,1589,34,1,0,127.75,2,2.3,0,0,0.1643,0.1383,0
TX-107115,CUST-2388,RECIP-8316,28.84,23,1,783,1635,0,5,83.1,0,774.7,0,0,0.8132,0.1506,0
TX-107116,CUST-1767,RECIP-7122,42.45,14,1,205,591,0,6,157.66,1,7.5,0,0,0.5339,0.0777,0
TX-107117,CUST-1934,RECIP-6349,27.24,20,2,179,867,0,4,22.94,2,21.5,0,0,0.1149,0.268,0
TX-107118,CUST-1642,RECIP-9094,63.29,6,2,1175,1118,0,2,293.81,1,2.1,0,0,0.0873,0.1571,0
TX-107119,CUST-1771,RECIP-8935,88.51,17,5,814,1542,0,7,28.87,1,20.4,0,0,0.8511,0.3097,0
TX-107120,CUST-1782,RECIP-9035,695.23,2,3,2402,6,1,0,381.55,1,1.4,0,4,0.1389,0.0779,0
TX-107121,CUST-2066,RECIP-6371,12.02,0,2,753,1840,0,5,105.37,3,0.5,0,0,0.0868,0.1365,0
TX-107122,CUST-1906,RECIP-6963,104.42,15,5,560,671,0,3,146.29,0,8.0,0,0,0.0889,0.0396,0
TX-107123,CUST-1755,RECIP-6097,16.32,1,5,2053,885,0,1,96.23,1,18.3,0,0,0.0131,0.0041,0
TX-107124,CUST-1113,RECIP-9295,56.16,6,6,2094,571,0,4,105.7,0,16.5,0,0,0.056,0.0435,0
TX-107125,CUST-2356,RECIP-8901,141.9,19,2,960,1112,0,4,48.68,2,49.3,0,0,0.8375,0.2488,0
TX-107126,CUST-2332,RECIP-5779,69.61,11,1,231,587,0,4,158.77,1,3120.6,0,0,0.793,0.3728,0
TX-107127,CUST-1276,RECIP-6111,9.3,9,0,273,1825,0,5,138.9,5,0.6,0,0,0.8729,0.0651,0
TX-107128,CUST-1439,RECIP-7484,53.26,6,1,1316,677,0,2,136.82,3,30.9,0,0,0.2161,0.1381,0
TX-107129,CUST-2460,RECIP-6869,5867.13,16,4,2178,642,0,4,305.71,1,0.2,1,0,0.1112,0.1355,0
TX-107130,CUST-1481,RECIP-7069,278.43,22,5,985,7,1,0,34.8,0,5.0,0,0,0.8287,0.0459,1
TX-107131,CUST-2218,RECIP-6655,1318.14,17,4,74,1461,0,3,105.79,1,1567.5,0,0,0.0832,0.2195,0
TX-107132,CUST-2178,RECIP-8032,96.63,8,6,956,11,1,0,32.59,2,71.0,0,0,0.4593,0.2857,0
TX-107133,CUST-2291,RECIP-9041,40.42,10,4,37,8,1,0,238.94,2,17.8,0,0,0.3533,0.1725,0
TX-107134,CUST-1024,RECIP-9127,57.57,2,6,1075,1822,0,8,172.27,1,6.3,0,0,0.0671,0.2486,0
TX-107135,CUST-1724,RECIP-7048,107.12,3,1,1202,863,0,5,83.36,1,26.8,0,0,0.0276,0.2564,0
TX-107136,CUST-1848,RECIP-8725,695.14,6,2,1835,1404,0,6,193.76,0,16.8,0,0,0.4493,0.118,0
TX-107137,CUST-2255,RECIP-8124,194.59,9,5,200,1736,0,3,144.76,0,10.4,0,0,0.1479,0.3144,0
TX-107138,CUST-1336,RECIP-5886,162.83,23,4,1217,1495,0,4,32.66,1,35.3,0,0,0.1069,0.1844,1
TX-107139,CUST-1460,RECIP-8573,18.43,20,3,467,364,0,6,162.83,0,4.6,0,0,0.4344,0.1257,0
TX-107140,CUST-1269,RECIP-6576,3377.99,2,6,1182,1943,0,1,52.39,1,4.9,0,0,0.0107,0.0535,0
TX-107141,CUST-2142,RECIP-7825,107.74,7,5,2463,128,0,3,112.01,0,2225.6,0,0,0.0207,0.1854,0
TX-107142,CUST-2498,RECIP-8242,511.96,1,2,1860,23,1,0,201.43,1,28.4,0,0,0.0457,0.0914,0
TX-107143,CUST-1210,RECIP-9246,273.74,1,4,2115,461,0,6,103.19,3,38.4,0,0,0.3159,0.0586,0
TX-107144,CUST-1349,RECIP-9267,305.82,8,2,125,1457,0,4,94.74,2,63.0,0,0,0.713,0.3038,0
TX-107145,CUST-1460,RECIP-8611,569.14,23,2,1917,36,1,0,288.93,2,1.4,0,0,0.0763,0.0904,0
TX-107146,CUST-2333,RECIP-7276,21.26,4,5,2168,1106,0,3,113.61,0,3.8,0,0,0.3377,0.2944,0
TX-107147,CUST-1668,RECIP-6800,382.74,16,4,1686,29,1,0,82.0,0,11.6,0,1,0.2184,0.6464,0
TX-107148,CUST-1422,RECIP-6985,205.89,9,0,1961,951,0,3,30.37,1,2.5,0,0,0.0115,0.0897,0
TX-107149,CUST-1483,RECIP-9278,582.31,12,4,148,1386,0,6,101.35,0,1.5,0,0,0.0196,0.2678,0
TX-107150,CUST-1897,RECIP-5922,53.47,20,4,1854,480,0,6,168.07,0,21.0,0,0,0.7466,0.043,0
TX-107151,CUST-1580,RECIP-7360,132.72,19,3,2094,507,0,8,305.2,0,3.9,0,0,0.0212,0.0861,0
TX-107152,CUST-1210,RECIP-8058,96.15,19,2,599,628,0,3,30.8,2,1.6,0,1,0.0454,0.0505,0
TX-107153,CUST-2230,RECIP-5101,44.75,9,4,1193,2,1,0,139.32,1,5.6,0,0,0.6309,0.1442,0
TX-107154,CUST-1633,RECIP-7857,14.82,1,6,1073,1486,0,5,166.81,1,2.9,0,0,0.665,0.0027,0
TX-107155,CUST-1385,RECIP-6170,63.02,23,0,272,1074,0,6,72.45,2,1107.7,0,1,0.0923,0.1627,0
TX-107156,CUST-2092,RECIP-6262,37.95,23,4,346,24,1,0,345.42,0,35.8,0,1,0.2046,0.0581,0
TX-107157,CUST-2117,RECIP-7797,361.59,20,6,772,30,1,0,53.04,0,7.1,0,2,0.0249,0.3349,0
TX-107158,CUST-1232,RECIP-5040,134.44,11,2,299,146,0,2,393.1,4,31.5,0,0,0.0095,0.3292,0
TX-107159,CUST-1110,RECIP-5705,52.81,6,2,1269,32,1,0,110.41,1,3.5,0,0,0.1919,0.2607,0
TX-107160,CUST-1068,RECIP-7047,4029.18,4,1,167,1041,0,3,177.32,0,3.7,0,0,0.4278,0.0097,0
TX-107161,CUST-2148,RECIP-7628,244.49,8,1,63,43,1,0,73.33,0,1196.8,0,1,0.6748,0.1208,0
TX-107162,CUST-1938,RECIP-5491,109.27,8,2,1584,146,0,3,31.48,1,3105.0,1,0,0.2168,0.1747,0
TX-107163,CUST-2188,RECIP-6627,91.3,6,5,653,255,0,3,92.08,1,3473.0,0,0,0.2463,0.3091,0
TX-107164,CUST-1939,RECIP-6383,32.26,22,1,963,1398,0,3,161.66,1,49.9,0,0,0.7207,0.1272,0
TX-107165,CUST-1602,RECIP-7404,116.53,15,1,859,897,0,3,66.28,3,24.7,0,0,0.1584,0.0642,0
TX-107166,CUST-1884,RECIP-6352,1130.17,5,6,1188,1941,0,1,80.61,3,0.7,0,3,0.2306,0.3823,0
TX-107167,CUST-2083,RECIP-5008,342.17,15,6,1175,1153,0,2,105.87,2,6.3,0,0,0.3349,0.2523,0
TX-107168,CUST-1598,RECIP-7385,152.96,16,1,359,651,0,4,31.85,0,31.5,0,3,0.967,0.0902,0
TX-107169,CUST-2372,RECIP-8817,65.63,12,2,34,234,0,4,80.39,0,21.8,0,0,0.2054,0.0151,0
TX-107170,CUST-2349,RECIP-7631,389.32,22,2,1124,1488,0,6,116.46,1,23.6,0,0,0.2451,0.0965,0
TX-107171,CUST-2201,RECIP-6628,49.78,23,2,1426,754,0,9,66.87,0,15.3,1,0,0.2081,0.0345,0
TX-107172,CUST-2488,RECIP-7170,58.31,10,1,1928,1216,0,4,252.25,2,0.5,0,0,0.2572,0.0387,0
TX-107173,CUST-1585,RECIP-5630,105.79,11,0,518,957,0,4,117.9,3,9.5,0,0,0.218,0.1751,0
TX-107174,CUST-1171,RECIP-6064,189.27,5,4,236,2,1,0,20.1,1,43.8,0,0,0.0036,0.1398,0
TX-107175,CUST-1726,RECIP-6970,149.6,18,0,1505,1869,0,13,67.79,1,17.8,0,1,0.282,0.1127,0
TX-107176,CUST-2118,RECIP-7665,704.75,22,4,2258,290,0,0,59.12,1,3.4,0,2,0.8736,0.1864,0
TX-107177,CUST-2169,RECIP-7187,2475.23,15,0,620,21,1,0,52.33,2,4.3,0,0,0.1332,0.0698,1
TX-107178,CUST-1582,RECIP-9332,13.1,4,1,241,7,1,0,315.04,0,3370.2,0,0,0.0987,0.079,0
TX-107179,CUST-1438,RECIP-7868,120.28,12,0,1024,1887,0,5,158.89,2,7.0,0,0,0.4025,0.2859,0
TX-107180,CUST-1668,RECIP-5103,104.88,19,2,1415,610,0,3,74.77,1,11.0,0,0,0.1298,0.1367,0
TX-107181,CUST-2205,RECIP-7360,36.09,1,2,1570,1077,0,5,69.92,1,15.3,0,0,0.9075,0.0742,0
TX-107182,CUST-1090,RECIP-7622,77.45,14,2,308,211,0,1,78.37,1,4.7,0,0,0.0898,0.1592,0
TX-107183,CUST-1492,RECIP-5195,22.44,15,2,1651,1618,0,5,64.18,1,7.9,0,0,0.294,0.4,0
TX-107184,CUST-1344,RECIP-6732,128.27,12,6,877,495,0,5,58.96,2,20.1,0,0,0.2944,0.2262,0
TX-107185,CUST-2208,RECIP-8921,82.92,15,3,105,246,0,2,145.36,1,52.3,0,1,0.0779,0.0612,0
TX-107186,CUST-1704,RECIP-6606,32.17,21,5,2307,609,0,3,21.16,2,2254.3,0,4,0.4233,0.1565,0
TX-107187,CUST-1130,RECIP-7054,55.08,2,1,1351,1154,0,4,146.82,0,47.1,0,0,0.1134,0.1545,0
TX-107188,CUST-1392,RECIP-5995,2133.37,13,3,783,4,1,0,31.7,2,55.9,0,2,0.2706,0.1525,0
TX-107189,CUST-1066,RECIP-5346,105.07,19,0,2047,19,1,0,145.99,1,2.4,0,3,0.2466,0.4704,0
TX-107190,CUST-1713,RECIP-6431,66.92,19,1,1998,206,0,4,221.3,1,8.3,0,0,0.0431,0.0331,0
TX-107191,CUST-2496,RECIP-8477,42.46,11,0,539,1473,0,0,45.55,1,11.2,0,0,0.0495,0.1257,0
TX-107192,CUST-1850,RECIP-9424,180.6,23,0,2402,725,0,8,57.51,2,42.0,0,0,0.7566,0.074,0
TX-107193,CUST-2304,RECIP-7970,230.0,7,1,1344,23,1,0,206.7,0,20.0,0,0,0.0011,0.1493,0
TX-107194,CUST-2113,RECIP-8738,207.94,10,1,677,838,0,6,78.65,1,11.5,0,0,0.0578,0.2907,0
TX-107195,CUST-2324,RECIP-7922,188.68,19,2,1135,28,1,0,55.36,3,18.6,1,0,0.0294,0.0804,1
TX-107196,CUST-1466,RECIP-7964,294.79,10,5,493,670,0,1,57.8,1,2.4,0,2,0.3823,0.0331,0
TX-107197,CUST-2426,RECIP-6921,64.36,8,1,2129,231,0,3,609.34,3,7.6,0,0,0.2413,0.2996,0
TX-107198,CUST-1357,RECIP-5275,267.67,13,4,693,1300,0,3,68.56,2,2988.7,0,0,0.2697,0.1483,0
TX-107199,CUST-1657,RECIP-6847,137.71,14,2,1113,1264,0,1,145.47,0,1552.5,0,0,0.059,0.0757,0
TX-107200,CUST-2021,RECIP-8891,105.48,23,2,199,1957,0,1,162.08,4,24.2,0,1,0.2507,0.1743,0
TX-107201,CUST-1430,RECIP-7413,71.02,14,6,2361,1503,0,2,321.58,2,9.4,0,4,0.5076,0.207,0
TX-107202,CUST-1396,RECIP-8428,98.82,4,3,778,16,1,0,423.67,0,1638.9,0,0,0.1341,0.2448,0
TX-107203,CUST-1195,RECIP-5227,835.22,1,1,1641,6,1,0,24.27,0,33.4,0,3,0.1564,0.2631,1
TX-107204,CUST-1006,RECIP-5905,136.52,23,1,902,1663,0,5,295.48,2,676.3,0,0,0.0682,0.1283,0
TX-107205,CUST-1751,RECIP-6345,211.25,10,1,1416,11,1,0,110.53,3,5.6,0,0,0.0305,0.021,0
TX-107206,CUST-2480,RECIP-6617,19.1,4,5,1413,15,1,0,46.04,1,15.1,0,0,0.1065,0.0433,0
TX-107207,CUST-1330,RECIP-9445,341.96,5,4,751,24,1,0,207.28,1,16.1,0,0,0.1864,0.0728,0
TX-107208,CUST-1660,RECIP-7078,98.87,2,1,1097,36,1,0,50.57,1,27.1,0,0,0.0667,0.1213,0
TX-107209,CUST-2403,RECIP-7979,109.21,4,3,1503,670,0,5,262.66,2,1794.0,0,0,0.0126,0.2186,0
TX-107210,CUST-2158,RECIP-7900,71.17,18,3,566,1023,0,2,74.75,1,11.3,0,0,0.2288,0.1502,0
TX-107211,CUST-1006,RECIP-6885,24.78,15,0,354,180,0,5,223.09,1,41.6,0,1,0.0644,0.0216,0
TX-107212,CUST-1750,RECIP-9348,16.68,14,6,470,751,0,7,173.56,0,1085.1,0,0,0.0976,0.1169,0
TX-107213,CUST-1214,RECIP-6000,38.24,0,5,1058,38,1,0,40.21,0,44.3,0,0,0.0465,0.0284,0
TX-107214,CUST-1370,RECIP-5155,4364.37,16,3,558,450,0,2,34.57,3,0.2,0,0,0.067,0.231,0
TX-107215,CUST-1369,RECIP-8353,491.59,23,5,732,1907,0,2,112.89,1,54.3,0,0,0.4639,0.3103,0
TX-107216,CUST-1918,RECIP-7942,107.92,22,0,1723,159,0,6,69.1,0,19.2,0,0,0.1403,0.1184,0
TX-107217,CUST-1298,RECIP-6171,140.86,9,6,1685,784,0,5,163.5,1,13.3,0,1,0.0087,0.1052,0
TX-107218,CUST-1377,RECIP-8905,478.14,14,4,2360,793,0,4,83.49,1,7.1,0,1,0.0175,0.0254,0
TX-107219,CUST-1338,RECIP-5730,116.54,7,6,1917,20,1,0,51.87,0,7.8,0,0,0.2493,0.0723,0
TX-107220,CUST-1535,RECIP-6129,11.26,21,6,1078,1113,0,5,129.0,0,17.7,0,0,0.247,0.1008,0
TX-107221,CUST-1984,RECIP-5695,370.9,22,4,2323,1721,0,5,21.0,2,39.5,1,1,0.0104,0.075,0
TX-107222,CUST-1599,RECIP-5838,97.12,5,2,2304,1708,0,4,36.74,1,6.8,0,0,0.3076,0.0427,0
TX-107223,CUST-1491,RECIP-8281,116.6,11,4,578,1138,0,4,45.72,1,7.6,0,0,0.0736,0.0738,0
TX-107224,CUST-1776,RECIP-8165,88.09,5,3,453,36,1,0,16.49,1,15.8,0,0,0.1208,0.01,0
TX-107225,CUST-1922,RECIP-7892,71.72,14,2,2215,35,1,0,130.61,1,14.1,1,0,0.0288,0.1505,0
TX-107226,CUST-1023,RECIP-8873,219.42,7,4,2229,1036,0,8,52.41,3,1.8,0,1,0.2904,0.2696,0
TX-107227,CUST-2335,RECIP-5314,107.36,16,6,2119,1876,0,6,118.7,1,6.0,0,0,0.0713,0.2142,0
TX-107228,CUST-2374,RECIP-7791,117.06,23,1,1166,22,1,0,174.11,1,1.2,0,0,0.1014,0.3697,1
TX-107229,CUST-1903,RECIP-5517,35.77,20,3,2160,42,1,0,257.39,0,4.4,0,0,0.2658,0.284,0
TX-107230,CUST-1861,RECIP-9300,1176.59,4,5,1929,27,1,0,181.01,2,12.3,0,0,0.0328,0.3231,0
TX-107231,CUST-2041,RECIP-7852,389.31,3,2,1858,36,1,0,29.92,0,0.1,0,0,0.0053,0.0201,0
TX-107232,CUST-1661,RECIP-8419,279.1,19,2,1517,759,0,6,50.55,1,2238.9,0,0,0.0465,0.2761,0
TX-107233,CUST-1548,RECIP-7570,530.96,1,0,691,41,1,0,27.02,2,18.4,0,0,0.2807,0.197,0
TX-107234,CUST-1529,RECIP-6726,107.9,9,2,1875,1629,0,3,49.99,1,860.3,1,0,0.0987,0.3402,0
TX-107235,CUST-1239,RECIP-8086,282.5,23,4,2198,897,0,6,298.65,3,7.8,0,0,0.2363,0.0055,0
TX-107236,CUST-2261,RECIP-8760,233.54,10,6,2214,1362,0,3,124.41,0,28.0,0,0,0.3185,0.1159,0
TX-107237,CUST-1480,RECIP-5801,107.47,0,3,1510,422,0,7,209.79,1,4.3,0,0,0.0676,0.0881,0
TX-107238,CUST-1426,RECIP-8923,84.94,23,2,127,31,1,0,36.53,0,7.5,0,0,0.0483,0.2227,0
TX-107239,CUST-2446,RECIP-8269,90.63,16,5,1859,28,1,0,85.23,1,23.1,1,2,0.1506,0.2262,0
TX-107240,CUST-1760,RECIP-5386,484.32,7,1,656,8,1,0,155.71,2,16.6,0,0,0.8452,0.1026,0
TX-107241,CUST-1932,RECIP-9212,22.09,14,1,536,944,0,4,46.72,1,7.8,0,0,0.7447,0.084,0
TX-107242,CUST-1368,RECIP-5811,187.75,14,3,224,293,0,3,84.11,3,23.5,0,0,0.0629,0.1913,0
TX-107243,CUST-1416,RECIP-7704,341.32,13,5,418,35,1,0,202.15,2,11.6,0,0,0.1335,0.1951,0
TX-107244,CUST-2092,RECIP-5583,49.91,23,1,1240,139,0,5,210.78,2,7.2,0,0,0.6672,0.1559,0
TX-107245,CUST-1676,RECIP-5882,667.82,18,0,713,244,0,1,147.88,0,2.2,0,0,0.6567,0.1642,0
TX-107246,CUST-1221,RECIP-7893,43.98,6,5,972,17,1,0,96.59,0,37.4,0,0,0.116,0.2531,0
TX-107247,CUST-2253,RECIP-8057,775.62,23,4,1293,27,1,0,108.02,1,19.7,0,0,0.0381,0.0491,0
TX-107248,CUST-1604,RECIP-8091,26.19,23,4,1331,1662,0,0,43.05,2,8.5,0,0,0.2252,0.011,0
TX-107249,CUST-2002,RECIP-6543,56.44,1,2,1059,298,0,4,407.15,1,2498.7,1,0,0.0462,0.2789,0
TX-107250,CUST-1511,RECIP-8690,284.9,7,0,1148,42,1,0,37.89,0,39.9,0,0,0.5041,0.0796,0
TX-107251,CUST-1840,RECIP-5221,28.33,14,2,2222,1282,0,6,262.88,1,1.7,0,0,0.4231,0.3159,0
TX-107252,CUST-2163,RECIP-8844,73.75,21,3,729,26,1,0,23.47,2,5.8,0,1,0.377,0.1518,1
TX-107253,CUST-2327,RECIP-6360,206.6,17,3,62,1164,0,4,81.06,0,16.9,0,0,0.1556,0.2476,0
TX-107254,CUST-1311,RECIP-7792,139.48,13,6,2006,586,0,1,132.0,1,9.9,0,0,0.4719,0.1851,0
TX-107255,CUST-2008,RECIP-9075,175.48,7,1,227,41,1,0,57.53,2,8.5,0,0,0.2028,0.1334,0
TX-107256,CUST-2371,RECIP-6149,165.77,2,2,1942,43,1,0,32.2,2,2.2,0,0,0.0391,0.2646,0
TX-107257,CUST-1964,RECIP-6850,114.29,21,1,833,552,0,4,53.57,3,5.3,1,1,0.0647,0.0956,0
TX-107258,CUST-1214,RECIP-8727,239.83,12,3,2108,1548,0,5,82.43,1,5.3,0,0,0.8543,0.1983,0
TX-107259,CUST-1284,RECIP-8890,100.88,10,5,444,516,0,5,112.66,1,9.6,0,2,0.0696,0.2024,0
TX-107260,CUST-1304,RECIP-6058,46.0,23,6,436,1808,0,6,90.76,4,19.9,0,0,0.2716,0.0492,0
TX-107261,CUST-1159,RECIP-7288,229.98,3,1,1034,1276,0,4,109.17,2,1.8,0,0,0.1814,0.3096,0
TX-107262,CUST-2130,RECIP-6499,44.9,6,3,1064,1814,0,4,127.64,3,83.1,0,0,0.7517,0.0101,0
TX-107263,CUST-2447,RECIP-7326,278.05,20,5,1802,1143,0,4,164.39,1,369.8,1,0,0.0346,0.1471,0
TX-107264,CUST-1775,RECIP-6706,103.18,6,0,1629,35,1,0,70.32,1,31.4,0,0,0.0348,0.2131,0
TX-107265,CUST-1898,RECIP-5023,157.26,22,4,2483,22,1,0,128.3,3,3.1,0,0,0.1634,0.1362,0
TX-107266,CUST-2160,RECIP-9160,187.85,20,0,1702,1623,0,0,41.16,4,8.6,1,0,0.015,0.0516,0
TX-107267,CUST-1623,RECIP-7866,418.36,2,0,529,2,1,0,29.73,2,16.0,0,1,0.1558,0.3449,1
TX-107268,CUST-1708,RECIP-7077,248.11,10,0,248,6,1,0,70.12,2,0.1,0,0,0.1287,0.0895,0
TX-107269,CUST-1883,RECIP-5485,62.76,18,6,686,24,1,0,1021.3,0,0.5,0,0,0.319,0.2635,0
TX-107270,CUST-1456,RECIP-5320,206.4,11,4,2459,1674,0,4,98.48,0,4.0,0,1,0.4575,0.0477,0
TX-107271,CUST-1092,RECIP-7154,156.44,5,5,1928,69,0,3,186.82,0,118.9,0,3,0.0106,0.0902,0
TX-107272,CUST-1851,RECIP-7920,3741.42,1,4,1860,176,0,4,242.2,4,1221.2,0,0,0.4707,0.1652,0
TX-107273,CUST-2233,RECIP-6171,111.46,0,5,701,1459,0,1,78.75,0,26.5,0,3,0.7481,0.2007,0
TX-107274,CUST-1109,RECIP-8349,522.6,4,3,1187,186,0,2,303.17,0,2.5,0,0,0.1056,0.0604,0
TX-107275,CUST-1324,RECIP-6765,123.54,6,5,1768,691,0,3,144.21,1,1219.2,0,0,0.2094,0.0391,0
TX-107276,CUST-1394,RECIP-5049,18.29,7,0,2369,959,0,7,225.58,1,0.8,0,3,0.1153,0.2169,0
TX-107277,CUST-2206,RECIP-7416,112.55,20,4,1471,518,0,5,115.31,2,20.2,0,0,0.5562,0.1053,0
TX-107278,CUST-1756,RECIP-5814,40.39,12,5,82,1493,0,5,120.24,2,1.9,0,2,0.3499,0.1615,0
TX-107279,CUST-1801,RECIP-5065,64.78,3,6,2141,1233,0,2,289.74,0,25.1,0,0,0.3074,0.2519,0
TX-107280,CUST-1967,RECIP-5585,91.04,1,2,2336,1329,0,3,69.02,2,8.1,0,0,0.1321,0.0196,0
TX-107281,CUST-1414,RECIP-6280,174.89,3,1,112,548,0,4,127.64,0,982.8,0,0,0.1513,0.2218,0
TX-107282,CUST-2070,RECIP-7316,66.43,7,5,998,102,0,3,106.93,0,3.0,0,0,0.2169,0.1364,0
TX-107283,CUST-1045,RECIP-9453,529.51,17,0,2449,170,0,0,110.47,0,9.5,0,0,0.0987,0.214,0
TX-107284,CUST-1170,RECIP-5982,110.19,1,5,2385,546,0,3,168.36,0,4.1,0,0,0.5697,0.0413,0
TX-107285,CUST-2223,RECIP-5258,77.94,9,4,2411,18,1,0,128.31,1,12.2,0,0,0.1819,0.0264,0
TX-107286,CUST-1987,RECIP-5860,2023.54,10,4,2439,13,1,0,95.25,2,12.7,0,0,0.083,0.0046,0
TX-107287,CUST-1264,RECIP-6437,138.71,3,2,85,1708,0,4,355.58,0,0.9,0,2,0.1309,0.0909,0
TX-107288,CUST-1658,RECIP-5923,20.95,1,0,403,24,1,0,134.7,3,9.5,0,0,0.1701,0.1173,1
TX-107289,CUST-1077,RECIP-6446,29.84,5,4,1263,1215,0,1,62.48,2,14.5,0,0,0.337,0.0574,0
TX-107290,CUST-2007,RECIP-9360,672.34,3,2,1520,39,1,0,101.57,0,11.1,1,0,0.8483,0.2786,1
TX-107291,CUST-2133,RECIP-6707,100.48,19,2,1021,12,1,0,101.25,4,2.5,0,0,0.2182,0.3255,0
TX-107292,CUST-1417,RECIP-7856,95.16,22,1,692,458,0,3,66.64,3,1.9,0,0,0.5644,0.2794,0
TX-107293,CUST-1525,RECIP-8081,403.28,14,2,657,37,1,0,72.05,1,3011.4,0,0,0.3513,0.0107,1
TX-107294,CUST-1355,RECIP-5585,1283.38,18,5,1520,30,1,0,92.42,0,1100.8,0,0,0.0754,0.0761,1
TX-107295,CUST-1584,RECIP-6114,68.09,18,6,2445,18,1,0,146.69,1,0.6,0,0,0.2013,0.1382,0
TX-107296,CUST-1408,RECIP-6870,102.07,21,2,2070,1831,0,6,43.04,0,1.6,0,0,0.1071,0.2921,0
TX-107297,CUST-1370,RECIP-7071,68.45,2,0,461,11,1,0,154.05,1,5.0,0,0,0.1039,0.0765,0
TX-107298,CUST-1645,RECIP-5059,90.82,23,0,395,574,0,4,86.08,1,1.1,1,0,0.019,0.0774,0
TX-107299,CUST-2288,RECIP-7901,112.64,10,1,680,42,1,0,44.46,0,2980.8,0,0,0.0927,0.1731,0
TX-107300,CUST-2144,RECIP-6353,160.21,13,0,1840,2,1,0,148.08,0,19.3,0,0,0.1465,0.4139,0
TX-107301,CUST-1445,RECIP-6450,78.31,19,4,50,7,1,0,126.78,3,30.9,1,0,0.8375,0.1615,0
TX-107302,CUST-2414,RECIP-7713,94.95,11,4,1769,16,1,0,154.4,3,3.9,0,0,0.1426,0.0716,0
TX-107303,CUST-1315,RECIP-9269,104.25,6,5,1463,1097,0,5,230.61,2,21.4,0,1,0.2242,0.0026,0
TX-107304,CUST-2366,RECIP-8892,1371.23,0,2,1659,1317,0,1,397.33,1,0.3,0,0,0.121,0.25,0
TX-107305,CUST-1463,RECIP-9408,163.17,4,5,2156,1990,0,1,106.99,2,25.8,0,0,0.9157,0.0789,0
TX-107306,CUST-1810,RECIP-6860,5.73,2,1,1489,1654,0,4,82.1,1,3.1,1,2,0.1027,0.0592,0
TX-107307,CUST-1304,RECIP-5538,82.26,9,1,1566,43,1,0,92.0,0,18.9,0,0,0.1408,0.0169,0
TX-107308,CUST-2143,RECIP-5971,23.88,18,6,1216,942,0,4,77.31,1,1.2,1,1,0.3503,0.0223,0
TX-107309,CUST-1476,RECIP-6547,67.06,8,6,1639,1463,0,1,66.88,0,4.2,0,0,0.3085,0.1731,0
TX-107310,CUST-2308,RECIP-6351,70.05,14,4,969,1309,0,5,102.16,2,1602.1,0,1,0.8681,0.1348,0
TX-107311,CUST-1124,RECIP-5935,16.67,4,4,193,1184,0,4,32.08,1,4.8,1,0,0.1684,0.0798,0
TX-107312,CUST-1753,RECIP-5678,703.51,14,4,92,14,1,0,189.1,1,1.0,0,0,0.1498,0.1385,0
TX-107313,CUST-1237,RECIP-5840,110.7,22,5,1795,93,0,1,131.82,0,747.8,0,0,0.3178,0.2368,0
TX-107314,CUST-2333,RECIP-7962,293.41,7,1,1604,1064,0,5,314.9,2,1058.1,1,0,0.1356,0.1074,0
TX-107315,CUST-1625,RECIP-7209,44.65,11,0,1040,1821,0,3,52.96,0,23.2,0,0,0.702,0.1845,0
TX-107316,CUST-2011,RECIP-5169,90.21,23,1,1873,4,1,0,296.69,0,3135.0,0,0,0.0533,0.3375,0
TX-107317,CUST-2319,RECIP-7537,206.99,14,2,1200,38,1,0,205.67,1,0.3,0,0,0.7292,0.0852,0
TX-107318,CUST-1803,RECIP-8790,24.43,9,1,659,1935,0,3,49.55,1,14.6,0,0,0.8939,0.0715,0
TX-107319,CUST-1085,RECIP-6915,1626.51,2,3,1474,77,0,10,44.5,1,256.5,0,0,0.077,0.1072,0
TX-107320,CUST-1331,RECIP-6433,360.07,22,0,963,15,1,0,129.94,1,13.2,0,0,0.7115,0.1016,0
TX-107321,CUST-1319,RECIP-6226,118.02,14,4,2439,8,1,0,156.4,0,2552.4,0,0,0.2568,0.132,0
TX-107322,CUST-2371,RECIP-6707,48.76,1,4,1811,752,0,3,182.5,0,2.2,0,0,0.0218,0.2636,0
TX-107323,CUST-2362,RECIP-6253,118.37,13,0,1878,25,1,0,63.07,2,4.0,0,0,0.1375,0.1583,0
TX-107324,CUST-1715,RECIP-9158,8.67,23,2,1729,36,1,0,610.9,1,1.9,0,0,0.7479,0.2455,0
TX-107325,CUST-2335,RECIP-9464,936.48,22,3,1719,615,0,7,43.58,1,12.4,0,1,0.1414,0.169,0
TX-107326,CUST-1369,RECIP-6544,479.53,4,0,1939,31,1,0,242.71,0,4.8,0,0,0.1247,0.1265,0
TX-107327,CUST-2019,RECIP-9156,19.09,9,4,1096,26,1,0,27.47,0,2650.8,0,0,0.1262,0.1562,0
TX-107328,CUST-1587,RECIP-8841,49.56,23,5,2059,480,0,5,56.19,2,36.6,0,0,0.244,0.1595,0
TX-107329,CUST-1360,RECIP-5341,34.91,18,2,115,26,1,0,196.31,1,9.6,1,0,0.0326,0.5647,0
TX-107330,CUST-1375,RECIP-7208,329.07,13,0,1675,6,1,0,375.09,1,17.6,0,0,0.1547,0.0995,0
TX-107331,CUST-1629,RECIP-7954,164.51,7,3,1360,1798,0,1,234.32,3,4.3,0,0,0.0156,0.0823,0
TX-107332,CUST-1509,RECIP-6899,321.99,18,6,50,909,0,7,89.52,3,3.7,0,1,0.4012,0.3289,0
TX-107333,CUST-1316,RECIP-7055,90.59,13,2,1662,1202,0,5,42.58,2,339.4,0,0,0.0801,0.3214,0
TX-107334,CUST-1501,RECIP-7223,1414.7,12,5,35,1189,0,5,262.75,2,27.4,0,0,0.1784,0.1764,0
TX-107335,CUST-1192,RECIP-8099,25.6,22,6,1769,694,0,1,88.59,0,3200.2,0,0,0.4593,0.1357,0
TX-107336,CUST-2454,RECIP-6321,28.37,9,1,1324,583,0,4,300.01,1,3.9,0,0,0.2006,0.0579,0
TX-107337,CUST-1569,RECIP-7686,54.25,15,4,1531,230,0,6,239.06,3,24.1,0,1,0.1363,0.1107,0
TX-107338,CUST-1161,RECIP-6095,34.85,1,0,1536,1652,0,4,150.53,1,83.6,0,0,0.396,0.1048,0
TX-107339,CUST-1863,RECIP-9001,80.61,17,3,771,30,1,0,55.15,0,15.0,0,0,0.3883,0.1224,0
TX-107340,CUST-2324,RECIP-5381,38.07,13,6,1567,1330,0,7,57.71,2,14.0,0,0,0.0739,0.1067,0
TX-107341,CUST-1539,RECIP-5301,109.22,21,6,575,7,1,0,159.37,2,10.9,0,4,0.1174,0.1425,0
TX-107342,CUST-2267,RECIP-5169,85.22,7,1,1904,33,1,0,114.42,1,2.3,0,1,0.2869,0.1344,0
TX-107343,CUST-1916,RECIP-6573,183.79,22,4,252,64,0,8,419.73,0,0.6,0,0,0.4639,0.0505,0
TX-107344,CUST-2108,RECIP-7728,124.45,13,0,380,34,1,0,161.99,4,10.1,0,0,0.2647,0.0136,0
TX-107345,CUST-1444,RECIP-9434,11.25,4,1,1765,1987,0,2,152.12,3,3.5,0,1,0.0642,0.0333,0
TX-107346,CUST-1055,RECIP-7045,56.16,3,5,172,41,1,0,328.54,0,44.4,0,1,0.428,0.3175,0
TX-107347,CUST-1518,RECIP-5820,158.17,4,4,2427,575,0,5,63.75,1,3.8,0,0,0.0012,0.176,0
TX-107348,CUST-2386,RECIP-6657,356.81,7,2,106,1203,0,1,152.3,2,3.5,0,1,0.0833,0.1578,0
TX-107349,CUST-2186,RECIP-5573,337.3,13,6,1326,569,0,4,54.32,2,11.7,0,0,0.0381,0.0657,0
TX-107350,CUST-2176,RECIP-7123,383.66,20,5,2460,311,0,2,202.21,0,4.4,0,0,0.1491,0.0558,0
TX-107351,CUST-2317,RECIP-8280,105.02,23,0,1692,644,0,2,338.39,1,6.3,0,1,0.122,0.2271,0
TX-107352,CUST-1559,RECIP-5159,317.01,16,0,1592,730,0,1,119.35,2,41.5,0,0,0.0367,0.3589,0
TX-107353,CUST-1483,RECIP-8498,726.6,11,4,1740,1925,0,2,29.19,1,61.4,0,0,0.238,0.0192,0
TX-107354,CUST-2387,RECIP-6028,232.57,14,6,1774,24,1,0,221.23,0,0.5,0,0,0.0655,0.0186,0
TX-107355,CUST-1857,RECIP-8025,131.05,7,1,428,1691,0,2,321.87,0,3.1,0,0,0.0836,0.1609,0
TX-107356,CUST-1446,RECIP-8669,170.65,5,3,792,4,1,0,59.35,2,3.2,0,0,0.0069,0.0229,0
TX-107357,CUST-1417,RECIP-8492,164.93,12,5,503,1296,0,4,62.81,0,0.4,0,0,0.1377,0.2196,0
TX-107358,CUST-2315,RECIP-8014,56.1,19,6,553,42,1,0,216.23,1,2312.0,0,0,0.1558,0.192,0
TX-107359,CUST-1080,RECIP-8121,5.25,1,4,544,1018,0,3,51.89,2,1625.1,0,1,0.8482,0.444,0
TX-107360,CUST-1092,RECIP-5844,84.55,2,6,1605,1583,0,10,44.96,1,303.1,0,0,0.8002,0.0248,0
TX-107361,CUST-2106,RECIP-5610,35.4,4,6,2334,694,0,2,52.83,1,2958.7,0,0,0.3495,0.366,0
TX-107362,CUST-1002,RECIP-6715,15.64,5,5,1410,941,0,3,74.16,2,26.7,0,0,0.1926,0.1175,0
TX-107363,CUST-1256,RECIP-7736,150.05,3,4,68,710,0,4,181.78,0,9.0,0,0,0.2763,0.0559,0
TX-107364,CUST-2485,RECIP-7781,42.0,3,6,1739,562,0,7,116.94,2,10.4,0,0,0.1189,0.13,0
TX-107365,CUST-1638,RECIP-8495,75.68,0,0,1366,28,1,0,212.51,0,0.3,1,0,0.1193,0.2173,0
TX-107366,CUST-2091,RECIP-6388,142.68,8,0,1949,252,0,2,159.65,0,12.0,0,2,0.1988,0.0321,0
TX-107367,CUST-1730,RECIP-8894,17.69,17,3,961,11,1,0,286.14,0,11.8,1,1,0.0111,0.1219,0
TX-107368,CUST-1135,RECIP-7021,200.51,3,4,1088,1746,0,3,228.29,3,26.1,0,0,0.4612,0.0538,0
TX-107369,CUST-1276,RECIP-6108,96.04,7,6,1658,33,1,0,45.26,1,16.8,0,0,0.0424,0.0238,0
TX-107370,CUST-2141,RECIP-8309,158.53,23,4,1777,1521,0,1,80.15,3,17.8,0,0,0.1428,0.06,0
TX-107371,CUST-1141,RECIP-5573,38.57,4,1,574,849,0,0,271.13,3,8.4,0,0,0.1693,0.4635,0
TX-107372,CUST-1891,RECIP-6823,293.79,23,6,1478,1083,0,2,140.9,0,26.7,1,0,0.1303,0.0213,0
TX-107373,CUST-1522,RECIP-8514,92.49,12,0,2404,11,1,0,70.07,2,0.1,0,0,0.2909,0.2538,0
TX-107374,CUST-1555,RECIP-8469,1414.27,17,0,189,30,1,0,78.45,1,1965.7,0,4,0.1766,0.3157,1
TX-107375,CUST-2428,RECIP-6154,58.35,7,5,848,19,1,0,199.31,2,2268.5,0,1,0.0429,0.2264,0
TX-107376,CUST-1908,RECIP-5749,18.39,7,6,1348,1660,0,4,78.76,1,8.5,0,0,0.341,0.0151,0
TX-107377,CUST-1922,RECIP-5143,98.28,9,3,2317,208,0,1,242.98,1,2.4,0,3,0.1448,0.3063,0
TX-107378,CUST-1525,RECIP-5402,176.63,3,0,2421,32,1,0,88.65,0,1.6,0,0,0.2535,0.1275,0
TX-107379,CUST-1572,RECIP-8713,74.22,7,0,1485,15,1,0,315.5,4,36.6,0,2,0.1272,0.2444,0
TX-107380,CUST-2028,RECIP-8526,31.85,21,6,1380,25,1,0,247.69,4,5.3,0,0,0.195,0.03,0
TX-107381,CUST-1058,RECIP-7276,57.25,0,1,1053,1964,0,4,67.11,5,59.3,0,0,0.3788,0.2377,0
TX-107382,CUST-1355,RECIP-7565,165.34,13,4,1130,1174,0,4,183.45,0,3245.9,0,0,0.0682,0.0381,0
TX-107383,CUST-1900,RECIP-6469,223.56,16,2,1842,1,1,0,36.57,1,1.5,0,0,0.2507,0.014,0
TX-107384,CUST-1935,RECIP-5864,2243.77,3,1,1374,1081,0,3,106.62,3,1182.8,0,4,0.167,0.0898,0
TX-107385,CUST-1138,RECIP-5051,268.87,2,4,1396,14,1,0,100.31,3,1.9,0,0,0.4737,0.212,0
TX-107386,CUST-2181,RECIP-8023,28.28,13,5,2114,1887,0,4,28.31,2,8.1,0,0,0.3149,0.3097,0
TX-107387,CUST-1813,RECIP-5158,143.99,5,3,372,722,0,4,26.84,1,1004.3,1,0,0.6121,0.3768,0
TX-107388,CUST-1356,RECIP-5472,112.82,23,3,2395,1914,0,6,246.82,0,12.2,0,0,0.4017,0.2827,0
TX-107389,CUST-2127,RECIP-8566,62.16,4,3,1770,37,1,0,97.48,2,8.9,0,0,0.4571,0.0294,0
TX-107390,CUST-2486,RECIP-7622,101.5,3,4,1479,681,0,3,112.44,2,22.4,0,0,0.1889,0.1039,0
TX-107391,CUST-1635,RECIP-7203,57.63,7,5,1461,726,0,2,80.18,3,3.6,0,0,0.1232,0.1905,0
TX-107392,CUST-1425,RECIP-5982,625.97,7,4,1454,1747,0,5,257.34,1,2753.5,0,2,0.1599,0.1469,0
TX-107393,CUST-1449,RECIP-5673,131.39,3,1,1427,1375,0,5,32.38,3,19.9,1,0,0.0215,0.0847,0
TX-107394,CUST-1888,RECIP-7099,72.9,15,1,896,1035,0,3,187.75,0,0.0,0,0,0.3874,0.1566,0
TX-107395,CUST-1071,RECIP-6613,34.41,8,4,1853,1736,0,3,439.01,1,459.3,0,0,0.7606,0.1935,0
TX-107396,CUST-1725,RECIP-7403,183.86,12,4,654,558,0,4,54.51,1,12.8,0,0,0.0508,0.2769,0
TX-107397,CUST-1037,RECIP-5743,548.9,5,2,1644,4,1,0,48.2,1,22.4,0,1,0.3119,0.071,1
TX-107398,CUST-1057,RECIP-6041,174.79,2,5,1330,732,0,3,133.13,1,26.7,0,0,0.2026,0.0981,0
TX-107399,CUST-1645,RECIP-5507,24.25,1,2,934,16,1,0,162.23,2,17.6,1,0,0.0394,0.2794,0
TX-107400,CUST-2118,RECIP-6910,31.37,1,2,2015,747,0,6,38.06,0,25.9,0,0,0.2043,0.1225,0
TX-107401,CUST-2325,RECIP-6243,105.86,20,3,816,348,0,6,76.16,0,29.0,0,2,0.1375,0.1144,0
TX-107402,CUST-1131,RECIP-6005,922.07,6,1,1659,1988,0,1,310.95,1,3.3,1,0,0.1718,0.0801,0
TX-107403,CUST-1366,RECIP-7472,1609.42,7,4,649,562,0,1,418.35,0,5.9,0,0,0.0954,0.0577,0
TX-107404,CUST-1632,RECIP-7238,199.47,13,6,525,1,1,0,88.1,1,0.5,0,0,0.0339,0.1721,0
TX-107405,CUST-1861,RECIP-5945,135.67,2,6,1450,1604,0,4,109.91,1,13.8,0,0,0.4756,0.3361,0
TX-107406,CUST-2480,RECIP-8145,145.1,14,3,2440,775,0,5,126.52,0,10.7,0,0,0.2084,0.2512,0
TX-107407,CUST-2026,RECIP-6546,39.92,12,1,770,1615,0,1,12.34,3,7.9,0,0,0.0349,0.1577,0
TX-107408,CUST-1807,RECIP-6536,30.11,18,3,312,158,0,3,56.59,1,28.5,0,0,0.2392,0.0781,0
TX-107409,CUST-1091,RECIP-7150,25.17,2,0,327,390,0,3,95.87,3,13.3,1,0,0.895,0.1729,0
TX-107410,CUST-1121,RECIP-5625,88.43,0,4,1244,1613,0,4,577.58,0,973.8,0,0,0.1439,0.0139,0
TX-107411,CUST-1229,RECIP-6890,564.34,18,3,1963,5,1,0,136.83,0,28.8,0,0,0.1193,0.0261,0
TX-107412,CUST-1991,RECIP-7620,50.75,8,0,1789,356,0,2,297.34,3,7.1,0,0,0.0635,0.0124,0
TX-107413,CUST-1496,RECIP-5578,101.0,1,3,546,331,0,1,86.34,1,0.4,0,0,0.1156,0.0221,0
TX-107414,CUST-1361,RECIP-7542,14.71,13,5,2092,1621,0,6,139.42,3,15.0,0,1,0.0682,0.1719,0
TX-107415,CUST-2005,RECIP-5174,23.41,11,1,437,977,0,6,48.42,0,1.2,0,0,0.7982,0.3209,0
TX-107416,CUST-2223,RECIP-7715,307.14,22,2,1411,917,0,5,32.78,0,12.4,0,0,0.1071,0.1681,0
TX-107417,CUST-1658,RECIP-5159,400.26,22,6,2127,766,0,5,42.52,0,53.7,0,0,0.8573,0.0671,0
TX-107418,CUST-2322,RECIP-5787,496.06,12,4,2025,243,0,3,71.1,3,6.0,0,0,0.2088,0.0565,0
TX-107419,CUST-2101,RECIP-6575,65.86,3,5,1764,1984,0,3,92.03,2,13.3,0,0,0.0836,0.0312,0
TX-107420,CUST-2074,RECIP-7765,82.65,17,3,847,480,0,3,61.15,0,14.8,0,0,0.6645,0.1011,0
TX-107421,CUST-2301,RECIP-8234,304.26,4,3,1922,814,0,1,16.83,2,8.2,0,0,0.3758,0.1489,0
TX-107422,CUST-1275,RECIP-7110,15.91,20,3,985,1661,0,4,161.58,2,22.4,0,0,0.2041,0.169,0
TX-107423,CUST-2137,RECIP-5590,71.25,14,3,895,157,0,4,50.3,2,14.1,0,0,0.21,0.3106,0
TX-107424,CUST-2436,RECIP-6743,143.75,8,1,1345,37,1,0,95.86,2,10.4,0,0,0.2328,0.2626,0
TX-107425,CUST-2488,RECIP-8541,66.64,23,0,1555,23,1,0,53.55,2,9.1,0,0,0.9542,0.1488,0
TX-107426,CUST-1867,RECIP-5406,300.75,12,5,546,36,1,0,196.94,2,8.1,0,0,0.1366,0.1067,0
TX-107427,CUST-2131,RECIP-8220,100.56,9,3,2332,42,1,0,24.83,3,12.4,0,1,0.0972,0.0603,0
TX-107428,CUST-2332,RECIP-6735,23.54,4,3,2171,250,0,4,181.64,1,2697.6,0,1,0.4088,0.0582,0
TX-107429,CUST-2278,RECIP-5017,58.08,15,4,728,776,0,7,65.23,1,1295.9,0,0,0.527,0.0341,0
TX-107430,CUST-2346,RECIP-8125,33.51,6,2,627,765,0,2,70.92,2,3218.0,0,0,0.266,0.155,0
TX-107431,CUST-2248,RECIP-5120,285.55,3,6,200,20,1,0,93.28,3,7.1,0,0,0.2034,0.0423,0
TX-107432,CUST-1571,RECIP-6663,218.6,2,3,1033,938,0,0,85.66,0,0.8,0,0,0.165,0.1029,0
TX-107433,CUST-2095,RECIP-5877,206.48,15,3,452,868,0,6,257.0,0,3329.6,0,0,0.1242,0.0722,0
TX-107434,CUST-1615,RECIP-7627,205.33,22,3,2328,586,0,6,146.67,2,13.1,0,0,0.1307,0.2269,0
TX-107435,CUST-2202,RECIP-5252,243.44,6,1,2246,1162,0,4,244.82,0,25.9,0,0,0.2492,0.2451,0
TX-107436,CUST-2215,RECIP-5409,1160.08,5,1,2076,20,1,0,130.75,0,5.7,0,0,0.7318,0.1641,0
TX-107437,CUST-2402,RECIP-7391,68.41,14,1,725,1034,0,3,81.22,1,20.7,0,0,0.1361,0.1025,0
TX-107438,CUST-1882,RECIP-9472,91.74,3,1,1734,41,1,0,82.24,1,0.3,0,0,0.0755,0.1764,0
TX-107439,CUST-1712,RECIP-5178,91.47,2,1,1243,1755,0,1,27.09,1,2.5,0,0,0.1841,0.2375,0
TX-107440,CUST-1248,RECIP-7073,122.77,15,1,705,1732,0,3,373.13,2,6.7,0,0,0.0646,0.0794,0
TX-107441,CUST-1957,RECIP-8611,129.66,12,6,1350,1162,0,4,81.33,0,1.0,0,0,0.5525,0.074,0
TX-107442,CUST-1849,RECIP-6308,498.28,0,2,438,25,1,0,23.61,0,57.6,0,0,0.1086,0.1164,1
TX-107443,CUST-1772,RECIP-7218,489.9,5,5,2401,8,1,0,41.45,0,2797.8,0,0,0.0441,0.1229,0
TX-107444,CUST-2014,RECIP-8774,118.55,4,2,434,28,1,0,27.56,2,6.7,0,0,0.3639,0.1088,0
TX-107445,CUST-2276,RECIP-8275,241.28,16,5,774,1,1,0,52.08,1,58.2,0,0,0.2185,0.0757,0
TX-107446,CUST-1223,RECIP-6319,17.66,15,5,576,19,1,0,135.79,2,5.4,0,0,0.1061,0.2303,0
TX-107447,CUST-1647,RECIP-8378,176.8,17,5,1317,37,1,0,19.03,0,30.1,1,0,0.0844,0.1564,1
TX-107448,CUST-2083,RECIP-8040,747.06,2,2,1689,699,0,2,240.56,0,32.9,1,1,0.8489,0.0221,0
TX-107449,CUST-2229,RECIP-7280,5.0,20,0,2396,25,1,0,55.77,1,24.3,0,0,0.0769,0.0761,0
TX-107450,CUST-2167,RECIP-6985,2052.56,5,2,989,1080,0,3,76.03,1,11.5,0,0,0.308,0.0663,0
TX-107451,CUST-2199,RECIP-9164,268.16,23,4,527,615,0,2,84.55,1,20.9,0,0,0.8384,0.2413,0
TX-107452,CUST-2282,RECIP-8934,82.21,20,4,83,27,1,0,39.21,2,5.2,0,1,0.0912,0.1482,0
TX-107453,CUST-2442,RECIP-9456,213.1,11,4,1506,1163,0,4,152.96,0,17.6,0,0,0.1559,0.0987,0
TX-107454,CUST-1912,RECIP-8039,61.58,18,6,2448,1743,0,2,31.07,1,15.3,1,0,0.1123,0.044,0
TX-107455,CUST-1373,RECIP-6616,676.74,16,1,187,1678,0,2,283.81,0,2833.5,0,0,0.0782,0.201,0
TX-107456,CUST-1845,RECIP-5493,2067.97,18,3,2490,641,0,2,40.33,2,18.5,0,0,0.0219,0.2916,1
TX-107457,CUST-2064,RECIP-5566,144.21,0,3,679,1134,0,3,86.88,3,23.8,0,0,0.058,0.0258,1
TX-107458,CUST-1151,RECIP-9280,22.33,2,1,2273,1256,0,4,53.44,0,8.6,1,0,0.2699,0.1442,0
TX-107459,CUST-2135,RECIP-6634,44.71,21,4,200,949,0,5,202.88,2,10.7,0,0,0.1309,0.1367,0
TX-107460,CUST-1816,RECIP-5496,8.41,18,0,2232,1928,0,4,38.11,1,33.4,0,0,0.1847,0.4309,0
TX-107461,CUST-2404,RECIP-6005,92.72,14,6,845,186,0,2,256.11,1,45.4,0,0,0.0647,0.1047,0
TX-107462,CUST-1317,RECIP-5093,1006.28,7,0,708,1837,0,3,447.99,3,21.9,0,0,0.1025,0.1965,0
TX-107463,CUST-2360,RECIP-7389,70.81,10,0,539,1941,0,7,31.55,0,9.8,0,0,0.0849,0.0396,0
TX-107464,CUST-1672,RECIP-7659,68.77,9,1,360,770,0,3,21.66,1,19.4,0,0,0.2887,0.2136,0
TX-107465,CUST-1860,RECIP-6702,61.77,10,6,2002,633,0,7,72.94,1,20.5,0,0,0.0446,0.2482,0
TX-107466,CUST-1990,RECIP-8348,338.36,15,6,201,138,0,3,99.93,4,38.3,0,0,0.216,0.1849,0
TX-107467,CUST-1868,RECIP-7162,70.61,18,6,1174,36,1,0,75.73,1,2.1,0,0,0.0611,0.614,0
TX-107468,CUST-2355,RECIP-9319,127.73,9,5,2373,44,1,0,72.69,0,27.1,1,0,0.0416,0.0291,0
TX-107469,CUST-1250,RECIP-8434,14.64,20,6,1030,1675,0,4,150.43,0,5.8,0,2,0.1691,0.4152,0
TX-107470,CUST-2094,RECIP-5338,506.66,2,3,2072,1559,0,1,117.34,0,20.1,1,1,0.0724,0.3411,0
TX-107471,CUST-2462,RECIP-6233,61.84,19,0,1740,1787,0,2,27.12,2,2985.1,0,2,0.3006,0.0116,0
TX-107472,CUST-1330,RECIP-8394,45.32,16,3,1994,675,0,3,52.15,1,5.6,0,0,0.1614,0.0659,0
TX-107473,CUST-1382,RECIP-7418,251.5,12,1,2369,639,0,3,244.21,0,2045.5,1,0,0.0662,0.1118,0
TX-107474,CUST-1712,RECIP-8389,335.33,9,1,271,1649,0,5,101.85,0,21.9,1,1,0.0072,0.196,0
TX-107475,CUST-2087,RECIP-6508,677.73,8,4,774,1124,0,2,87.77,0,5.4,0,2,0.0407,0.1036,0
TX-107476,CUST-2438,RECIP-5171,433.8,8,1,823,9,1,0,35.01,5,22.6,0,0,0.0574,0.1505,1
TX-107477,CUST-2193,RECIP-8532,220.6,22,2,194,1579,0,4,158.89,1,13.3,0,0,0.0749,0.0118,0
TX-107478,CUST-2191,RECIP-8532,148.62,0,2,292,25,1,0,90.57,1,8.6,0,0,0.0897,0.1144,0
TX-107479,CUST-1661,RECIP-7877,1201.73,15,0,301,102,0,0,90.5,2,0.6,1,0,0.2837,0.0655,0
TX-107480,CUST-1968,RECIP-6819,238.75,23,4,2375,8,1,0,191.1,2,40.3,0,0,0.1001,0.1242,0
TX-107481,CUST-1316,RECIP-5038,18.49,13,5,2147,1974,0,3,41.66,1,2.4,0,0,0.4819,0.0627,0
TX-107482,CUST-1694,RECIP-8275,41.33,15,3,1483,1433,0,2,221.38,1,18.7,1,0,0.2356,0.046,0
TX-107483,CUST-1283,RECIP-7970,45.01,14,0,2119,19,1,0,115.22,1,1.7,1,0,0.0643,0.1326,0
TX-107484,CUST-1040,RECIP-8004,226.19,12,5,879,379,0,6,218.83,0,2094.1,0,0,0.0345,0.1199,0
TX-107485,CUST-2284,RECIP-5765,56.22,15,3,1204,990,0,4,74.23,0,34.5,0,0,0.7072,0.1046,0
TX-107486,CUST-2207,RECIP-8290,179.67,21,1,2212,1065,0,1,240.48,1,10.2,0,0,0.8109,0.3611,0
TX-107487,CUST-1766,RECIP-8260,78.66,17,6,394,158,0,3,11.05,1,11.7,0,0,0.2208,0.1676,0
TX-107488,CUST-1021,RECIP-8858,229.61,20,6,391,30,1,0,32.71,2,2.6,0,0,0.7396,0.0196,0
TX-107489,CUST-1135,RECIP-7553,128.02,13,3,1330,34,1,0,45.95,2,12.2,1,4,0.1489,0.0934,0
TX-107490,CUST-1167,RECIP-8291,146.11,18,3,654,1014,0,4,52.05,2,30.3,0,1,0.1215,0.1736,0
TX-107491,CUST-2075,RECIP-6806,155.78,21,6,1681,32,1,0,209.64,0,25.2,0,0,0.1265,0.0257,1
TX-107492,CUST-1305,RECIP-8135,37.71,5,1,1600,154,0,7,21.35,3,2.5,1,0,0.2398,0.0894,0
TX-107493,CUST-1375,RECIP-8123,216.71,20,2,850,15,1,0,179.59,0,3397.0,0,0,0.0647,0.1583,0
TX-107494,CUST-2291,RECIP-8508,72.35,16,3,316,1201,0,2,90.63,3,3155.2,0,0,0.0528,0.0736,0
TX-107495,CUST-2314,RECIP-8854,30.96,10,2,233,1847,0,6,39.44,3,4.7,0,0,0.1169,0.1607,0
TX-107496,CUST-2144,RECIP-5014,20.13,18,2,1124,169,0,1,342.36,1,6.5,0,0,0.5624,0.441,0
TX-107497,CUST-1464,RECIP-8504,14.33,4,0,825,37,1,0,33.32,2,1.4,0,0,0.0547,0.1883,0
TX-107498,CUST-1869,RECIP-8566,159.93,16,1,113,1540,0,4,180.41,2,7.1,0,0,0.0414,0.052,0
TX-107499,CUST-1300,RECIP-7454,4818.53,13,2,1735,691,0,4,246.68,3,69.3,0,0,0.1861,0.0704,0
TX-107500,CUST-2286,RECIP-7338,14.65,21,5,2394,1624,0,3,22.58,0,3.7,0,0,0.1924,0.4457,0
TX-107501,CUST-1127,RECIP-8252,152.39,14,2,2446,935,0,2,42.02,1,7.6,0,0,0.03,0.2497,0
TX-107502,CUST-2116,RECIP-7048,69.59,12,1,320,74,0,4,253.16,2,11.3,1,0,0.0263,0.0715,0
TX-107503,CUST-1767,RECIP-6862,82.75,12,5,499,574,0,1,104.79,2,3.4,0,0,0.13,0.1795,0
TX-107504,CUST-2136,RECIP-8615,123.84,13,2,1097,869,0,4,151.85,0,0.6,0,0,0.0627,0.156,0
TX-107505,CUST-1676,RECIP-8550,18.08,21,6,2288,1270,0,7,97.41,2,20.5,0,0,0.2266,0.0529,0
TX-107506,CUST-1237,RECIP-5931,105.83,18,0,1449,351,0,2,165.5,1,2.2,0,0,0.1966,0.0494,0
TX-107507,CUST-2126,RECIP-8730,673.73,2,0,1157,1043,0,5,37.32,0,2147.6,0,0,0.1087,0.0912,1
TX-107508,CUST-1946,RECIP-6469,132.62,12,6,2316,33,1,0,161.5,0,1.2,0,1,0.1556,0.093,0
TX-107509,CUST-1696,RECIP-5617,112.19,6,0,1668,35,1,0,81.67,1,33.5,0,1,0.1713,0.1831,0
TX-107510,CUST-1559,RECIP-8952,114.2,3,0,2462,440,0,5,79.02,3,2834.0,0,0,0.9208,0.3549,1
TX-107511,CUST-1515,RECIP-6071,81.37,20,4,2163,1391,0,1,33.37,1,13.5,0,0,0.095,0.0861,0
TX-107512,CUST-1721,RECIP-5913,1796.93,20,2,2495,9,1,0,28.88,1,6.0,0,0,0.0436,0.3501,1
TX-107513,CUST-1392,RECIP-6214,360.76,22,3,1406,819,0,4,83.24,0,7.7,0,0,0.8854,0.0667,0
TX-107514,CUST-1423,RECIP-7211,72.22,9,2,955,31,1,0,232.58,0,11.9,0,0,0.0961,0.0936,0
TX-107515,CUST-1417,RECIP-5747,20.07,10,2,181,1624,0,3,107.61,1,14.8,0,0,0.0044,0.3487,0
TX-107516,CUST-1019,RECIP-5718,285.98,18,3,1832,259,0,0,44.6,2,981.1,0,0,0.2345,0.0787,0
TX-107517,CUST-2391,RECIP-6766,86.26,4,1,686,1220,0,2,81.21,1,30.9,0,0,0.0643,0.0597,0
TX-107518,CUST-1354,RECIP-5980,76.39,1,1,57,1281,0,6,75.24,1,13.8,0,0,0.4334,0.2621,0
TX-107519,CUST-1247,RECIP-5868,279.09,10,1,2013,452,0,6,49.93,1,16.1,0,1,0.2897,0.3327,0
TX-107520,CUST-1226,RECIP-9104,78.51,15,0,1077,414,0,3,126.75,2,12.4,0,0,0.2166,0.0634,0
TX-107521,CUST-2482,RECIP-7679,3492.47,10,3,1395,376,0,6,44.85,0,1414.9,0,0,0.3578,0.0466,0
TX-107522,CUST-1715,RECIP-5062,404.1,5,3,1966,696,0,1,55.5,1,5.8,0,0,0.8112,0.0489,0
TX-107523,CUST-1490,RECIP-5457,1609.08,12,0,842,556,0,3,40.83,2,31.2,0,0,0.2573,0.0573,0
TX-107524,CUST-1605,RECIP-8662,160.21,22,3,2047,10,1,0,52.56,0,1.9,0,0,0.2422,0.1473,0
TX-107525,CUST-1132,RECIP-6214,100.3,6,5,1470,10,1,0,293.54,1,11.6,0,0,0.1144,0.238,0
TX-107526,CUST-1470,RECIP-5685,62.88,9,0,1431,5,1,0,54.71,1,1330.0,0,0,0.18,0.1265,1
TX-107527,CUST-1373,RECIP-7994,31.71,7,2,693,9,1,0,64.87,1,14.2,1,0,0.2504,0.187,1
TX-107528,CUST-2204,RECIP-8771,412.44,7,6,1978,43,1,0,169.41,0,38.6,0,0,0.2685,0.23,0
TX-107529,CUST-1087,RECIP-6793,105.05,15,2,625,9,1,0,202.98,1,28.2,0,0,0.0296,0.1611,0
TX-107530,CUST-1638,RECIP-8342,54.05,8,0,1559,810,0,1,63.72,1,24.6,0,0,0.7127,0.3598,0
TX-107531,CUST-2185,RECIP-6896,185.08,14,3,2076,22,1,0,238.89,1,1.2,0,0,0.7505,0.0147,0
TX-107532,CUST-2250,RECIP-5489,481.52,0,2,317,1697,0,8,44.6,0,10.0,0,0,0.5382,0.2362,0
TX-107533,CUST-1768,RECIP-8590,116.44,15,1,1018,14,1,0,155.32,0,5.1,0,0,0.5381,0.0471,1
TX-107534,CUST-1333,RECIP-9135,299.35,2,0,1703,37,1,0,88.29,1,3305.1,0,2,0.1253,0.197,0
TX-107535,CUST-1505,RECIP-9430,339.82,9,6,706,749,0,2,129.15,0,30.8,0,0,0.1525,0.0804,0
TX-107536,CUST-1333,RECIP-5450,108.94,20,5,98,87,0,2,146.93,4,12.6,1,0,0.461,0.1444,0
TX-107537,CUST-1993,RECIP-7542,71.5,8,4,1040,1262,0,2,88.86,2,29.6,0,2,0.5184,0.0559,0
TX-107538,CUST-1438,RECIP-7805,272.88,16,0,1256,1144,0,1,138.46,0,1974.8,0,1,0.1818,0.0395,0
TX-107539,CUST-1945,RECIP-5355,132.41,8,6,2303,819,0,5,168.35,3,2.5,0,0,0.1989,0.141,0
TX-107540,CUST-1983,RECIP-9282,128.77,21,3,2023,481,0,5,27.75,1,6.9,0,0,0.0327,0.0543,0
TX-107541,CUST-2409,RECIP-5463,88.87,22,3,476,9,1,0,48.54,0,6.9,0,0,0.8501,0.1644,0
TX-107542,CUST-1555,RECIP-6209,126.38,21,6,714,4,1,0,185.82,1,2.0,0,0,0.0923,0.1695,0
TX-107543,CUST-2441,RECIP-9358,57.22,9,3,487,1994,0,1,22.17,1,13.4,0,0,0.2782,0.3261,0
TX-107544,CUST-1601,RECIP-7502,56.82,7,1,2279,934,0,6,40.09,1,3209.9,0,0,0.0435,0.1154,0
TX-107545,CUST-2021,RECIP-8056,1056.08,14,1,903,1506,0,6,298.48,1,2505.6,0,0,0.0248,0.144,0
TX-107546,CUST-1992,RECIP-7221,88.38,19,6,2231,5,1,0,71.0,2,14.4,1,0,0.0287,0.2694,0
TX-107547,CUST-2226,RECIP-8386,216.16,12,3,179,1576,0,9,109.09,2,22.2,0,0,0.0609,0.0884,0
TX-107548,CUST-1703,RECIP-5366,66.83,17,4,1410,748,0,3,127.72,3,52.7,0,1,0.9671,0.1919,0
TX-107549,CUST-2188,RECIP-8040,423.37,21,4,215,1769,0,5,132.16,3,2.4,0,0,0.3785,0.0569,0
TX-107550,CUST-1533,RECIP-5299,141.19,18,1,1399,1336,0,0,64.2,1,31.1,0,0,0.162,0.0893,0
TX-107551,CUST-1736,RECIP-5808,80.46,8,2,57,42,1,0,72.29,2,3091.9,0,0,0.0035,0.075,0
TX-107552,CUST-1749,RECIP-7278,12.01,5,6,416,376,0,1,472.85,3,2172.3,0,0,0.0531,0.1192,0
TX-107553,CUST-2056,RECIP-7017,48.6,10,1,391,15,1,0,34.93,3,36.6,0,0,0.3253,0.1833,0
TX-107554,CUST-1927,RECIP-5686,226.37,13,6,1781,4,1,0,56.1,4,1504.3,0,0,0.1438,0.0405,0
TX-107555,CUST-1117,RECIP-8591,8.5,20,1,1611,1481,0,3,39.44,2,34.6,0,0,0.2488,0.0537,0
TX-107556,CUST-2213,RECIP-6358,35.86,7,2,1409,1312,0,7,81.25,1,0.7,0,0,0.8282,0.0542,0
TX-107557,CUST-2137,RECIP-8898,5.0,3,0,515,43,1,0,47.07,1,8.6,0,0,0.3529,0.2364,0
TX-107558,CUST-1156,RECIP-5067,7.81,7,4,686,1844,0,1,243.99,2,12.7,0,0,0.0895,0.3189,0
TX-107559,CUST-2442,RECIP-6068,123.62,14,2,963,1108,0,3,309.76,1,23.8,0,0,0.0702,0.1357,0
TX-107560,CUST-1991,RECIP-6335,289.14,5,3,2447,14,1,0,91.57,1,4.5,0,0,0.147,0.6123,0
TX-107561,CUST-1127,RECIP-7681,129.32,9,4,1772,35,1,0,43.81,2,3297.0,0,0,0.7282,0.3113,1
TX-107562,CUST-1737,RECIP-6804,307.84,6,4,108,1074,0,3,369.39,1,6.5,0,1,0.0373,0.1273,0
TX-107563,CUST-2254,RECIP-5706,66.92,23,6,108,33,1,0,53.2,2,15.1,0,0,0.1786,0.0314,0
TX-107564,CUST-1419,RECIP-7569,88.52,12,3,888,1920,0,4,110.91,5,19.0,0,0,0.1687,0.2375,0
TX-107565,CUST-2399,RECIP-9312,45.29,17,1,546,42,1,0,123.79,0,6.3,1,0,0.6791,0.1146,0
TX-107566,CUST-1627,RECIP-5601,124.17,12,4,1035,802,0,5,44.95,0,10.9,0,0,0.1253,0.1549,0
TX-107567,CUST-1339,RECIP-6134,91.12,0,0,2489,1484,0,5,68.47,4,8.3,1,0,0.0609,0.1545,0
TX-107568,CUST-1534,RECIP-7153,330.55,6,5,513,28,1,0,376.63,1,5.6,0,3,0.2063,0.1875,0
TX-107569,CUST-1787,RECIP-8269,54.4,20,2,1504,1250,0,3,115.22,3,13.0,0,0,0.141,0.1814,0
TX-107570,CUST-2032,RECIP-5614,3477.47,12,5,1222,275,0,5,135.73,1,17.4,0,0,0.697,0.0951,0
TX-107571,CUST-2391,RECIP-6040,393.46,16,1,1660,225,0,5,172.9,1,3152.1,0,0,0.1549,0.4154,0
TX-107572,CUST-1292,RECIP-6058,104.6,18,2,1380,1448,0,4,129.38,2,2.9,0,0,0.1084,0.01,0
TX-107573,CUST-2440,RECIP-7772,5.0,13,4,1304,276,0,9,200.04,1,11.0,0,1,0.4406,0.019,0
TX-107574,CUST-1791,RECIP-5370,242.49,13,4,711,5,1,0,141.08,1,3.6,0,1,0.0479,0.1775,0
TX-107575,CUST-1191,RECIP-7966,21.24,5,0,2415,898,0,4,85.01,2,1.0,0,2,0.1239,0.0851,0
TX-107576,CUST-2389,RECIP-6914,48.35,5,0,690,21,1,0,1005.5,0,1.4,0,0,0.2426,0.0952,0
TX-107577,CUST-1523,RECIP-6477,95.32,3,6,386,44,1,0,60.51,2,61.3,0,0,0.0119,0.036,0
TX-107578,CUST-1930,RECIP-8879,479.19,7,3,267,2,1,0,70.66,0,1985.1,0,0,0.0069,0.065,0
TX-107579,CUST-2047,RECIP-8684,68.56,15,5,196,348,0,1,267.21,1,5.1,0,2,0.1395,0.0207,0
TX-107580,CUST-1020,RECIP-8613,180.77,22,0,902,1008,0,2,170.97,1,1.4,0,0,0.147,0.1016,0
TX-107581,CUST-1332,RECIP-8984,13.76,10,3,2045,217,0,3,69.72,2,5.4,0,0,0.3134,0.1887,0
TX-107582,CUST-2029,RECIP-6052,117.99,14,4,411,593,0,9,65.89,2,39.3,0,0,0.3565,0.2393,0
TX-107583,CUST-1487,RECIP-8847,277.2,20,6,40,630,0,3,95.0,0,2771.3,0,0,0.0912,0.6519,0
TX-107584,CUST-1013,RECIP-5791,58.61,16,4,1338,38,1,0,120.5,2,2.4,1,0,0.0917,0.1397,0
TX-107585,CUST-1034,RECIP-6488,76.78,6,4,1417,30,1,0,95.5,0,4.9,0,0,0.4916,0.1421,0
TX-107586,CUST-2239,RECIP-7499,451.72,6,2,1421,667,0,6,64.69,2,46.7,0,0,0.5006,0.4485,0
TX-107587,CUST-1230,RECIP-8349,60.78,15,6,33,1480,0,5,158.87,2,1.6,0,0,0.0266,0.2649,0
TX-107588,CUST-1150,RECIP-7599,146.61,6,2,531,40,1,0,100.38,1,26.0,0,0,0.2287,0.3086,0
TX-107589,CUST-1843,RECIP-7517,37.47,5,1,890,25,1,0,185.53,4,2329.1,0,1,0.1212,0.1887,0
TX-107590,CUST-1178,RECIP-6694,445.15,14,5,1857,1728,0,6,107.29,0,0.9,0,0,0.1049,0.0759,0
TX-107591,CUST-1979,RECIP-7666,28.24,15,6,1637,1044,0,4,30.88,0,1.6,0,0,0.1487,0.1188,0
TX-107592,CUST-1816,RECIP-7137,16.33,6,5,2041,1763,0,4,139.04,2,1970.3,0,0,0.2227,0.3763,0
TX-107593,CUST-1973,RECIP-7148,53.31,1,1,1381,1974,0,2,200.73,0,14.0,0,0,0.0058,0.1535,0
TX-107594,CUST-1737,RECIP-7635,332.67,18,5,1026,1084,0,3,130.1,2,10.4,0,0,0.0951,0.2437,0
TX-107595,CUST-2167,RECIP-7701,120.42,9,2,1412,994,0,3,29.52,1,2570.7,0,0,0.7511,0.1891,0
TX-107596,CUST-1967,RECIP-6484,209.12,15,1,980,674,0,4,120.51,0,1.1,0,0,0.2203,0.2622,0
TX-107597,CUST-1622,RECIP-5610,26.24,4,6,418,1747,0,3,68.39,1,21.5,1,0,0.1349,0.0214,0
TX-107598,CUST-1023,RECIP-6348,929.3,7,6,1452,13,1,0,101.85,2,46.2,0,0,0.7322,0.4339,0
TX-107599,CUST-1410,RECIP-6839,259.65,14,2,757,427,0,4,141.37,1,13.1,0,0,0.6259,0.2473,0
TX-107600,CUST-1197,RECIP-5724,30.6,2,0,683,1323,0,5,81.28,1,2867.0,1,0,0.0323,0.0961,0
TX-107601,CUST-1023,RECIP-5799,54.11,7,1,1783,31,1,0,156.88,1,5.2,1,1,0.3591,0.3667,0
TX-107602,CUST-1409,RECIP-9279,16.67,17,3,193,1980,0,2,140.12,3,6.2,0,0,0.1736,0.2016,0
TX-107603,CUST-1309,RECIP-6260,14.69,18,0,87,697,0,2,127.5,0,16.1,0,0,0.2992,0.4463,0
TX-107604,CUST-1115,RECIP-8325,139.28,8,1,909,224,0,4,74.74,0,2.3,0,0,0.228,0.0379,0
TX-107605,CUST-1468,RECIP-5575,7.55,2,1,1500,33,1,0,206.73,2,5.7,0,0,0.3121,0.0204,0
TX-107606,CUST-1759,RECIP-9375,103.45,0,6,2104,1239,0,3,295.36,1,10.4,0,1,0.3484,0.0615,0
TX-107607,CUST-1267,RECIP-5956,40.1,13,2,1307,1820,0,2,97.22,5,6.4,0,4,0.2136,0.1006,0
TX-107608,CUST-1409,RECIP-6772,163.0,16,2,668,1790,0,6,68.61,2,4.3,0,0,0.051,0.0268,0
TX-107609,CUST-1030,RECIP-8518,102.08,14,2,879,930,0,6,72.84,2,2.6,1,0,0.215,0.233,0
TX-107610,CUST-1075,RECIP-5906,18.76,9,0,964,916,0,2,179.03,1,40.8,0,0,0.8197,0.1563,0
TX-107611,CUST-1236,RECIP-7474,67.83,0,3,856,1698,0,4,106.62,5,6.8,0,0,0.2628,0.037,0
TX-107612,CUST-1679,RECIP-8534,103.8,5,6,1681,11,1,0,82.79,1,47.7,0,0,0.4264,0.2864,0
TX-107613,CUST-1999,RECIP-5106,97.01,0,5,2003,12,1,0,56.9,0,6.6,0,1,0.0814,0.0564,0
TX-107614,CUST-2182,RECIP-5114,536.14,11,1,1780,1158,0,6,132.92,0,320.1,0,0,0.8784,0.0307,0
TX-107615,CUST-1944,RECIP-8548,1400.21,7,0,973,43,1,0,157.0,0,3469.6,0,0,0.1483,0.0588,1
TX-107616,CUST-1925,RECIP-6182,300.17,1,5,740,1654,0,0,93.79,1,39.3,0,0,0.2855,0.0734,0
TX-107617,CUST-2403,RECIP-9092,25.87,14,5,227,374,0,6,121.72,0,14.4,1,0,0.245,0.0312,0
TX-107618,CUST-1383,RECIP-9173,19.11,8,6,2000,1003,0,2,143.89,1,13.1,0,0,0.0156,0.2656,0
TX-107619,CUST-2197,RECIP-8961,21.41,23,4,2406,1175,0,5,197.77,1,2.0,0,0,0.1126,0.0445,0
TX-107620,CUST-2405,RECIP-9485,71.0,10,3,165,1923,0,5,51.33,2,653.7,0,0,0.221,0.0866,0
TX-107621,CUST-1851,RECIP-8703,112.2,2,5,352,9,1,0,58.0,0,24.7,0,0,0.1404,0.0783,0
TX-107622,CUST-2260,RECIP-6725,651.36,16,4,559,1263,0,5,73.25,1,21.3,0,0,0.5199,0.0383,0
TX-107623,CUST-1206,RECIP-9464,33.12,16,5,1999,24,1,0,101.23,0,3.3,0,0,0.8059,0.2479,0
TX-107624,CUST-2318,RECIP-6556,89.18,22,1,564,1910,0,5,69.92,1,8.5,0,0,0.0961,0.0362,0
TX-107625,CUST-1846,RECIP-7638,68.67,16,6,64,3,1,0,80.19,2,18.0,0,0,0.2541,0.0261,0
TX-107626,CUST-1332,RECIP-5025,148.69,8,0,859,411,0,3,169.82,3,13.4,0,0,0.3257,0.0359,0
TX-107627,CUST-1092,RECIP-9331,360.84,16,0,930,1144,0,4,33.43,1,29.6,0,0,0.285,0.2611,0
TX-107628,CUST-2079,RECIP-7663,34.72,19,4,1006,1719,0,4,54.68,1,8.4,1,0,0.3812,0.0722,0
TX-107629,CUST-1646,RECIP-9269,104.19,12,4,1302,372,0,6,59.26,4,10.6,0,0,0.4294,0.0082,0
TX-107630,CUST-1465,RECIP-6587,590.99,19,3,627,1450,0,3,252.53,2,9.5,0,0,0.108,0.0811,0
TX-107631,CUST-1585,RECIP-6409,83.47,23,6,103,1042,0,3,104.83,3,2271.0,0,0,0.3597,0.2606,0
TX-107632,CUST-2486,RECIP-7350,3042.26,18,6,295,24,1,0,117.15,1,8.6,0,0,0.3033,0.19,0
TX-107633,CUST-1641,RECIP-8885,722.19,12,5,1843,673,0,2,52.8,2,19.0,1,0,0.47,0.1401,0
TX-107634,CUST-1118,RECIP-7470,331.37,11,1,1659,29,1,0,68.36,1,26.3,0,0,0.4116,0.0827,0
TX-107635,CUST-1419,RECIP-8566,47.33,20,0,673,339,0,8,14.36,3,24.6,0,0,0.0226,0.2734,0
TX-107636,CUST-1218,RECIP-5965,153.36,20,0,2353,1086,0,4,102.83,2,39.2,0,0,0.0004,0.2611,0
TX-107637,CUST-2028,RECIP-8491,313.31,6,4,1366,1030,0,2,59.48,3,23.0,0,1,0.5066,0.0265,0
TX-107638,CUST-2200,RECIP-8296,225.74,0,4,1998,18,1,0,29.25,1,21.5,0,1,0.2149,0.254,0
TX-107639,CUST-2261,RECIP-9033,7419.51,19,5,1987,328,0,3,123.3,3,1.7,0,1,0.0514,0.3267,0
TX-107640,CUST-1949,RECIP-5259,1972.19,5,0,771,27,1,0,48.78,3,50.3,0,0,0.0177,0.0863,0
TX-107641,CUST-2152,RECIP-6728,17.39,23,1,1490,888,0,1,105.53,3,2.0,0,0,0.1206,0.0625,0
TX-107642,CUST-1625,RECIP-5399,25.27,0,2,1494,1860,0,7,121.41,1,29.7,1,0,0.4024,0.1469,0
TX-107643,CUST-1941,RECIP-6800,18.42,21,4,1155,13,1,0,785.36,1,14.8,0,0,0.3816,0.1974,0
TX-107644,CUST-1160,RECIP-8415,751.48,16,0,1599,43,1,0,73.07,2,29.6,0,0,0.1299,0.1094,1
TX-107645,CUST-1807,RECIP-7880,46.04,7,5,860,1113,0,6,113.06,1,17.7,0,0,0.0737,0.2479,0
TX-107646,CUST-1836,RECIP-8388,61.42,0,0,272,26,1,0,94.48,0,0.3,0,0,0.1329,0.0665,0
TX-107647,CUST-1046,RECIP-8320,159.9,20,3,141,998,0,4,55.23,1,14.4,0,2,0.0803,0.2081,0
TX-107648,CUST-1822,RECIP-9465,85.84,2,6,1133,554,0,1,114.04,1,1.8,0,0,0.0674,0.0956,0
TX-107649,CUST-2084,RECIP-8958,133.3,2,1,2285,321,0,5,174.51,1,1269.8,0,0,0.1312,0.1408,0
TX-107650,CUST-1551,RECIP-7638,46.6,18,4,559,1357,0,4,147.33,0,5.0,0,0,0.1821,0.0903,0
TX-107651,CUST-1817,RECIP-8941,440.44,16,3,1492,601,0,8,164.52,1,15.0,0,2,0.8708,0.0922,0
TX-107652,CUST-1429,RECIP-5215,26.88,3,5,435,1089,0,6,53.97,1,26.3,0,2,0.1363,0.0183,0
TX-107653,CUST-1406,RECIP-8246,80.24,8,4,1589,1140,0,5,103.57,2,1.9,0,0,0.1801,0.1252,0
TX-107654,CUST-1194,RECIP-7349,120.47,15,5,484,1994,0,5,29.68,2,16.8,0,0,0.0307,0.1124,0
TX-107655,CUST-1491,RECIP-9306,185.86,15,2,1118,12,1,0,26.84,1,49.8,0,0,0.0011,0.1152,0
TX-107656,CUST-2204,RECIP-7266,137.31,8,1,2026,419,0,4,350.3,1,19.3,0,0,0.0977,0.0158,0
TX-107657,CUST-2403,RECIP-5803,63.73,9,4,950,174,0,3,106.59,1,6.1,0,0,0.6947,0.1503,0
TX-107658,CUST-1953,RECIP-8258,41.33,1,6,2337,1936,0,5,157.16,1,6.8,0,0,0.3623,0.0831,0
TX-107659,CUST-1936,RECIP-9276,612.24,0,3,145,236,0,7,157.58,1,0.9,0,0,0.4068,0.0386,0
TX-107660,CUST-1920,RECIP-5072,21.38,23,5,237,1446,0,5,95.82,2,1.9,0,0,0.7643,0.1156,0
TX-107661,CUST-1713,RECIP-5288,225.47,5,6,447,42,1,0,266.31,2,4.3,1,1,0.1753,0.2968,1
TX-107662,CUST-1634,RECIP-7975,276.16,22,4,632,1739,0,2,88.31,1,32.1,0,0,0.9458,0.1835,0
TX-107663,CUST-1931,RECIP-7500,149.07,1,5,1081,719,0,5,19.45,0,0.6,0,0,0.0773,0.223,0
TX-107664,CUST-2176,RECIP-7468,255.87,23,3,2287,737,0,4,111.75,0,4.6,0,0,0.0481,0.1203,0
TX-107665,CUST-1620,RECIP-5405,20.42,10,5,627,558,0,3,197.82,3,8.3,0,0,0.1136,0.2468,0
TX-107666,CUST-1848,RECIP-7574,188.3,19,2,911,387,0,3,34.02,4,17.5,0,0,0.1457,0.0312,0
TX-107667,CUST-1705,RECIP-7556,44.21,20,3,139,505,0,9,79.3,1,1.5,0,0,0.3479,0.0654,0
TX-107668,CUST-1428,RECIP-8821,54.11,8,0,1794,43,1,0,225.29,1,0.5,0,0,0.35,0.0639,0
TX-107669,CUST-1435,RECIP-6755,217.12,17,1,1378,1943,0,3,190.69,1,50.3,0,0,0.1536,0.1365,0
TX-107670,CUST-1118,RECIP-6565,27.97,8,4,141,1001,0,4,88.8,1,29.0,0,0,0.2304,0.0712,0
TX-107671,CUST-1659,RECIP-5367,42.49,18,5,1176,1050,0,5,54.95,0,51.6,0,0,0.1068,0.3494,0
TX-107672,CUST-2068,RECIP-7551,17.65,23,0,569,20,1,0,97.4,1,3.6,1,2,0.0299,0.084,0
TX-107673,CUST-2028,RECIP-7916,40.8,19,0,1070,372,0,8,117.43,0,63.1,0,0,0.0319,0.3713,0
TX-107674,CUST-2478,RECIP-6263,422.23,17,0,732,19,1,0,170.63,0,42.7,0,0,0.0499,0.3913,0
TX-107675,CUST-1059,RECIP-8290,633.68,8,3,1967,847,0,3,87.83,1,24.5,0,0,0.9007,0.0585,1
TX-107676,CUST-2140,RECIP-9221,35.38,2,2,171,1045,0,4,313.8,1,1.7,0,0,0.2724,0.0961,0
TX-107677,CUST-2192,RECIP-5783,72.78,12,0,1510,22,1,0,116.43,2,1737.5,1,1,0.0786,0.0287,0
TX-107678,CUST-1654,RECIP-7577,1296.41,3,5,1989,29,1,0,75.07,4,10.2,0,3,0.0283,0.3608,1
TX-107679,CUST-1424,RECIP-8124,27.8,12,3,33,40,1,0,64.51,1,15.5,0,0,0.0741,0.4007,0
TX-107680,CUST-1535,RECIP-5083,178.66,20,0,2263,1037,0,5,51.42,1,6.6,1,0,0.2618,0.2242,0
TX-107681,CUST-2023,RECIP-5805,425.49,2,4,1911,1958,0,4,210.38,0,16.7,1,0,0.782,0.1959,0
TX-107682,CUST-2293,RECIP-6780,23.11,21,6,719,9,1,0,84.09,0,14.1,0,0,0.0214,0.2549,0
TX-107683,CUST-1964,RECIP-5618,397.74,14,2,1221,923,0,10,11.47,2,1.5,0,0,0.0297,0.0779,0
TX-107684,CUST-1771,RECIP-6599,23.67,1,6,1711,44,1,0,72.95,0,2655.9,1,0,0.0496,0.0474,0
TX-107685,CUST-1978,RECIP-5663,64.45,17,2,1306,1401,0,3,245.78,0,8.5,0,0,0.6973,0.062,0
TX-107686,CUST-1105,RECIP-9034,1398.91,0,0,1898,4,1,0,69.13,2,9.0,0,3,0.1137,0.2762,1
TX-107687,CUST-1912,RECIP-7695,695.33,14,0,2227,1803,0,5,35.52,1,14.1,0,0,0.7407,0.1684,0
TX-107688,CUST-1063,RECIP-6481,19.89,12,0,914,555,0,1,68.32,1,3.4,0,0,0.4189,0.0135,0
TX-107689,CUST-2438,RECIP-8504,224.85,17,2,299,458,0,5,151.77,1,4.3,0,1,0.4913,0.0367,0
TX-107690,CUST-2333,RECIP-5082,20.7,9,2,1095,35,1,0,81.16,1,6.0,0,0,0.0571,0.097,0
TX-107691,CUST-1762,RECIP-7686,158.14,2,3,1510,308,0,7,48.31,1,8.8,0,3,0.4063,0.029,0
TX-107692,CUST-1561,RECIP-8075,57.57,9,3,1944,15,1,0,150.76,1,27.0,0,0,0.0276,0.1076,0
TX-107693,CUST-2098,RECIP-8642,175.91,18,6,726,564,0,5,230.86,3,5.5,0,0,0.1879,0.1041,0
TX-107694,CUST-1956,RECIP-6000,128.63,22,0,2322,667,0,2,291.03,1,0.2,0,0,0.1048,0.2228,0
TX-107695,CUST-2058,RECIP-7661,117.39,4,6,120,1442,0,7,113.28,0,7.0,0,0,0.0168,0.1452,0
TX-107696,CUST-1773,RECIP-8454,72.32,8,1,1464,350,0,4,85.19,1,0.9,0,0,0.2554,0.1015,0
TX-107697,CUST-1354,RECIP-8587,1058.56,21,6,1110,801,0,2,134.67,0,3.1,0,0,0.0536,0.1573,0
TX-107698,CUST-1109,RECIP-5790,52.47,7,0,1746,1371,0,1,249.59,2,4.8,0,0,0.0394,0.1151,0
TX-107699,CUST-1424,RECIP-9394,43.36,5,0,730,1008,0,3,212.05,1,8.0,1,0,0.235,0.1871,0
TX-107700,CUST-1793,RECIP-6232,504.56,19,0,2331,1720,0,0,92.15,0,6.6,0,0,0.6712,0.2567,0
TX-107701,CUST-1636,RECIP-6759,28.58,11,2,33,99,0,5,47.75,1,6.4,0,0,0.057,0.1552,0
TX-107702,CUST-1759,RECIP-5864,274.77,13,6,2044,851,0,3,117.06,0,14.6,0,0,0.1159,0.1388,0
TX-107703,CUST-1416,RECIP-5674,63.59,11,3,1247,68,0,4,96.62,0,6.5,0,0,0.1163,0.0786,0
TX-107704,CUST-2406,RECIP-6149,35.15,14,1,1304,180,0,3,137.23,0,9.2,1,0,0.3695,0.023,0
TX-107705,CUST-1550,RECIP-5609,315.36,6,4,798,849,0,4,43.0,2,5.0,0,0,0.237,0.239,0
TX-107706,CUST-2269,RECIP-8297,125.96,17,3,997,18,1,0,59.64,1,7.4,0,0,0.1298,0.1546,0
TX-107707,CUST-1586,RECIP-7688,97.21,8,4,1102,351,0,3,188.81,1,1112.1,0,0,0.0509,0.2631,0
TX-107708,CUST-1665,RECIP-6755,110.62,12,5,798,1922,0,6,112.37,1,2725.6,0,0,0.074,0.1824,0
TX-107709,CUST-1905,RECIP-7461,192.39,4,5,58,33,1,0,40.42,2,20.0,0,1,0.215,0.1266,0
TX-107710,CUST-1394,RECIP-7718,18.28,0,1,1019,13,1,0,260.71,2,2278.6,0,0,0.0658,0.0691,0
TX-107711,CUST-1329,RECIP-5829,298.15,13,3,1022,1905,0,6,78.37,1,8.6,0,0,0.0715,0.1735,0
TX-107712,CUST-1568,RECIP-6336,13.53,3,4,1813,25,1,0,129.99,5,7.0,0,1,0.0318,0.0477,1
TX-107713,CUST-2206,RECIP-8969,27.03,21,3,1191,1855,0,4,67.88,0,12.9,0,0,0.346,0.0791,0
TX-107714,CUST-1216,RECIP-5054,205.55,23,6,1387,1760,0,1,119.94,0,15.9,0,0,0.1093,0.1226,0
TX-107715,CUST-1656,RECIP-9305,277.84,7,6,1181,963,0,10,261.07,1,19.3,0,0,0.9417,0.1215,0
TX-107716,CUST-2008,RECIP-9339,49.89,6,5,1077,1441,0,11,262.12,1,23.9,0,2,0.087,0.0859,0
TX-107717,CUST-2059,RECIP-6139,227.92,12,1,1800,616,0,2,311.9,0,1401.9,0,0,0.6893,0.0154,0
TX-107718,CUST-1651,RECIP-6443,62.54,4,3,1698,1932,0,0,68.39,3,6.4,0,0,0.119,0.1128,0
TX-107719,CUST-1122,RECIP-5930,14.77,20,5,2478,998,0,3,158.81,0,46.8,0,0,0.1777,0.0893,0
TX-107720,CUST-1023,RECIP-7522,44.68,2,1,1257,481,0,4,27.93,0,4.3,0,0,0.341,0.2779,0
TX-107721,CUST-1704,RECIP-5962,19.41,10,4,98,40,1,0,124.94,1,15.8,0,0,0.0914,0.0937,0
TX-107722,CUST-2215,RECIP-8558,88.99,4,1,1475,1414,0,4,392.02,0,4.2,0,0,0.1054,0.0479,0
TX-107723,CUST-1042,RECIP-6743,121.52,19,0,1008,1891,0,1,39.5,1,1.1,0,0,0.1186,0.1799,0
TX-107724,CUST-2331,RECIP-9353,143.88,3,1,266,6,1,0,52.43,1,10.9,0,0,0.086,0.3218,0
TX-107725,CUST-2013,RECIP-8839,20.59,10,6,2146,1362,0,2,87.95,1,2460.2,0,0,0.1027,0.1608,0
TX-107726,CUST-1012,RECIP-6805,144.75,20,6,1593,15,1,0,81.65,1,16.4,0,0,0.1945,0.0808,0
TX-107727,CUST-1515,RECIP-7681,166.94,10,5,1575,8,1,0,182.03,0,0.3,0,0,0.2274,0.227,0
TX-107728,CUST-1330,RECIP-5109,391.53,4,1,1601,715,0,3,173.14,0,3125.0,0,0,0.3007,0.0776,0
TX-107729,CUST-2423,RECIP-5303,48.31,3,5,2459,1532,0,0,21.36,0,26.6,0,1,0.0014,0.1906,0
TX-107730,CUST-1832,RECIP-7277,123.67,14,1,1729,1317,0,7,44.88,1,25.2,0,1,0.362,0.0678,0
TX-107731,CUST-1486,RECIP-7128,37.0,2,0,1792,535,0,5,87.58,0,0.5,0,0,0.0856,0.1481,0
TX-107732,CUST-1417,RECIP-6792,110.97,8,1,1885,174,0,4,64.03,1,10.3,0,0,0.2355,0.3788,0
TX-107733,CUST-1845,RECIP-5406,86.55,14,0,1818,22,1,0,129.25,1,3.9,1,0,0.3719,0.0369,0
TX-107734,CUST-1007,RECIP-8779,73.5,9,4,1769,1728,0,5,133.89,1,8.5,1,0,0.2763,0.122,0
TX-107735,CUST-1386,RECIP-6827,47.8,19,4,217,839,0,5,18.28,1,0.6,0,0,0.1263,0.307,0
TX-107736,CUST-1248,RECIP-7115,173.33,16,0,1023,1672,0,4,78.06,4,56.7,1,0,0.253,0.045,0
TX-107737,CUST-1930,RECIP-6815,162.26,3,0,709,1736,0,2,52.12,1,1.4,0,0,0.1057,0.1347,0
TX-107738,CUST-2003,RECIP-7238,66.3,19,3,2230,1419,0,1,107.88,1,1406.0,0,0,0.01,0.2694,0
TX-107739,CUST-1700,RECIP-7917,1169.87,21,0,1472,1980,0,6,163.33,0,19.0,0,0,0.3292,0.1437,0
TX-107740,CUST-1210,RECIP-8437,20.67,4,5,1303,42,1,0,84.54,2,33.6,1,0,0.306,0.1961,1
TX-107741,CUST-1555,RECIP-7472,50.03,8,2,1320,681,0,2,37.92,0,8.4,0,0,0.4127,0.1564,0
TX-107742,CUST-2264,RECIP-5746,29.45,9,2,1715,9,1,0,266.92,4,15.4,0,0,0.4603,0.2056,0
TX-107743,CUST-1305,RECIP-8936,38.63,10,0,1913,1129,0,2,55.02,0,9.1,1,0,0.1364,0.1365,0
TX-107744,CUST-1245,RECIP-6280,68.33,11,4,527,802,0,0,66.98,1,0.4,1,0,0.3159,0.2582,0
TX-107745,CUST-1167,RECIP-5073,127.26,21,5,2484,521,0,4,23.83,4,3030.4,0,0,0.1512,0.2502,0
TX-107746,CUST-2225,RECIP-5175,92.3,15,5,1911,1399,0,5,148.2,0,6.4,0,1,0.8194,0.2712,0
TX-107747,CUST-1179,RECIP-8482,1972.44,21,3,540,1612,0,2,100.65,0,35.4,0,0,0.0542,0.1639,0
TX-107748,CUST-1872,RECIP-6741,14.99,8,1,1526,454,0,3,143.81,0,34.7,0,0,0.029,0.0127,0
TX-107749,CUST-2498,RECIP-5101,764.96,12,0,1088,1014,0,2,54.27,2,1.4,0,0,0.2671,0.0985,0
TX-107750,CUST-1962,RECIP-8651,180.45,2,2,960,1788,0,7,161.95,0,7.2,0,0,0.0579,0.1549,0
TX-107751,CUST-1618,RECIP-6369,5.0,6,3,2171,1968,0,4,287.65,2,28.8,0,0,0.049,0.0515,0
TX-107752,CUST-1310,RECIP-9400,1463.27,14,0,735,913,0,3,17.87,0,1.6,0,0,0.1347,0.1004,0
TX-107753,CUST-1002,RECIP-8958,419.95,4,0,2100,1780,0,2,138.83,2,2827.2,1,0,0.0892,0.0707,0
TX-107754,CUST-1233,RECIP-5216,62.0,23,1,1602,41,1,0,33.19,0,2577.2,0,0,0.9772,0.3278,1
TX-107755,CUST-2429,RECIP-8106,41.98,6,0,2048,589,0,3,139.57,0,22.3,0,0,0.1119,0.0778,0
TX-107756,CUST-1215,RECIP-7714,51.68,3,0,1870,942,0,1,222.12,0,3.3,0,0,0.0958,0.1976,0
TX-107757,CUST-1029,RECIP-5773,129.89,18,3,1562,291,0,4,45.78,0,6.1,0,1,0.0549,0.1994,0
TX-107758,CUST-2224,RECIP-6543,105.2,2,5,500,70,0,4,54.17,1,16.6,0,0,0.0262,0.2708,0
TX-107759,CUST-1627,RECIP-7208,173.86,7,3,2483,1262,0,3,110.18,1,6.4,0,0,0.1371,0.038,0
TX-107760,CUST-1535,RECIP-5657,35.62,4,0,1616,41,1,0,98.34,1,27.5,0,0,0.2715,0.0567,0
TX-107761,CUST-2076,RECIP-8248,244.99,16,2,914,677,0,2,35.66,2,1.5,0,0,0.1034,0.2632,0
TX-107762,CUST-1784,RECIP-6247,78.29,20,0,663,400,0,3,64.96,0,1997.3,1,0,0.2675,0.1574,0
TX-107763,CUST-2371,RECIP-9218,1470.53,4,4,317,42,1,0,55.78,0,31.7,0,0,0.016,0.3365,0
TX-107764,CUST-1701,RECIP-8607,29.68,9,1,809,528,0,3,83.82,1,9.4,0,0,0.0598,0.0661,0
TX-107765,CUST-2069,RECIP-7854,425.06,11,2,357,1117,0,4,370.87,1,13.5,1,0,0.1984,0.256,0
TX-107766,CUST-2318,RECIP-5538,40.98,16,6,2223,12,1,0,111.94,1,433.2,0,0,0.1913,0.2559,0
TX-107767,CUST-1695,RECIP-5111,22.37,8,4,1106,1104,0,7,44.42,2,3.0,0,0,0.7388,0.3959,0
TX-107768,CUST-1426,RECIP-5656,87.88,12,5,1576,1528,0,3,121.98,0,27.9,0,0,0.0567,0.3139,0
TX-107769,CUST-2461,RECIP-7248,24.52,12,2,2018,42,1,0,82.02,1,6.3,0,0,0.2999,0.3819,0
TX-107770,CUST-1340,RECIP-8515,133.35,0,6,2404,1395,0,2,292.57,0,5.5,0,0,0.0872,0.0747,0
TX-107771,CUST-1058,RECIP-5688,266.69,13,5,1148,38,1,0,71.2,0,3.3,0,3,0.3367,0.0963,0
TX-107772,CUST-1867,RECIP-8183,53.03,13,3,159,696,0,5,79.25,0,15.1,0,0,0.2264,0.302,0
TX-107773,CUST-2480,RECIP-5215,35.99,23,4,1540,361,0,4,229.09,1,25.6,0,0,0.0453,0.0714,0
TX-107774,CUST-1129,RECIP-6195,263.36,12,4,2368,1069,0,5,52.68,2,35.9,0,0,0.3067,0.1562,0
TX-107775,CUST-2274,RECIP-7693,29.11,21,1,914,416,0,3,40.7,1,15.7,0,0,0.5387,0.196,0
TX-107776,CUST-2245,RECIP-8727,65.53,8,1,282,1272,0,3,121.95,1,34.2,0,0,0.1838,0.0203,0
TX-107777,CUST-2393,RECIP-8496,240.03,16,4,1795,1457,0,3,112.97,1,35.2,0,0,0.2917,0.1827,0
TX-107778,CUST-1632,RECIP-7396,110.69,21,3,1563,1776,0,2,36.71,1,10.9,0,0,0.0703,0.0952,0
TX-107779,CUST-1382,RECIP-5162,85.23,3,5,408,968,0,3,22.37,1,297.1,0,0,0.1281,0.3049,0
TX-107780,CUST-1768,RECIP-6320,32.26,13,3,38,1984,0,5,126.58,1,18.9,0,0,0.3981,0.299,0
TX-107781,CUST-1213,RECIP-8526,185.81,22,0,1314,13,1,0,125.98,1,35.1,0,0,0.1293,0.0117,0
TX-107782,CUST-2264,RECIP-5365,206.44,13,4,396,1444,0,3,149.29,1,68.4,0,0,0.2517,0.0466,0
TX-107783,CUST-1994,RECIP-8178,10.48,21,4,487,1954,0,4,211.81,1,24.4,0,0,0.7478,0.1272,0
TX-107784,CUST-1724,RECIP-8167,2180.25,10,2,793,1087,0,7,107.23,0,2805.0,1,0,0.3475,0.0634,1
TX-107785,CUST-1773,RECIP-8383,19.44,21,5,1187,1840,0,7,88.6,2,25.5,0,0,0.2395,0.0855,0
TX-107786,CUST-2068,RECIP-5977,43.19,15,2,2050,1177,0,1,170.42,1,9.3,0,0,0.244,0.0646,0
TX-107787,CUST-1784,RECIP-6101,53.15,11,0,1093,186,0,1,107.4,2,8.0,0,0,0.0363,0.4975,0
TX-107788,CUST-2259,RECIP-5893,9.87,5,0,2095,1019,0,1,32.39,3,19.7,0,0,0.0032,0.0405,0
TX-107789,CUST-2386,RECIP-6771,30.88,4,6,1523,1607,0,3,118.52,3,9.6,0,0,0.1656,0.2119,0
TX-107790,CUST-2424,RECIP-7357,45.95,6,2,1000,22,1,0,162.15,0,2.6,0,0,0.1055,0.2623,0
TX-107791,CUST-1930,RECIP-5538,58.85,18,2,1288,40,1,0,50.25,3,26.5,0,0,0.0115,0.209,0
TX-107792,CUST-2113,RECIP-7553,37.18,11,2,378,617,0,7,359.21,2,16.1,0,0,0.0671,0.233,0
TX-107793,CUST-1466,RECIP-6075,318.87,9,5,2440,1461,0,3,78.45,1,10.8,1,0,0.1694,0.0479,0
TX-107794,CUST-1057,RECIP-7529,127.84,11,4,775,1608,0,2,222.59,5,21.7,0,3,0.3345,0.3962,0
TX-107795,CUST-1600,RECIP-6362,248.63,8,6,2253,42,1,0,47.6,0,29.9,1,0,0.1752,0.0515,0
TX-107796,CUST-2307,RECIP-9295,62.27,19,6,1623,942,0,3,184.88,1,3.1,1,0,0.7683,0.016,0
TX-107797,CUST-1200,RECIP-6437,188.47,9,6,756,342,0,6,278.97,2,18.7,0,0,0.3493,0.0288,0
TX-107798,CUST-1818,RECIP-8920,111.48,11,2,1232,631,0,3,54.58,2,5.9,1,0,0.2643,0.1203,0
TX-107799,CUST-1288,RECIP-5787,206.72,13,4,329,1882,0,2,123.76,3,0.4,0,0,0.889,0.0022,0
TX-107800,CUST-1643,RECIP-5382,28.29,15,2,1550,116,0,7,83.26,1,32.1,0,0,0.2452,0.0725,0
TX-107801,CUST-1215,RECIP-5849,329.49,8,4,189,1143,0,4,46.1,2,4.2,0,2,0.5802,0.2044,0
TX-107802,CUST-2102,RECIP-6887,110.39,1,5,1608,935,0,5,108.24,2,0.6,1,0,0.0799,0.3324,0
TX-107803,CUST-2215,RECIP-9056,93.58,16,1,519,738,0,6,78.05,0,25.5,0,0,0.115,0.21,0
TX-107804,CUST-2137,RECIP-5793,412.95,13,6,347,1801,0,2,81.66,0,13.5,0,0,0.2064,0.03,0
TX-107805,CUST-2057,RECIP-8527,65.87,15,2,578,1788,0,5,41.42,1,7.8,0,0,0.2169,0.3011,0
TX-107806,CUST-1352,RECIP-8136,60.25,13,6,250,100,0,5,189.07,0,14.9,0,0,0.9798,0.1908,0
TX-107807,CUST-1795,RECIP-6550,1796.16,12,5,2225,622,0,4,72.63,1,29.5,0,0,0.1767,0.1345,1
TX-107808,CUST-1157,RECIP-6513,58.53,22,0,2341,8,1,0,79.68,2,9.1,0,3,0.115,0.0655,0
TX-107809,CUST-1561,RECIP-9264,71.93,1,2,2314,183,0,4,45.43,2,6.4,0,1,0.021,0.2256,0
TX-107810,CUST-1758,RECIP-8215,17.07,2,2,1804,26,1,0,223.44,1,9.4,0,0,0.1328,0.3934,0
TX-107811,CUST-2002,RECIP-6075,32.75,22,5,599,825,0,6,37.24,3,13.9,0,0,0.6907,0.0859,0
TX-107812,CUST-1145,RECIP-9103,272.64,21,5,1904,40,1,0,29.85,1,416.0,0,0,0.0315,0.1522,0
TX-107813,CUST-2219,RECIP-6830,117.73,9,0,1904,20,1,0,110.5,2,3.1,0,0,0.0337,0.0892,0
TX-107814,CUST-1688,RECIP-5358,27.15,12,5,614,1945,0,3,68.56,1,13.0,0,0,0.0744,0.0643,0
TX-107815,CUST-2321,RECIP-8660,46.94,10,1,2094,1344,0,6,159.24,0,4.1,0,0,0.069,0.2555,0
TX-107816,CUST-1791,RECIP-8909,32.06,23,2,2492,1258,0,5,318.36,2,5.6,1,0,0.2892,0.0172,0
TX-107817,CUST-1820,RECIP-6992,133.47,10,1,962,28,1,0,260.59,1,1.8,0,0,0.6799,0.3318,0
TX-107818,CUST-2038,RECIP-8167,149.87,18,1,1483,31,1,0,203.91,2,0.8,0,0,0.2825,0.1156,0
TX-107819,CUST-2229,RECIP-6055,46.09,8,3,2182,20,1,0,50.2,1,12.4,0,0,0.4804,0.1608,0
TX-107820,CUST-1236,RECIP-8826,28.03,9,0,678,575,0,4,217.96,2,13.4,0,0,0.1253,0.0236,0
TX-107821,CUST-1766,RECIP-6658,14.23,16,0,2471,1087,0,3,70.76,3,24.0,0,0,0.4855,0.3929,0
TX-107822,CUST-1044,RECIP-6202,441.12,9,5,778,794,0,2,42.29,0,17.0,0,0,0.3029,0.2112,0
TX-107823,CUST-1711,RECIP-7253,66.23,0,2,2420,786,0,5,149.49,4,6.5,0,0,0.5727,0.045,0
TX-107824,CUST-2220,RECIP-6202,165.42,4,4,607,44,1,0,71.95,2,2.9,1,0,0.3452,0.1678,0
TX-107825,CUST-2298,RECIP-7792,27.97,20,6,1862,220,0,7,88.4,1,0.8,0,3,0.5752,0.2044,0
TX-107826,CUST-1425,RECIP-8364,280.55,8,0,1327,1646,0,3,164.99,1,10.7,0,4,0.1652,0.1513,0
TX-107827,CUST-1579,RECIP-6825,25.19,2,5,948,366,0,5,178.43,3,3.5,0,4,0.1286,0.0836,0
TX-107828,CUST-1827,RECIP-8525,181.62,22,0,1114,794,0,6,79.09,0,2557.3,1,3,0.0237,0.0288,0
TX-107829,CUST-1593,RECIP-6940,210.08,23,5,590,1465,0,2,110.2,0,589.7,0,0,0.0208,0.0818,0
TX-107830,CUST-1267,RECIP-9365,218.07,11,2,1689,1831,0,3,198.73,1,18.9,0,0,0.1272,0.1062,0
TX-107831,CUST-1457,RECIP-6187,37.12,15,0,2482,1631,0,1,57.81,0,11.9,0,0,0.8641,0.1543,0
TX-107832,CUST-1606,RECIP-8171,100.61,18,1,1476,1468,0,7,30.27,0,2662.7,0,0,0.9285,0.1212,0
TX-107833,CUST-1778,RECIP-7409,23.52,1,2,712,827,0,6,68.84,1,5.3,0,0,0.9473,0.1691,0
TX-107834,CUST-2381,RECIP-9245,103.01,7,5,1684,761,0,5,77.93,1,13.5,0,0,0.0548,0.3199,0
TX-107835,CUST-1817,RECIP-5987,210.22,13,4,1112,698,0,4,90.12,1,6.1,0,0,0.1783,0.1159,0
TX-107836,CUST-1580,RECIP-5885,58.34,13,5,2305,11,1,0,542.92,1,16.3,0,2,0.1152,0.1683,0
TX-107837,CUST-1990,RECIP-8903,75.82,7,0,682,1238,0,4,57.68,2,35.5,0,2,0.0812,0.0439,0
TX-107838,CUST-2159,RECIP-9054,31.35,0,6,1310,184,0,3,87.87,1,5.0,0,0,0.0998,0.1462,0
TX-107839,CUST-1645,RECIP-8363,35.9,22,3,1255,102,0,5,52.09,3,3.2,0,0,0.156,0.0208,0
TX-107840,CUST-1733,RECIP-7136,36.5,14,0,2217,295,0,2,118.71,1,20.7,1,0,0.2029,0.1058,0
TX-107841,CUST-1326,RECIP-6846,40.78,18,6,302,1164,0,4,147.2,3,0.3,0,0,0.0081,0.3279,0
TX-107842,CUST-2297,RECIP-7999,258.11,10,5,1555,1963,0,1,174.21,0,2.2,0,0,0.116,0.1442,0
TX-107843,CUST-2300,RECIP-8362,40.82,12,0,2028,969,0,1,120.18,1,35.5,0,0,0.2401,0.2788,0
TX-107844,CUST-1262,RECIP-6241,87.67,10,3,922,37,1,0,106.78,3,4.5,0,0,0.3347,0.4681,0
TX-107845,CUST-1519,RECIP-5031,219.74,10,6,1277,917,0,2,16.14,0,1028.1,0,0,0.0501,0.0471,0
TX-107846,CUST-1407,RECIP-5331,125.77,16,4,757,1433,0,9,170.21,0,20.5,0,0,0.259,0.0932,0
TX-107847,CUST-2384,RECIP-6550,1534.91,23,1,1066,25,1,0,279.13,2,0.0,0,1,0.4399,0.1427,1
TX-107848,CUST-1097,RECIP-8067,189.47,18,4,2376,26,1,0,55.32,3,9.0,0,0,0.1148,0.1067,0
TX-107849,CUST-1311,RECIP-6981,63.27,16,1,926,1889,0,1,51.95,1,2.0,0,0,0.0732,0.307,0
TX-107850,CUST-1472,RECIP-7782,18.64,0,2,528,1870,0,3,43.77,2,9.8,0,0,0.8896,0.1541,0
TX-107851,CUST-1840,RECIP-7114,331.87,12,1,1462,396,0,8,158.27,1,0.4,0,0,0.0994,0.1038,0
TX-107852,CUST-1373,RECIP-6132,54.55,22,4,1190,1963,0,4,42.66,3,1.9,0,1,0.1807,0.3595,0
TX-107853,CUST-1804,RECIP-8369,220.53,9,6,1956,37,1,0,90.57,0,5.0,0,0,0.0059,0.0805,0
TX-107854,CUST-2120,RECIP-8255,32.21,13,0,119,972,0,1,32.63,3,18.8,0,0,0.1409,0.4702,0
TX-107855,CUST-2242,RECIP-9332,26.02,7,4,2259,808,0,2,135.86,0,27.4,0,0,0.5588,0.0293,0
TX-107856,CUST-1148,RECIP-8715,69.48,4,1,1763,1358,0,6,71.84,1,91.9,0,0,0.2116,0.314,0
TX-107857,CUST-1208,RECIP-6709,50.54,16,5,2108,1570,0,2,116.75,2,3.1,0,0,0.6512,0.0317,0
TX-107858,CUST-1142,RECIP-8171,110.8,7,0,1036,37,1,0,52.37,1,1853.3,0,0,0.0745,0.2272,0
TX-107859,CUST-2364,RECIP-6577,1022.18,14,2,1130,1544,0,2,58.29,0,2.3,0,1,0.0931,0.1486,0
TX-107860,CUST-1978,RECIP-8927,96.21,14,1,856,1965,0,5,64.73,0,38.4,0,0,0.2959,0.0637,0
TX-107861,CUST-1797,RECIP-7747,612.31,20,6,2089,1052,0,3,52.57,1,1899.0,0,1,0.0594,0.1975,0
TX-107862,CUST-2186,RECIP-8755,897.22,22,0,205,1180,0,1,50.66,0,21.1,1,0,0.1589,0.1266,0
TX-107863,CUST-1879,RECIP-6265,69.89,13,4,1335,5,1,0,38.1,2,22.0,0,0,0.0267,0.1268,0
TX-107864,CUST-1353,RECIP-5067,86.77,1,0,671,580,0,3,141.71,1,16.1,1,0,0.2203,0.0785,0
TX-107865,CUST-1765,RECIP-5636,342.65,13,4,1606,943,0,5,124.64,0,16.1,0,0,0.2464,0.553,0
TX-107866,CUST-2054,RECIP-7391,318.73,21,5,2410,1145,0,8,72.48,1,1.4,0,0,0.1519,0.169,0
TX-107867,CUST-1054,RECIP-9326,210.93,11,5,1696,9,1,0,175.2,0,24.9,0,0,0.0477,0.1295,0
TX-107868,CUST-1909,RECIP-7821,5.92,13,0,139,821,0,2,301.35,1,24.7,0,0,0.3926,0.1758,0
TX-107869,CUST-1745,RECIP-8642,41.96,18,5,1017,599,0,4,58.49,2,46.5,0,0,0.1543,0.0352,0
TX-107870,CUST-1104,RECIP-7111,102.42,10,2,107,1352,0,1,116.44,4,6.5,0,0,0.2261,0.4039,0
TX-107871,CUST-1395,RECIP-9313,70.58,9,4,1230,814,0,3,116.52,1,2.3,1,0,0.0324,0.1425,0
TX-107872,CUST-1672,RECIP-9234,35.34,11,6,459,323,0,5,61.5,0,3.8,0,0,0.1304,0.0242,0
TX-107873,CUST-1514,RECIP-5980,110.64,20,0,1740,25,1,0,37.49,1,3.0,0,0,0.2554,0.3217,0
TX-107874,CUST-1435,RECIP-8879,202.21,11,2,1347,9,1,0,624.71,2,15.9,1,0,0.6893,0.0366,0
TX-107875,CUST-1973,RECIP-5080,137.91,7,6,790,15,1,0,128.7,0,5.6,0,4,0.087,0.1587,0
TX-107876,CUST-1606,RECIP-7666,153.48,14,0,2147,1500,0,2,101.79,3,26.8,0,0,0.6293,0.3529,0
TX-107877,CUST-1746,RECIP-6967,291.15,16,1,1874,1976,0,1,127.07,0,35.6,0,0,0.1033,0.191,0
TX-107878,CUST-2197,RECIP-6355,261.63,21,3,1578,1259,0,3,613.38,2,22.6,0,0,0.1066,0.0604,0
TX-107879,CUST-1139,RECIP-9201,91.54,21,6,904,1044,0,2,84.51,3,10.0,0,0,0.1395,0.0315,0
TX-107880,CUST-1539,RECIP-7980,63.93,18,2,702,603,0,7,103.18,3,10.6,0,0,0.7753,0.1329,0
TX-107881,CUST-1109,RECIP-5622,179.83,18,2,1476,1363,0,3,104.04,1,1.5,0,0,0.1278,0.0213,0
TX-107882,CUST-2390,RECIP-5626,74.11,10,5,1981,860,0,5,225.46,0,20.4,0,0,0.6785,0.0699,0
TX-107883,CUST-1278,RECIP-5527,352.02,8,0,2098,1923,0,1,121.83,0,5.3,0,0,0.3878,0.0544,0
TX-107884,CUST-2229,RECIP-6368,1148.26,13,2,1950,1389,0,2,31.06,2,9.5,0,0,0.034,0.2411,0
TX-107885,CUST-1286,RECIP-5310,24.58,16,2,87,20,1,0,26.47,4,30.9,0,0,0.0751,0.0153,0
TX-107886,CUST-1486,RECIP-6188,130.76,12,2,2462,1881,0,1,216.18,2,24.5,0,0,0.0192,0.1949,0
TX-107887,CUST-1912,RECIP-8442,81.3,4,4,623,940,0,2,119.78,1,8.5,1,0,0.0307,0.3842,0
TX-107888,CUST-2247,RECIP-8931,9.85,0,1,54,36,1,0,77.51,3,1.8,0,1,0.8428,0.1386,0
TX-107889,CUST-1266,RECIP-8536,138.5,1,2,1416,1458,0,2,54.93,2,17.1,0,2,0.4989,0.2929,0
TX-107890,CUST-1319,RECIP-7232,77.01,10,6,1154,23,1,0,368.79,1,568.8,1,0,0.389,0.1913,0
TX-107891,CUST-2322,RECIP-8129,223.26,18,5,292,1156,0,3,118.28,2,3.2,0,0,0.0098,0.0955,0
TX-107892,CUST-1482,RECIP-9247,241.01,18,6,559,14,1,0,147.08,0,7.8,0,0,0.0595,0.4321,0
TX-107893,CUST-1314,RECIP-5239,108.57,19,4,537,1792,0,5,183.55,2,24.4,0,0,0.188,0.2241,0
TX-107894,CUST-2115,RECIP-9070,251.2,17,4,1116,377,0,5,137.23,1,7.1,0,0,0.2186,0.2146,0
TX-107895,CUST-1136,RECIP-8254,22.76,0,1,1880,10,1,0,71.24,0,9.8,0,0,0.4009,0.1357,0
TX-107896,CUST-2300,RECIP-6738,83.68,21,1,1714,2,1,0,85.56,2,10.4,0,0,0.0037,0.0207,0
TX-107897,CUST-2313,RECIP-7018,325.46,22,3,93,1849,0,1,161.56,1,23.6,0,0,0.2139,0.0684,0
TX-107898,CUST-2284,RECIP-6973,226.48,20,2,459,1177,0,3,193.58,0,2.5,0,0,0.019,0.004,0
TX-107899,CUST-1442,RECIP-5710,74.46,10,5,1536,14,1,0,219.9,2,20.3,0,0,0.3794,0.0271,0
TX-107900,CUST-1171,RECIP-6036,144.3,5,0,2013,4,1,0,54.71,0,7.1,1,0,0.3384,0.0565,0
TX-107901,CUST-1638,RECIP-6328,36.98,21,6,114,1618,0,3,114.09,0,0.2,0,0,0.4688,0.0665,0
TX-107902,CUST-1501,RECIP-5026,490.22,4,1,859,1687,0,3,54.35,0,13.2,0,0,0.0682,0.387,0
TX-107903,CUST-2438,RECIP-7255,252.46,18,2,316,473,0,1,90.9,2,1.2,0,0,0.0714,0.1354,0
TX-107904,CUST-1947,RECIP-7144,103.16,23,2,1229,18,1,0,82.14,3,19.3,0,0,0.2425,0.1673,0
TX-107905,CUST-2416,RECIP-6483,137.44,21,6,994,155,0,5,98.87,1,26.0,0,0,0.5826,0.0347,0
TX-107906,CUST-2126,RECIP-5793,151.42,12,5,459,32,1,0,198.81,1,1.2,0,1,0.4639,0.0862,0
TX-107907,CUST-2072,RECIP-9363,177.89,20,0,2412,276,0,1,52.57,1,2409.2,0,0,0.1313,0.3854,0
TX-107908,CUST-1167,RECIP-8053,66.5,19,5,1913,27,1,0,433.25,2,3.5,0,0,0.0838,0.1291,0
TX-107909,CUST-1103,RECIP-7136,189.9,23,4,1378,1186,0,4,253.87,2,2205.8,1,0,0.0009,0.1407,0
TX-107910,CUST-1069,RECIP-8252,789.01,8,0,1920,671,0,2,29.67,1,5.6,0,0,0.1903,0.0331,0
TX-107911,CUST-1890,RECIP-6674,236.79,15,5,801,624,0,4,125.32,1,4.7,0,0,0.1368,0.1931,0
TX-107912,CUST-1302,RECIP-5969,62.41,19,0,2339,931,0,10,41.52,3,18.9,0,0,0.011,0.1164,0
TX-107913,CUST-2483,RECIP-8029,61.9,5,2,1045,339,0,5,128.96,1,3397.9,0,0,0.4887,0.2274,0
TX-107914,CUST-1198,RECIP-8467,115.85,5,1,983,868,0,3,33.87,2,1.4,0,0,0.8485,0.0992,0
TX-107915,CUST-2420,RECIP-7927,476.47,9,0,1434,1280,0,2,235.25,3,11.9,0,0,0.2958,0.0144,0
TX-107916,CUST-2001,RECIP-7548,147.96,8,3,1458,954,0,4,243.52,0,8.0,0,3,0.1318,0.0912,0
TX-107917,CUST-1159,RECIP-5010,12.57,18,4,1559,30,1,0,69.29,2,8.7,0,0,0.0869,0.0755,0
TX-107918,CUST-1087,RECIP-7870,29.74,22,3,2086,1666,0,5,112.24,0,13.8,0,0,0.0349,0.1099,0
TX-107919,CUST-1593,RECIP-7783,29.91,3,2,691,798,0,2,37.87,0,23.6,0,0,0.0958,0.1419,0
TX-107920,CUST-1508,RECIP-6856,181.97,7,3,1776,301,0,3,64.87,0,13.1,0,0,0.1144,0.0474,0
TX-107921,CUST-1473,RECIP-6096,22.62,22,1,517,1099,0,1,87.0,0,14.2,0,0,0.0618,0.1596,0
TX-107922,CUST-1792,RECIP-9405,294.41,14,0,623,397,0,1,30.24,1,1233.1,0,0,0.1169,0.2703,1
TX-107923,CUST-1194,RECIP-6688,582.24,4,1,1253,1731,0,4,333.36,3,14.2,0,0,0.1084,0.2259,0
TX-107924,CUST-1194,RECIP-6224,235.31,14,0,1325,362,0,1,108.46,1,20.7,0,0,0.3672,0.0776,0
TX-107925,CUST-2042,RECIP-8178,9.53,21,5,1622,1465,0,5,248.96,1,15.0,0,0,0.4226,0.2841,0
TX-107926,CUST-2485,RECIP-7168,35.63,8,4,374,33,1,0,85.39,1,14.0,0,1,0.1703,0.3136,0
TX-107927,CUST-1410,RECIP-7508,67.63,11,1,2046,6,1,0,57.9,3,12.4,0,0,0.0059,0.2362,0
TX-107928,CUST-2397,RECIP-7917,303.69,14,3,1406,1779,0,4,105.31,0,13.7,0,1,0.0224,0.0671,0
TX-107929,CUST-1517,RECIP-6658,32.74,20,3,1494,23,1,0,199.54,0,36.0,0,0,0.4892,0.2875,0
TX-107930,CUST-1503,RECIP-5685,37.28,13,0,1875,392,0,5,58.85,3,7.9,0,0,0.8191,0.0286,0
TX-107931,CUST-1135,RECIP-5753,99.48,22,6,1740,1733,0,6,118.46,2,3.2,0,0,0.2452,0.1016,0
TX-107932,CUST-1634,RECIP-9228,50.82,18,6,1089,683,0,5,62.76,1,1681.4,0,0,0.0829,0.386,0
TX-107933,CUST-1746,RECIP-7274,63.63,10,5,1225,789,0,3,19.69,2,2868.1,0,0,0.2166,0.1008,0
TX-107934,CUST-1995,RECIP-6876,197.53,11,5,605,1669,0,5,74.5,1,60.2,0,0,0.2976,0.1557,0
TX-107935,CUST-1237,RECIP-6437,7.38,16,3,1429,350,0,1,107.54,1,20.7,0,0,0.0659,0.0352,0
TX-107936,CUST-1283,RECIP-8247,15.26,1,5,531,26,1,0,97.79,2,1465.8,0,0,0.0395,0.1268,0
TX-107937,CUST-1648,RECIP-9108,52.62,5,3,1599,283,0,5,78.8,1,18.6,0,0,0.1474,0.1087,1
TX-107938,CUST-1104,RECIP-8460,57.25,5,1,1061,1155,0,6,104.61,1,18.6,0,0,0.8154,0.2878,0
TX-107939,CUST-1215,RECIP-7404,45.79,19,1,613,1299,0,5,60.09,0,32.4,0,0,0.0372,0.1742,0
TX-107940,CUST-1943,RECIP-7139,91.32,19,5,1205,1189,0,4,141.47,1,16.9,0,0,0.0997,0.0323,0
TX-107941,CUST-2430,RECIP-8896,59.56,19,3,2337,1876,0,10,69.71,0,8.7,0,0,0.4505,0.143,0
TX-107942,CUST-1859,RECIP-8853,476.82,2,5,1418,11,1,0,179.97,1,7.4,0,0,0.0777,0.1644,0
TX-107943,CUST-1217,RECIP-6755,28.95,7,1,882,134,0,3,34.39,2,2.5,0,0,0.1422,0.1168,0
TX-107944,CUST-2486,RECIP-9339,100.15,7,3,1141,461,0,4,103.73,0,44.4,0,0,0.2297,0.0675,0
TX-107945,CUST-1782,RECIP-8723,67.34,0,0,1523,29,1,0,140.36,2,12.2,0,0,0.3028,0.088,0
TX-107946,CUST-2075,RECIP-8808,84.2,6,1,409,947,0,5,247.64,1,14.7,0,1,0.0812,0.1023,0
TX-107947,CUST-1295,RECIP-5254,62.79,10,0,1415,436,0,7,65.02,0,8.1,0,0,0.044,0.3957,0
TX-107948,CUST-1867,RECIP-5585,236.65,21,1,113,1084,0,4,233.31,1,948.0,0,0,0.1634,0.2018,0
TX-107949,CUST-1114,RECIP-6341,1219.38,4,4,2137,1091,0,2,134.48,1,9.3,0,0,0.3903,0.2098,0
TX-107950,CUST-1938,RECIP-8425,26.04,20,0,1535,5,1,0,353.92,2,420.0,0,0,0.0517,0.218,0
TX-107951,CUST-1303,RECIP-5351,345.72,19,1,310,1721,0,5,32.13,1,4.4,0,0,0.2679,0.0239,1
TX-107952,CUST-2364,RECIP-5372,1195.08,3,4,1181,797,0,0,115.46,0,12.0,0,0,0.196,0.0585,0
TX-107953,CUST-1082,RECIP-5142,60.99,6,1,2214,1586,0,5,94.04,2,9.6,0,0,0.8623,0.2094,0
TX-107954,CUST-1978,RECIP-5863,210.41,10,3,2413,1415,0,4,109.14,1,646.9,1,0,0.2263,0.2086,0
TX-107955,CUST-1209,RECIP-9134,44.91,22,6,368,16,1,0,185.66,1,20.6,0,0,0.0802,0.1581,0
TX-107956,CUST-2030,RECIP-8245,1099.3,18,5,698,1294,0,4,274.61,1,37.2,0,0,0.2249,0.0103,0
TX-107957,CUST-1740,RECIP-8225,26.34,23,0,386,999,0,5,123.54,0,22.7,0,1,0.3473,0.1604,0
TX-107958,CUST-2451,RECIP-6316,210.94,7,1,940,61,0,5,28.94,0,8.4,0,2,0.0866,0.0917,0
TX-107959,CUST-1977,RECIP-7812,135.59,21,4,2159,1346,0,3,72.64,1,6.2,1,0,0.2096,0.0132,0
TX-107960,CUST-1557,RECIP-8505,89.74,22,2,1775,38,1,0,1029.02,0,8.6,0,0,0.1671,0.177,0
TX-107961,CUST-1131,RECIP-7396,161.44,14,2,665,20,1,0,47.16,0,61.7,0,0,0.9017,0.159,1
TX-107962,CUST-1893,RECIP-8852,16.44,3,3,833,1216,0,6,110.4,1,7.6,0,0,0.2089,0.2507,0
TX-107963,CUST-1661,RECIP-7562,220.42,6,4,1541,1413,0,3,166.56,2,1.2,0,1,0.8965,0.1977,0
TX-107964,CUST-1078,RECIP-6460,38.69,3,3,1504,16,1,0,203.76,0,22.5,0,0,0.1288,0.2076,0
TX-107965,CUST-1871,RECIP-7874,584.07,19,0,1175,25,1,0,61.32,0,12.0,0,0,0.1411,0.0664,0
TX-107966,CUST-1314,RECIP-9244,85.42,7,0,1070,488,0,2,284.73,1,30.4,0,0,0.5426,0.1135,0
TX-107967,CUST-1351,RECIP-8719,21.94,16,0,2337,536,0,0,241.0,0,0.8,0,0,0.3141,0.0255,0
TX-107968,CUST-1013,RECIP-7243,1069.88,6,1,1273,13,1,0,133.94,1,15.1,0,0,0.0748,0.0753,0
TX-107969,CUST-1558,RECIP-7685,190.94,23,5,1961,321,0,6,48.51,2,409.9,0,2,0.1112,0.0534,0
TX-107970,CUST-1327,RECIP-9391,28.79,18,6,2400,1649,0,5,63.29,1,33.2,0,0,0.0543,0.1547,0
TX-107971,CUST-1107,RECIP-8368,120.02,9,3,857,349,0,5,58.53,0,25.0,0,0,0.0891,0.1783,0
TX-107972,CUST-1651,RECIP-7261,274.71,11,0,1953,4,1,0,80.13,1,2521.6,0,0,0.5755,0.3285,1
TX-107973,CUST-1330,RECIP-6264,25.3,1,0,2039,1713,0,2,269.78,3,4.8,0,0,0.7522,0.2038,0
TX-107974,CUST-1201,RECIP-9076,108.48,3,5,571,10,1,0,119.61,1,11.8,0,0,0.0619,0.2953,0
TX-107975,CUST-1700,RECIP-9395,90.78,23,2,587,162,0,2,152.96,2,3.4,0,0,0.15,0.0247,0
TX-107976,CUST-1094,RECIP-5318,94.58,19,6,429,1532,0,5,107.99,1,16.3,0,0,0.1621,0.1013,0
TX-107977,CUST-2485,RECIP-5143,15.62,20,3,1550,16,1,0,301.05,0,1.2,0,0,0.0985,0.0786,0
TX-107978,CUST-1706,RECIP-5517,67.26,15,6,1910,10,1,0,29.7,3,25.5,0,1,0.1533,0.3725,0
TX-107979,CUST-2494,RECIP-6739,138.63,5,0,1886,8,1,0,5.65,0,5.0,0,0,0.075,0.0471,0
TX-107980,CUST-2322,RECIP-5719,133.56,2,6,987,36,1,0,92.36,0,0.6,0,0,0.109,0.4704,1
TX-107981,CUST-2469,RECIP-8969,47.91,17,3,1766,19,1,0,94.11,2,73.1,1,0,0.1073,0.0452,1
TX-107982,CUST-1814,RECIP-9113,109.88,7,3,103,793,0,2,92.05,0,0.6,1,0,0.0321,0.2235,0
TX-107983,CUST-1634,RECIP-5812,89.88,0,3,1652,1506,0,4,56.65,1,8.5,0,1,0.1928,0.4267,0
TX-107984,CUST-2079,RECIP-8730,112.63,0,2,1200,19,1,0,35.71,3,14.1,0,0,0.196,0.1226,0
TX-107985,CUST-1121,RECIP-5636,52.68,13,4,2080,883,0,6,87.69,2,391.6,0,0,0.2551,0.3832,0
TX-107986,CUST-2260,RECIP-8542,89.79,20,5,2420,1665,0,3,72.1,1,24.3,0,2,0.2633,0.2516,0
TX-107987,CUST-1485,RECIP-6644,108.79,8,5,1403,343,0,3,113.34,1,37.1,0,1,0.1203,0.1322,0
TX-107988,CUST-1011,RECIP-5181,403.08,23,6,1565,876,0,2,159.58,0,1118.3,0,0,0.0006,0.5796,0
TX-107989,CUST-1356,RECIP-6926,122.25,9,2,2323,1256,0,5,229.08,4,9.7,0,0,0.0811,0.0983,0
TX-107990,CUST-1363,RECIP-8702,197.18,17,5,878,35,1,0,176.5,2,5.5,0,0,0.7014,0.2623,0
TX-107991,CUST-1021,RECIP-9200,201.28,5,6,387,28,1,0,93.58,1,16.6,0,0,0.0864,0.013,0
TX-107992,CUST-2002,RECIP-5545,87.78,14,0,1280,1342,0,4,134.1,2,2.4,0,0,0.0422,0.0929,0
TX-107993,CUST-1142,RECIP-8762,178.21,6,3,908,109,0,4,39.58,1,20.8,0,1,0.0975,0.1358,0
TX-107994,CUST-2270,RECIP-6319,149.68,18,4,1597,1991,0,4,50.89,2,2370.6,0,0,0.1666,0.1622,0
TX-107995,CUST-1679,RECIP-7088,13.86,10,3,1963,500,0,4,343.85,3,2.2,0,0,0.8015,0.1141,0
TX-107996,CUST-2077,RECIP-5489,177.12,1,0,1274,1213,0,7,208.92,2,5.5,1,0,0.0237,0.1767,0
TX-107997,CUST-1509,RECIP-9378,284.63,5,4,790,23,1,0,31.92,1,1.1,0,0,0.2406,0.1955,0
TX-107998,CUST-1197,RECIP-8556,144.23,8,2,1425,25,1,0,56.72,1,9.0,0,0,0.0396,0.1601,0
TX-107999,CUST-1270,RECIP-7890,29.4,11,4,1124,195,0,4,383.92,1,2.0,0,0,0.213,0.2615,0
TX-108000,CUST-1968,RECIP-8271,35.6,6,0,488,41,1,0,53.82,7,23.5,0,0,0.1677,0.0543,0
TX-108001,CUST-2074,RECIP-8931,37.54,13,0,1939,79,0,5,23.99,0,2842.1,0,0,0.365,0.1643,0
TX-108002,CUST-1401,RECIP-5645,127.94,23,4,850,877,0,5,65.38,2,15.4,0,0,0.1114,0.304,0
TX-108003,CUST-1535,RECIP-6107,221.15,17,6,1360,1762,0,2,66.67,3,4.9,0,0,0.6758,0.2046,0
TX-108004,CUST-2417,RECIP-5168,9.42,7,4,2274,559,0,2,227.52,1,18.3,0,0,0.2097,0.1552,0
TX-108005,CUST-2277,RECIP-7200,56.6,16,6,493,15,1,0,184.87,0,3121.2,0,0,0.2018,0.2807,0
TX-108006,CUST-1619,RECIP-7223,88.1,23,5,1085,142,0,5,68.32,2,3.4,1,0,0.0857,0.2885,0
TX-108007,CUST-1361,RECIP-5133,112.05,5,1,461,11,1,0,93.77,0,2.6,0,0,0.158,0.0569,0
TX-108008,CUST-1452,RECIP-7977,34.98,5,0,1109,28,1,0,122.93,1,0.8,0,1,0.2014,0.2628,0
TX-108009,CUST-1807,RECIP-5039,85.75,0,3,774,1934,0,2,170.43,1,1459.3,0,0,0.0218,0.0413,0
TX-108010,CUST-1850,RECIP-8567,101.67,20,4,2291,1260,0,6,74.98,0,1.4,0,0,0.0081,0.2836,0
TX-108011,CUST-1276,RECIP-8174,79.64,19,5,778,1442,0,3,123.62,1,25.2,0,0,0.0271,0.2652,0
TX-108012,CUST-1098,RECIP-8668,123.18,9,3,1546,1558,0,8,290.37,1,1681.5,0,0,0.0631,0.0998,0
TX-108013,CUST-1742,RECIP-5532,1057.6,20,6,367,291,0,4,89.11,4,1.9,0,0,0.1849,0.3322,0
TX-108014,CUST-2196,RECIP-8916,821.4,15,5,1156,13,1,0,110.4,0,5.5,0,0,0.1074,0.1064,0
TX-108015,CUST-1228,RECIP-7465,39.39,23,4,2091,953,0,6,157.11,0,0.8,0,0,0.1621,0.1441,0
TX-108016,CUST-1612,RECIP-8885,84.87,22,3,1689,659,0,1,64.83,1,5.9,0,2,0.1001,0.2936,0
TX-108017,CUST-1242,RECIP-8132,51.85,23,0,728,1738,0,2,51.25,0,19.3,0,0,0.081,0.1325,0
TX-108018,CUST-1363,RECIP-7953,98.0,9,5,2430,1011,0,4,133.7,0,15.7,0,0,0.3593,0.1147,0
TX-108019,CUST-1918,RECIP-5145,396.25,15,4,2011,1355,0,5,153.92,2,22.0,0,0,0.1023,0.0336,0
TX-108020,CUST-1429,RECIP-8113,49.41,4,6,1023,777,0,1,93.58,2,19.1,0,0,0.0593,0.0444,0
TX-108021,CUST-1395,RECIP-7019,60.31,21,0,2434,21,1,0,61.72,3,30.1,0,0,0.6686,0.2694,0
TX-108022,CUST-2493,RECIP-8821,66.42,7,1,492,356,0,5,70.16,1,26.7,0,0,0.9623,0.1634,0
TX-108023,CUST-1258,RECIP-8078,63.9,10,4,849,868,0,2,120.94,1,1.1,0,0,0.3064,0.2259,0
TX-108024,CUST-1283,RECIP-5334,10.22,14,3,2328,936,0,6,41.16,0,8.1,0,0,0.3518,0.2478,0
TX-108025,CUST-2394,RECIP-9003,2289.27,18,4,2426,541,0,2,218.13,0,1610.6,0,0,0.0251,0.4053,0
TX-108026,CUST-1825,RECIP-5283,66.27,17,3,2063,1829,0,4,321.75,3,3.5,0,0,0.1881,0.1054,0
TX-108027,CUST-1064,RECIP-6346,165.31,22,4,502,1250,0,2,32.28,1,1.0,0,0,0.7691,0.1243,0
TX-108028,CUST-1637,RECIP-5975,13.44,17,4,569,1748,0,3,150.95,2,2633.7,0,0,0.4597,0.0094,0
TX-108029,CUST-1847,RECIP-9383,107.47,19,1,1629,358,0,0,180.34,0,61.4,0,0,0.0807,0.1883,0
TX-108030,CUST-1379,RECIP-5689,71.82,13,5,168,26,1,0,191.47,1,40.0,1,0,0.0235,0.2674,1
TX-108031,CUST-1822,RECIP-8800,15.32,9,3,2478,1631,0,5,28.81,1,13.1,0,0,0.0186,0.0716,0
TX-108032,CUST-1972,RECIP-5999,491.34,21,4,2355,376,0,2,78.03,0,8.8,0,1,0.0314,0.4432,0
TX-108033,CUST-1375,RECIP-7927,393.59,9,4,2026,466,0,3,64.95,1,15.6,0,0,0.1635,0.3178,0
TX-108034,CUST-2218,RECIP-5406,139.55,14,5,2421,42,1,0,82.87,1,1.1,0,0,0.0949,0.0382,0
TX-108035,CUST-1679,RECIP-6763,223.94,6,2,597,293,0,4,39.41,0,14.1,0,0,0.0572,0.1667,0
TX-108036,CUST-2445,RECIP-7803,143.34,11,0,2206,948,0,3,362.89,1,63.4,0,0,0.0088,0.2443,0
TX-108037,CUST-1131,RECIP-8199,57.87,8,1,665,19,1,0,138.0,1,22.5,0,0,0.0874,0.0342,0
TX-108038,CUST-1486,RECIP-8926,12.97,6,6,329,719,0,1,46.41,0,8.9,0,0,0.126,0.1325,0
TX-108039,CUST-2081,RECIP-8672,27.82,19,1,678,1640,0,9,65.79,2,49.6,0,0,0.8986,0.2815,0
TX-108040,CUST-2342,RECIP-7333,48.87,18,1,1943,765,0,3,284.64,1,7.3,0,0,0.0604,0.2404,0
TX-108041,CUST-1332,RECIP-6364,866.44,16,6,2359,967,0,6,92.27,0,14.2,0,0,0.1032,0.0553,0
TX-108042,CUST-2470,RECIP-6175,32.92,1,1,1541,37,1,0,259.62,0,6.7,0,0,0.0037,0.311,0
TX-108043,CUST-1290,RECIP-9467,62.03,5,3,636,833,0,1,165.14,2,1.4,0,0,0.032,0.3168,0
TX-108044,CUST-1624,RECIP-7737,1209.38,5,2,1514,13,1,0,35.94,0,18.6,0,0,0.0394,0.5149,1
TX-108045,CUST-1472,RECIP-9088,151.75,17,4,1288,1071,0,6,47.37,2,11.1,1,0,0.1072,0.1847,0
TX-108046,CUST-1636,RECIP-6951,71.08,21,4,1309,36,1,0,41.27,3,2084.2,0,0,0.9173,0.0317,0
TX-108047,CUST-2353,RECIP-7184,355.86,9,3,894,1199,0,4,141.15,0,630.9,0,3,0.0204,0.2033,0
TX-108048,CUST-2098,RECIP-8715,1374.87,7,3,372,1672,0,2,415.63,1,13.7,0,0,0.1207,0.1046,0
TX-108049,CUST-2194,RECIP-8252,51.69,13,5,922,1768,0,6,113.28,4,7.3,0,0,0.3261,0.0658,0
TX-108050,CUST-1380,RECIP-5903,1263.04,23,4,2229,43,1,0,91.79,1,2.6,0,0,0.7657,0.2031,1
TX-108051,CUST-2420,RECIP-7358,57.55,8,3,1038,726,0,1,148.82,0,1.8,0,0,0.0133,0.1288,0
TX-108052,CUST-1653,RECIP-5960,860.44,6,6,81,404,0,7,94.01,0,57.6,0,0,0.3527,0.1464,0
TX-108053,CUST-1977,RECIP-8424,2593.03,12,0,882,22,1,0,77.25,2,18.4,0,0,0.3249,0.1846,0
TX-108054,CUST-2046,RECIP-5134,59.83,21,5,1168,1588,0,4,114.99,4,1.7,0,0,0.089,0.126,0
TX-108055,CUST-1994,RECIP-8721,20.6,17,1,1511,4,1,0,175.83,0,25.1,0,0,0.2327,0.2366,0
TX-108056,CUST-1902,RECIP-9180,120.8,12,2,1614,528,0,2,67.9,0,5.6,0,1,0.1878,0.0156,0
TX-108057,CUST-1720,RECIP-5104,22.32,17,0,1080,992,0,5,47.03,2,2.4,0,0,0.8136,0.0233,0
TX-108058,CUST-1971,RECIP-7836,6.65,0,3,383,35,1,0,202.48,1,30.3,0,0,0.0481,0.2901,0
TX-108059,CUST-2357,RECIP-5356,144.09,18,5,1119,1184,0,5,18.84,3,2919.9,0,2,0.1641,0.1024,0
TX-108060,CUST-1584,RECIP-6620,26.86,2,2,38,19,1,0,36.87,1,8.1,0,0,0.1558,0.0513,0
TX-108061,CUST-1766,RECIP-6514,236.94,9,4,1279,366,0,4,100.17,0,2852.3,0,2,0.1583,0.1998,0
TX-108062,CUST-1270,RECIP-7338,117.33,8,2,1129,1857,0,2,193.62,2,16.1,0,0,0.3247,0.0098,0
TX-108063,CUST-1532,RECIP-9129,197.84,16,5,909,1732,0,5,115.76,2,16.6,0,0,0.0884,0.2494,0
TX-108064,CUST-2158,RECIP-7077,387.55,5,6,1664,1917,0,4,64.72,0,3.2,0,0,0.0057,0.1432,0
TX-108065,CUST-1960,RECIP-6792,1617.53,5,5,1893,3,1,0,182.27,1,3.8,0,0,0.0833,0.0944,0
TX-108066,CUST-1316,RECIP-5417,290.4,21,2,681,220,0,1,55.2,1,13.2,0,0,0.2425,0.0865,0
TX-108067,CUST-1819,RECIP-8993,44.13,11,5,1273,22,1,0,163.8,0,16.4,0,0,0.9069,0.101,0
TX-108068,CUST-2217,RECIP-6416,2868.54,17,0,1289,885,0,6,70.88,3,58.4,0,0,0.1227,0.1585,0
TX-108069,CUST-1186,RECIP-7080,162.61,13,6,1287,41,1,0,40.68,2,11.3,0,0,0.8257,0.1001,0
TX-108070,CUST-1092,RECIP-5415,153.33,14,5,1026,2,1,0,169.58,1,30.7,0,0,0.1161,0.0658,0
TX-108071,CUST-1589,RECIP-6299,278.26,16,4,548,2,1,0,324.88,1,5.8,0,0,0.071,0.2027,0
TX-108072,CUST-1984,RECIP-7490,293.06,16,4,453,1409,0,4,73.68,1,9.1,0,0,0.0872,0.1691,0
TX-108073,CUST-1469,RECIP-9052,126.9,21,1,106,646,0,4,209.62,3,11.5,0,0,0.2588,0.0385,0
TX-108074,CUST-2231,RECIP-6480,11.79,18,3,158,1218,0,5,22.48,2,2419.3,0,0,0.2874,0.1991,0
TX-108075,CUST-2270,RECIP-7523,409.0,7,0,2028,1014,0,1,35.61,3,3.2,0,0,0.178,0.0455,0
TX-108076,CUST-1798,RECIP-8940,52.05,4,2,202,487,0,5,47.39,1,5.8,0,0,0.7155,0.0428,0
TX-108077,CUST-1568,RECIP-6622,130.67,20,4,2143,899,0,4,87.06,3,35.4,0,0,0.1869,0.3787,0
TX-108078,CUST-1062,RECIP-6326,189.49,8,2,2244,1433,0,0,140.75,1,44.1,0,0,0.8199,0.4556,1
TX-108079,CUST-2232,RECIP-5199,8.89,7,5,625,27,1,0,39.23,3,20.6,0,0,0.6938,0.233,1
TX-108080,CUST-2342,RECIP-9085,62.14,2,5,1124,496,0,3,48.56,3,30.1,0,0,0.3731,0.0431,0
TX-108081,CUST-1663,RECIP-5499,109.16,13,3,919,20,1,0,179.66,2,14.6,0,3,0.1192,0.1512,0
TX-108082,CUST-1774,RECIP-5969,2466.23,12,2,1002,1410,0,5,51.57,3,2613.9,0,0,0.0854,0.1748,1
TX-108083,CUST-2130,RECIP-5626,244.94,19,2,914,466,0,4,273.98,0,1.6,1,0,0.0752,0.1731,0
TX-108084,CUST-2043,RECIP-8183,33.16,17,3,875,3,1,0,56.17,1,8.6,0,0,0.117,0.0986,0
TX-108085,CUST-1202,RECIP-6641,336.97,17,5,1720,1949,0,2,231.58,4,0.2,0,4,0.6815,0.0139,0
TX-108086,CUST-2008,RECIP-8172,455.95,12,0,1049,39,1,0,178.38,2,1.6,0,0,0.265,0.3388,1
TX-108087,CUST-2386,RECIP-7732,69.18,20,3,492,604,0,6,103.05,1,2.6,0,0,0.1085,0.2749,0
TX-108088,CUST-2126,RECIP-5067,96.53,23,3,965,1358,0,3,114.23,0,19.0,0,0,0.0379,0.1939,0
TX-108089,CUST-1720,RECIP-6384,159.84,19,2,2447,1896,0,5,106.68,1,1.6,0,0,0.0444,0.1329,0
TX-108090,CUST-1784,RECIP-5018,160.9,8,1,2469,1318,0,2,226.5,0,16.2,0,0,0.1554,0.055,0
TX-108091,CUST-1389,RECIP-5294,950.44,6,5,182,14,1,0,18.89,0,11.1,0,1,0.0844,0.0739,0
TX-108092,CUST-1991,RECIP-7128,27.64,0,3,1452,1250,0,6,75.22,1,37.3,0,0,0.1342,0.0734,0
TX-108093,CUST-1362,RECIP-6191,75.84,23,4,2435,195,0,2,111.81,0,2.3,0,0,0.2896,0.1744,0
TX-108094,CUST-1512,RECIP-5401,31.41,17,0,508,30,1,0,239.81,1,2.3,0,0,0.2774,0.3435,0
TX-108095,CUST-1397,RECIP-6839,49.38,22,1,199,1214,0,7,63.18,2,63.3,0,0,0.2204,0.3039,0
TX-108096,CUST-1502,RECIP-7033,77.44,18,1,553,987,0,5,20.27,4,12.3,0,0,0.2056,0.1152,0
TX-108097,CUST-1550,RECIP-9465,197.07,10,2,814,1971,0,3,14.69,1,8.8,0,0,0.3155,0.0194,0
TX-108098,CUST-1124,RECIP-7976,34.86,3,5,2338,984,0,5,102.42,0,3163.8,0,0,0.0287,0.1781,1
TX-108099,CUST-2076,RECIP-6768,396.88,1,4,649,33,1,0,36.22,1,530.4,0,0,0.1686,0.2235,1
TX-108100,CUST-1661,RECIP-7129,154.08,19,6,850,33,1,0,81.42,1,5.1,0,0,0.1194,0.0724,0
TX-108101,CUST-2424,RECIP-5401,37.87,7,2,671,648,0,4,37.24,0,9.8,0,0,0.0267,0.1223,0
TX-108102,CUST-1271,RECIP-6739,43.45,9,5,997,27,1,0,74.11,0,14.4,0,0,0.2492,0.1418,0
TX-108103,CUST-2003,RECIP-7615,77.74,20,1,2486,245,0,7,420.27,2,77.4,0,1,0.0804,0.0201,0
TX-108104,CUST-1268,RECIP-5094,70.0,11,5,236,21,1,0,251.61,0,3.9,0,0,0.4837,0.3338,0
TX-108105,CUST-1820,RECIP-9138,25.62,22,4,1162,953,0,3,95.87,1,24.9,0,0,0.4071,0.1444,0
TX-108106,CUST-1736,RECIP-7317,195.38,13,0,1546,39,1,0,78.89,2,2.1,0,0,0.0791,0.2497,0
TX-108107,CUST-1672,RECIP-8540,308.27,19,4,325,251,0,3,49.7,1,62.8,0,0,0.0869,0.3734,0
TX-108108,CUST-1982,RECIP-6240,55.16,3,3,139,452,0,10,147.53,1,28.7,0,0,0.555,0.1712,0
TX-108109,CUST-2242,RECIP-8762,1004.07,9,0,2456,32,1,0,74.16,0,76.0,0,0,0.0971,0.1643,1
TX-108110,CUST-1475,RECIP-6650,40.39,4,5,694,1157,0,3,266.45,0,17.6,0,0,0.1108,0.2163,0
TX-108111,CUST-2274,RECIP-9177,91.17,1,3,629,1841,0,4,105.79,2,19.5,0,0,0.2608,0.2361,0
TX-108112,CUST-1277,RECIP-7349,21.55,23,4,891,1820,0,2,109.14,2,2424.2,0,0,0.0526,0.3638,0
TX-108113,CUST-1439,RECIP-7864,53.16,12,4,209,1327,0,2,27.66,2,14.2,0,0,0.0649,0.0541,0
TX-108114,CUST-1466,RECIP-5917,9727.39,8,0,392,39,1,0,63.11,2,52.7,0,1,0.2554,0.0288,0
TX-108115,CUST-2430,RECIP-9477,131.99,9,2,89,1579,0,6,392.94,1,27.4,0,0,0.451,0.1236,0
TX-108116,CUST-1177,RECIP-5866,95.12,5,4,1351,23,1,0,30.52,1,3344.0,0,3,0.1178,0.2585,1
TX-108117,CUST-1592,RECIP-5149,35.95,2,2,1174,1108,0,5,80.19,1,5.5,0,0,0.2466,0.2291,0
TX-108118,CUST-1636,RECIP-6979,19.33,21,6,706,39,1,0,81.53,0,14.2,0,0,0.2605,0.0268,0
TX-108119,CUST-2200,RECIP-8756,351.06,2,2,2298,386,0,3,117.02,2,2499.0,0,0,0.2259,0.3501,0
TX-108120,CUST-1728,RECIP-9145,139.39,9,3,784,1625,0,4,129.09,1,20.1,0,0,0.7852,0.0382,0
TX-108121,CUST-2450,RECIP-8856,36.44,3,3,71,351,0,3,64.02,0,17.1,0,0,0.124,0.0321,0
TX-108122,CUST-2110,RECIP-7488,33.37,22,0,276,33,1,0,184.27,2,26.3,0,0,0.2235,0.1328,0
TX-108123,CUST-2055,RECIP-9125,2184.0,4,5,1821,25,1,0,60.16,2,14.9,1,0,0.0407,0.1356,1
TX-108124,CUST-2129,RECIP-7214,273.31,9,0,1347,354,0,2,147.68,2,1991.2,0,0,0.1149,0.1702,0
TX-108125,CUST-1242,RECIP-7151,18.31,18,3,673,892,0,3,29.91,0,17.3,1,0,0.6654,0.1501,0
TX-108126,CUST-1673,RECIP-5813,85.21,13,6,641,1387,0,3,53.67,0,53.8,0,0,0.056,0.1769,0
TX-108127,CUST-1879,RECIP-8544,116.85,9,6,571,1029,0,2,30.61,1,34.3,0,0,0.9208,0.0691,0
TX-108128,CUST-1312,RECIP-6422,606.63,13,1,1072,40,1,0,116.7,2,7.9,0,0,0.331,0.556,0
TX-108129,CUST-1178,RECIP-5877,77.96,10,2,1768,407,0,4,120.37,0,1127.4,0,0,0.1501,0.1101,0
TX-108130,CUST-1203,RECIP-6662,18.15,6,3,1606,1170,0,2,70.4,2,4.9,0,1,0.223,0.0643,0
TX-108131,CUST-2183,RECIP-7714,97.18,14,4,1877,761,0,0,116.28,1,104.9,0,0,0.1345,0.4726,0
TX-108132,CUST-1985,RECIP-6215,213.52,8,1,131,10,1,0,39.11,0,34.0,0,0,0.3672,0.1652,1
TX-108133,CUST-1421,RECIP-6613,18.96,23,3,1410,316,0,4,240.46,0,1.9,0,1,0.0326,0.1558,0
TX-108134,CUST-2105,RECIP-6485,1198.8,11,5,1918,1392,0,4,186.34,1,20.3,0,1,0.3505,0.0975,0
TX-108135,CUST-2042,RECIP-7682,143.27,18,5,529,37,1,0,47.03,1,2875.7,0,0,0.4164,0.281,1
TX-108136,CUST-2224,RECIP-8213,26.45,5,5,1469,1629,0,1,38.79,1,7.5,0,2,0.0504,0.1238,0
TX-108137,CUST-2365,RECIP-8040,45.61,15,6,45,1784,0,4,65.86,1,4.0,0,0,0.022,0.0317,0
TX-108138,CUST-2323,RECIP-5635,34.88,13,6,2277,720,0,4,113.13,0,15.4,0,3,0.2815,0.0172,0
TX-108139,CUST-1271,RECIP-6561,93.9,17,3,1851,1450,0,4,104.12,0,6.1,0,0,0.0479,0.1345,0
TX-108140,CUST-2153,RECIP-7918,26.75,11,6,1568,1120,0,5,43.02,2,21.8,0,0,0.1674,0.1586,0
TX-108141,CUST-1589,RECIP-5973,13.97,17,3,1511,1712,0,0,69.29,0,18.1,0,0,0.0313,0.3164,1
TX-108142,CUST-1604,RECIP-5312,145.25,1,4,1684,1856,0,6,122.15,1,4.0,0,0,0.0071,0.0217,0
TX-108143,CUST-1970,RECIP-6447,286.76,16,6,1073,1755,0,1,70.46,1,1396.6,1,0,0.2768,0.2126,0
TX-108144,CUST-1903,RECIP-8054,64.27,18,0,2418,563,0,6,103.02,0,28.2,0,1,0.1228,0.0412,0
TX-108145,CUST-1629,RECIP-7987,10.42,11,6,557,1203,0,2,200.79,1,17.7,0,1,0.8241,0.0772,0
TX-108146,CUST-2499,RECIP-5584,24.71,0,5,2032,240,0,4,59.82,0,2228.3,0,2,0.7069,0.1703,0
TX-108147,CUST-1262,RECIP-8045,51.22,13,6,1911,11,1,0,187.52,1,8.1,0,0,0.0414,0.0545,0
TX-108148,CUST-1145,RECIP-5874,109.77,18,5,2098,38,1,0,92.9,0,20.9,0,0,0.1849,0.1462,0
TX-108149,CUST-1043,RECIP-8335,38.02,11,1,205,1015,0,3,87.46,0,2100.8,0,2,0.2448,0.1274,0
TX-108150,CUST-2221,RECIP-7549,115.16,2,2,1129,1674,0,4,34.9,1,1.9,0,0,0.1051,0.0579,0
TX-108151,CUST-1609,RECIP-5569,169.43,9,0,1617,96,0,5,173.24,1,6.1,0,0,0.094,0.0866,0
TX-108152,CUST-1656,RECIP-6575,321.94,23,4,1558,36,1,0,422.66,2,63.0,1,0,0.1283,0.0557,0
TX-108153,CUST-1973,RECIP-8683,16.65,6,3,1730,1645,0,3,44.7,0,22.4,0,0,0.153,0.0824,0
TX-108154,CUST-1653,RECIP-6947,69.39,12,3,1596,4,1,0,48.48,1,10.8,0,0,0.1037,0.2616,0
TX-108155,CUST-1860,RECIP-8096,46.7,8,5,581,32,1,0,313.75,1,3.6,0,1,0.1938,0.1674,0
TX-108156,CUST-1087,RECIP-8367,107.42,17,5,2074,209,0,2,159.57,4,13.6,1,0,0.708,0.1248,1
TX-108157,CUST-1234,RECIP-5137,20.14,10,0,1223,1046,0,4,59.29,3,16.3,0,0,0.3492,0.1848,0
TX-108158,CUST-2398,RECIP-9191,101.87,9,6,2427,29,1,0,349.5,1,20.2,1,0,0.1671,0.1066,0
TX-108159,CUST-1676,RECIP-6510,48.73,13,2,1314,9,1,0,70.45,2,14.0,0,0,0.147,0.096,0
TX-108160,CUST-1251,RECIP-8570,111.22,13,5,1357,1301,0,4,101.54,1,10.9,0,0,0.3747,0.4073,1
TX-108161,CUST-1554,RECIP-7100,47.31,11,4,1490,394,0,2,128.12,1,1810.2,1,0,0.1691,0.0738,0
TX-108162,CUST-1502,RECIP-7596,305.21,6,3,2181,878,0,4,175.99,0,2.8,0,1,0.0915,0.1152,0
TX-108163,CUST-1411,RECIP-6622,87.1,2,1,2255,206,0,5,138.49,0,18.3,0,1,0.4348,0.0937,0
TX-108164,CUST-1440,RECIP-8839,60.69,16,1,1474,284,0,5,467.75,2,10.0,0,0,0.1021,0.4144,0
TX-108165,CUST-2093,RECIP-5528,63.54,8,5,1379,8,1,0,278.57,0,13.0,0,0,0.0351,0.3635,0
TX-108166,CUST-1160,RECIP-9032,65.65,14,2,164,20,1,0,323.04,3,42.0,0,0,0.1311,0.0918,0
TX-108167,CUST-1464,RECIP-5933,177.4,9,1,196,1878,0,1,60.56,1,18.5,0,2,0.5669,0.0901,0
TX-108168,CUST-1701,RECIP-8974,94.75,20,0,1849,173,0,3,126.82,1,6.9,0,0,0.256,0.1251,0
TX-108169,CUST-1810,RECIP-5110,65.71,16,5,882,193,0,4,351.9,2,0.9,0,1,0.252,0.3276,0
TX-108170,CUST-2320,RECIP-5061,199.86,9,2,1108,1393,0,5,73.87,2,28.2,0,0,0.8781,0.0855,0
TX-108171,CUST-2384,RECIP-5418,890.57,7,2,1581,37,1,0,74.31,0,3.2,0,0,0.4025,0.2208,1
TX-108172,CUST-1446,RECIP-7465,635.05,17,2,577,11,1,0,198.69,0,4.5,0,0,0.097,0.0748,0
TX-108173,CUST-1808,RECIP-6198,116.1,0,4,852,1085,0,6,141.34,0,16.5,0,0,0.1522,0.0141,0
TX-108174,CUST-1033,RECIP-7690,36.98,1,3,136,1227,0,1,98.09,1,34.0,0,0,0.0626,0.0492,0
TX-108175,CUST-1925,RECIP-8689,157.69,2,3,1926,915,0,2,122.1,1,5.5,0,0,0.4759,0.0744,0
TX-108176,CUST-1229,RECIP-5122,373.47,8,1,1286,1504,0,0,25.38,1,22.8,0,0,0.3402,0.0513,0
TX-108177,CUST-1109,RECIP-7369,19.58,11,2,499,298,0,4,77.39,0,24.4,0,0,0.0576,0.2027,0
TX-108178,CUST-2007,RECIP-8326,129.13,7,6,1502,23,1,0,52.61,2,13.4,0,1,0.4322,0.0534,0
TX-108179,CUST-1267,RECIP-6910,164.22,4,3,383,32,1,0,331.29,0,16.9,0,1,0.1069,0.0766,0
TX-108180,CUST-1716,RECIP-9162,47.17,7,6,1958,24,1,0,87.04,2,9.4,0,1,0.0227,0.3786,0
TX-108181,CUST-1151,RECIP-7979,81.01,11,5,600,26,1,0,106.0,1,1414.0,1,0,0.1654,0.0731,0
TX-108182,CUST-2118,RECIP-5155,175.19,7,4,697,13,1,0,227.27,2,9.6,0,0,0.0222,0.1383,0
TX-108183,CUST-2147,RECIP-7436,27.46,13,3,2193,1221,0,2,318.66,0,3.4,0,0,0.18,0.1299,0
TX-108184,CUST-1862,RECIP-6727,23.33,9,5,1865,96,0,7,121.52,1,13.8,0,0,0.2761,0.2415,0
TX-108185,CUST-2253,RECIP-5591,39.44,22,0,1711,4,1,0,52.53,1,15.8,0,0,0.4485,0.1589,0
TX-108186,CUST-1655,RECIP-9276,108.18,23,3,1516,8,1,0,65.92,2,7.4,0,0,0.1797,0.0757,0
TX-108187,CUST-1279,RECIP-6001,17.58,15,4,1314,617,0,2,124.04,1,2.6,0,0,0.271,0.1462,0
TX-108188,CUST-1227,RECIP-5375,1259.62,13,0,504,27,1,0,126.76,1,3413.1,1,1,0.0972,0.1025,1
TX-108189,CUST-1328,RECIP-6001,41.13,0,1,771,16,1,0,54.22,2,1095.8,0,0,0.0466,0.174,1
TX-108190,CUST-1300,RECIP-8703,159.47,14,0,2407,1554,0,1,21.21,2,12.4,0,0,0.2524,0.0737,0
TX-108191,CUST-1484,RECIP-7699,20.69,9,3,2298,12,1,0,29.48,2,819.7,1,4,0.9347,0.2097,1
TX-108192,CUST-1321,RECIP-8689,155.92,6,3,1824,33,1,0,40.87,4,15.4,0,1,0.1151,0.3887,1
TX-108193,CUST-1886,RECIP-7077,49.25,19,3,2225,18,1,0,84.39,1,2.7,1,0,0.6627,0.2087,0
TX-108194,CUST-1222,RECIP-5526,165.27,1,0,2016,1814,0,4,78.37,0,5.9,0,4,0.4839,0.1248,0
TX-108195,CUST-1932,RECIP-6744,960.72,6,3,1016,1235,0,4,28.58,0,5.0,0,0,0.6548,0.0907,0
TX-108196,CUST-1501,RECIP-5898,719.07,18,6,1797,854,0,3,82.83,0,8.6,0,0,0.0495,0.1082,0
TX-108197,CUST-2030,RECIP-7504,24.19,22,0,1889,366,0,5,347.21,3,47.7,1,1,0.3029,0.1054,1
TX-108198,CUST-1769,RECIP-6212,458.06,12,5,371,200,0,0,129.94,0,23.5,0,2,0.1286,0.0367,0
TX-108199,CUST-2357,RECIP-9365,67.72,12,1,2286,29,1,0,446.46,1,4.0,1,0,0.1382,0.1206,0
TX-108200,CUST-1659,RECIP-6697,9.27,23,0,1247,1310,0,7,99.85,0,18.4,1,2,0.1138,0.0406,0
TX-108201,CUST-1442,RECIP-6413,146.1,2,0,803,348,0,6,97.58,1,322.2,0,0,0.3156,0.2529,0
TX-108202,CUST-1883,RECIP-9430,64.13,11,0,1201,245,0,4,122.99,1,18.3,0,0,0.0983,0.1559,0
TX-108203,CUST-1988,RECIP-7340,199.34,5,2,841,1603,0,3,389.77,1,1.7,0,0,0.2661,0.0098,0
TX-108204,CUST-1658,RECIP-5767,106.8,11,3,851,21,1,0,323.62,1,14.5,0,0,0.1759,0.1008,0
TX-108205,CUST-1839,RECIP-7161,82.4,21,4,1378,26,1,0,175.68,1,3.3,0,0,0.0606,0.0282,0
TX-108206,CUST-1706,RECIP-6146,380.62,14,0,2494,690,0,2,137.09,0,3274.9,0,0,0.2388,0.185,0
TX-108207,CUST-1458,RECIP-8224,39.71,23,4,1038,36,1,0,52.28,0,2.5,0,0,0.6587,0.0885,0
TX-108208,CUST-1470,RECIP-7581,218.46,12,5,560,172,0,4,36.37,0,8.7,0,0,0.1101,0.1671,0
TX-108209,CUST-2361,RECIP-8286,130.62,20,0,1910,221,0,1,71.15,0,32.9,0,1,0.0382,0.19,0
TX-108210,CUST-2013,RECIP-9230,530.41,4,4,758,4,1,0,313.69,2,19.5,0,0,0.3451,0.0889,1
TX-108211,CUST-1143,RECIP-8280,68.8,7,0,1356,1497,0,3,379.8,2,19.6,0,0,0.2332,0.0638,0
TX-108212,CUST-2443,RECIP-6532,1061.42,6,3,656,1442,0,5,29.76,1,12.7,0,0,0.0851,0.2642,1
TX-108213,CUST-2068,RECIP-5906,54.24,18,4,553,1459,0,8,273.73,3,4.9,0,0,0.7071,0.3399,0
TX-108214,CUST-1075,RECIP-7382,143.43,12,6,652,1176,0,2,391.62,2,2.4,0,0,0.3499,0.0688,0
TX-108215,CUST-2091,RECIP-7020,45.62,5,3,910,399,0,3,253.77,1,13.7,0,0,0.1719,0.2633,0
TX-108216,CUST-1884,RECIP-6408,223.97,4,3,2390,38,1,0,70.82,3,10.8,0,0,0.0965,0.1966,0
TX-108217,CUST-2372,RECIP-8650,49.63,9,5,1687,326,0,4,184.18,3,4.3,0,1,0.1363,0.1662,0
TX-108218,CUST-1734,RECIP-9092,1673.61,3,1,1748,303,0,1,31.3,2,7.5,0,0,0.1596,0.0178,0
TX-108219,CUST-1777,RECIP-6716,1276.15,16,1,161,1512,0,3,34.76,1,1.9,0,0,0.6871,0.1851,0
TX-108220,CUST-1472,RECIP-8063,806.81,20,3,56,946,0,1,649.35,0,32.0,0,0,0.1402,0.2688,0
TX-108221,CUST-1482,RECIP-9429,32.25,23,0,875,867,0,5,70.78,3,11.4,0,0,0.2121,0.1483,0
TX-108222,CUST-1926,RECIP-5053,9.82,5,0,2222,5,1,0,42.37,2,6.2,0,0,0.0583,0.0954,0
TX-108223,CUST-2241,RECIP-6641,128.44,10,2,69,1316,0,1,76.29,1,18.9,0,0,0.1161,0.3373,0
TX-108224,CUST-2336,RECIP-8320,27.4,12,1,1922,1673,0,6,403.81,2,26.7,0,2,0.1216,0.0173,0
TX-108225,CUST-2156,RECIP-7239,198.92,11,4,2057,77,0,5,238.65,1,14.7,0,0,0.5874,0.0791,0
TX-108226,CUST-1914,RECIP-8563,5.0,10,3,716,1867,0,1,60.56,1,7.0,0,0,0.327,0.3239,0
TX-108227,CUST-1750,RECIP-7135,27.37,5,3,319,416,0,0,94.94,0,0.6,0,0,0.0328,0.1143,0
TX-108228,CUST-1509,RECIP-5289,97.31,2,3,409,1827,0,7,145.08,0,1818.4,0,0,0.0553,0.2928,0
TX-108229,CUST-2151,RECIP-6951,416.12,9,0,220,30,1,0,166.2,0,21.8,0,0,0.2806,0.0342,1
TX-108230,CUST-1477,RECIP-6820,81.93,2,2,2113,15,1,0,146.78,2,38.0,0,0,0.1301,0.0688,0
TX-108231,CUST-1401,RECIP-8805,107.82,1,0,1972,445,0,5,49.29,1,1.0,1,0,0.0113,0.0926,0
TX-108232,CUST-2301,RECIP-5663,25.91,12,2,1691,1154,0,6,84.52,2,9.4,0,1,0.1387,0.1786,0
TX-108233,CUST-1884,RECIP-5698,88.07,20,4,251,15,1,0,43.82,0,14.6,0,0,0.0949,0.0626,0
TX-108234,CUST-1531,RECIP-5636,56.4,12,6,2376,32,1,0,205.85,2,21.0,0,0,0.2736,0.0699,0
TX-108235,CUST-2297,RECIP-7554,542.02,0,2,1720,399,0,4,93.69,1,1.8,0,0,0.2291,0.1502,0
TX-108236,CUST-2444,RECIP-9480,9.41,20,1,2075,36,1,0,129.5,0,14.1,0,0,0.3087,0.0877,0
TX-108237,CUST-1476,RECIP-7783,199.42,16,4,968,1674,0,4,61.11,2,3.3,0,0,0.097,0.1804,0
TX-108238,CUST-1782,RECIP-8673,40.78,7,6,518,1526,0,2,162.74,0,17.5,0,0,0.8065,0.229,0
TX-108239,CUST-1725,RECIP-8830,71.7,6,2,2059,732,0,2,166.98,1,11.1,0,2,0.0725,0.1456,0
TX-108240,CUST-2052,RECIP-7702,71.61,21,5,156,863,0,0,34.59,3,3334.5,0,0,0.2081,0.0493,0
TX-108241,CUST-2426,RECIP-7741,51.19,11,2,481,1088,0,6,182.71,2,7.3,0,0,0.2618,0.0774,0
TX-108242,CUST-1822,RECIP-6093,26.96,3,4,409,1237,0,5,42.32,0,12.0,0,0,0.7491,0.129,0
TX-108243,CUST-2197,RECIP-9320,16.2,6,1,238,1180,0,2,60.45,1,3387.3,0,0,0.1479,0.1167,0
TX-108244,CUST-1893,RECIP-8545,13354.57,6,1,1391,652,0,5,200.89,0,4.8,0,0,0.0811,0.2541,0
TX-108245,CUST-2330,RECIP-8924,75.77,9,6,594,782,0,7,61.92,0,11.3,0,0,0.0178,0.0968,0
TX-108246,CUST-1606,RECIP-9426,28.72,8,2,2416,1979,0,4,110.3,2,9.0,0,0,0.121,0.2511,0
TX-108247,CUST-1577,RECIP-6569,195.54,13,0,2332,241,0,2,94.21,1,36.1,0,0,0.0316,0.147,0
TX-108248,CUST-1633,RECIP-5646,232.36,7,5,446,44,1,0,34.33,2,2.8,0,0,0.2229,0.1016,0
TX-108249,CUST-2494,RECIP-8869,92.45,15,0,2077,558,0,5,291.68,1,4.2,0,0,0.3864,0.1108,0
TX-108250,CUST-1917,RECIP-7128,29.11,11,0,126,533,0,7,294.54,0,18.2,0,0,0.0244,0.048,0
TX-108251,CUST-1228,RECIP-9313,251.8,22,5,735,366,0,3,143.14,0,2.9,0,0,0.2612,0.1487,0
TX-108252,CUST-1061,RECIP-8125,35.9,19,2,1659,18,1,0,80.77,1,6.9,0,0,0.0355,0.2292,0
TX-108253,CUST-1778,RECIP-6157,32.79,7,0,539,1824,0,3,108.73,1,7.6,0,0,0.2003,0.2353,0
TX-108254,CUST-2208,RECIP-6596,27.19,1,6,222,1748,0,1,276.17,2,2077.3,1,0,0.3743,0.228,1
TX-108255,CUST-1718,RECIP-7745,26.72,14,1,417,1495,0,8,68.62,2,11.1,0,0,0.0824,0.0427,0
TX-108256,CUST-1840,RECIP-6774,199.14,8,4,1656,1859,0,2,73.49,2,32.7,1,0,0.2245,0.2103,0
TX-108257,CUST-2197,RECIP-6268,49.53,21,1,576,9,1,0,85.81,1,72.8,0,0,0.5341,0.2167,0
TX-108258,CUST-1774,RECIP-5944,1297.04,9,4,637,309,0,3,19.73,3,0.4,1,1,0.2393,0.0084,0
TX-108259,CUST-2362,RECIP-7923,118.82,6,4,536,1635,0,4,171.35,0,50.9,0,0,0.0977,0.2787,0
TX-108260,CUST-1956,RECIP-5158,104.31,8,5,2208,1627,0,1,117.5,0,12.3,0,0,0.1759,0.1604,0
TX-108261,CUST-2096,RECIP-5421,117.76,20,2,2223,64,0,4,189.49,1,394.1,0,0,0.1465,0.0249,0
TX-108262,CUST-2172,RECIP-5191,47.32,2,4,2018,10,1,0,71.45,0,3.0,0,0,0.0687,0.0031,0
TX-108263,CUST-1940,RECIP-8303,227.22,22,5,79,2,1,0,34.35,1,1.3,0,0,0.0785,0.0445,0
TX-108264,CUST-1075,RECIP-5131,35.03,5,5,648,22,1,0,112.83,1,5.6,0,0,0.2695,0.1017,0
TX-108265,CUST-1641,RECIP-6889,52.73,20,5,2203,995,0,6,42.57,0,1644.5,0,0,0.2164,0.1777,0
TX-108266,CUST-1212,RECIP-5545,235.03,13,2,1398,18,1,0,156.42,1,1.4,0,0,0.1003,0.0378,0
TX-108267,CUST-1765,RECIP-7642,401.16,13,3,132,34,1,0,166.75,0,4.4,0,0,0.4412,0.2604,0
TX-108268,CUST-1214,RECIP-5154,881.34,4,6,645,1352,0,2,507.24,1,7.3,0,0,0.2441,0.3845,0
TX-108269,CUST-1763,RECIP-5116,55.21,17,1,2072,1922,0,4,292.58,0,35.9,0,0,0.3192,0.1335,0
TX-108270,CUST-1515,RECIP-6849,164.01,15,4,2201,336,0,3,125.23,1,1.0,0,1,0.2872,0.2077,0
TX-108271,CUST-1030,RECIP-8129,12.22,11,5,1081,753,0,5,84.27,1,0.3,0,1,0.2739,0.354,0
TX-108272,CUST-1187,RECIP-5493,509.02,10,3,404,23,1,0,197.91,1,2.7,0,0,0.0996,0.1242,0
TX-108273,CUST-1754,RECIP-7231,74.9,14,6,220,11,1,0,128.19,2,12.2,0,1,0.2066,0.0764,0
TX-108274,CUST-1118,RECIP-8646,195.84,11,2,586,107,0,2,71.75,0,3.4,0,0,0.1022,0.1901,0
TX-108275,CUST-2283,RECIP-7813,182.26,23,5,2003,650,0,4,21.7,4,2858.2,0,0,0.3273,0.1196,0
TX-108276,CUST-2138,RECIP-8376,151.53,0,4,2071,1494,0,3,572.49,2,3312.8,0,2,0.2853,0.2221,0
TX-108277,CUST-2063,RECIP-6420,44.9,6,0,663,1793,0,2,227.47,2,5.7,0,0,0.1832,0.2628,0
TX-108278,CUST-1258,RECIP-9239,40.03,20,5,2444,491,0,3,165.5,2,0.2,0,0,0.2335,0.3034,0
TX-108279,CUST-2193,RECIP-5656,246.14,19,4,2198,552,0,4,106.78,0,2884.8,0,0,0.8798,0.2237,0
TX-108280,CUST-1952,RECIP-7723,51.23,8,1,2469,27,1,0,424.26,1,6.1,0,0,0.101,0.1969,0
TX-108281,CUST-1585,RECIP-6959,41.74,12,4,1888,741,0,1,198.79,6,6.9,0,0,0.3354,0.198,0
TX-108282,CUST-1000,RECIP-5142,79.95,0,3,1445,1423,0,2,35.91,2,9.8,0,0,0.3547,0.0114,0
TX-108283,CUST-1793,RECIP-9247,77.62,4,6,2454,20,1,0,84.21,0,6.7,0,0,0.4037,0.0428,1
TX-108284,CUST-2193,RECIP-8160,56.57,22,2,1731,876,0,2,179.86,0,0.8,0,0,0.1,0.244,0
TX-108285,CUST-1050,RECIP-6025,76.79,15,1,2084,255,0,3,252.28,1,3179.9,0,0,0.2204,0.3189,0
TX-108286,CUST-1078,RECIP-5235,121.64,0,0,1025,40,1,0,81.87,0,4.6,0,1,0.1822,0.2327,0
TX-108287,CUST-1574,RECIP-8041,29.66,19,5,625,1018,0,2,320.77,1,5.2,1,0,0.1364,0.1602,0
TX-108288,CUST-1767,RECIP-7452,24.99,9,6,1446,1235,0,3,37.61,2,14.6,0,0,0.0146,0.2253,0
TX-108289,CUST-1711,RECIP-5224,168.26,13,4,1040,16,1,0,84.0,2,2.2,1,0,0.0236,0.0683,0
TX-108290,CUST-1639,RECIP-9437,141.07,20,2,897,1612,0,4,86.67,1,27.0,0,0,0.1431,0.1796,0
TX-108291,CUST-1382,RECIP-8231,61.89,20,6,1750,1183,0,4,207.87,1,2.5,0,0,0.4959,0.0318,0
TX-108292,CUST-1089,RECIP-7081,48.65,3,1,1538,842,0,2,270.98,0,3.2,0,0,0.3512,0.049,0
TX-108293,CUST-1046,RECIP-6072,216.28,8,4,810,292,0,3,266.1,0,1.8,0,0,0.9678,0.0018,0
TX-108294,CUST-1148,RECIP-6219,24.66,6,4,626,1876,0,1,35.91,2,1.3,1,0,0.0821,0.0531,0
TX-108295,CUST-2035,RECIP-7031,25.84,21,5,1379,136,0,5,113.45,0,4.1,0,0,0.1996,0.0943,0
TX-108296,CUST-2178,RECIP-5257,38.72,18,6,838,40,1,0,32.28,3,11.9,0,1,0.4137,0.2482,0
TX-108297,CUST-1652,RECIP-6654,6.1,15,2,616,11,1,0,104.84,1,39.4,0,0,0.452,0.0449,1
TX-108298,CUST-1116,RECIP-5978,798.05,1,0,578,1786,0,2,355.52,2,2.7,0,0,0.0851,0.011,0
TX-108299,CUST-1623,RECIP-5507,21.45,19,1,1667,12,1,0,465.26,4,11.1,1,0,0.7236,0.1788,0
TX-108300,CUST-2478,RECIP-5566,276.59,13,5,1055,861,0,3,146.08,1,2.6,0,0,0.1183,0.1404,0
TX-108301,CUST-1374,RECIP-6555,123.41,6,2,875,28,1,0,126.76,0,6.6,0,0,0.5155,0.3066,0
TX-108302,CUST-1736,RECIP-6721,136.5,10,0,314,767,0,7,89.53,2,1.0,0,1,0.1223,0.1324,0
TX-108303,CUST-1806,RECIP-6575,560.12,10,5,166,1525,0,5,100.29,3,7.4,1,0,0.3431,0.0001,0
TX-108304,CUST-1494,RECIP-8104,148.46,7,4,1746,123,0,5,303.45,1,13.8,0,1,0.0859,0.2222,0
TX-108305,CUST-1657,RECIP-7349,84.8,21,0,2420,1221,0,5,53.21,2,3270.3,0,0,0.0587,0.1849,0
TX-108306,CUST-1707,RECIP-5867,462.11,22,4,832,12,1,0,83.19,2,31.9,0,0,0.0506,0.1711,1
TX-108307,CUST-1710,RECIP-9375,8.47,1,4,2114,467,0,1,102.96,1,19.5,0,0,0.0235,0.0563,0
TX-108308,CUST-2076,RECIP-8285,367.03,22,6,1515,1533,0,4,59.63,0,19.3,1,0,0.1364,0.1744,0
TX-108309,CUST-1871,RECIP-7115,100.13,9,6,780,1808,0,0,147.95,4,0.8,0,0,0.7194,0.1551,0
TX-108310,CUST-1080,RECIP-5221,82.24,19,6,1429,163,0,4,323.54,1,22.4,0,1,0.8758,0.4175,0
TX-108311,CUST-1009,RECIP-9114,68.79,18,6,350,435,0,3,162.15,2,3.7,0,0,0.1391,0.2262,0
TX-108312,CUST-1616,RECIP-8350,133.13,14,5,864,339,0,4,59.59,1,1.7,0,0,0.4528,0.0691,0
TX-108313,CUST-2361,RECIP-7077,52.18,17,4,1846,1897,0,3,57.35,1,4.4,0,0,0.2063,0.0262,0
TX-108314,CUST-1055,RECIP-5727,31.26,16,3,2132,625,0,2,38.71,0,7.9,0,0,0.0541,0.056,0
TX-108315,CUST-1106,RECIP-5483,97.9,20,5,575,28,1,0,92.25,0,9.2,0,0,0.0441,0.0746,0
TX-108316,CUST-2018,RECIP-6304,196.11,10,6,2279,797,0,1,53.59,2,31.2,0,3,0.0282,0.0976,0
TX-108317,CUST-1676,RECIP-6035,78.55,17,0,1525,1957,0,2,119.95,2,4.1,0,0,0.1576,0.0986,0
TX-108318,CUST-1345,RECIP-5941,153.14,23,0,596,1150,0,3,59.05,2,0.3,0,0,0.0111,0.4848,0
TX-108319,CUST-1311,RECIP-6833,198.83,22,3,1954,609,0,4,34.75,0,1.7,1,0,0.2037,0.2139,0
TX-108320,CUST-1997,RECIP-5209,186.78,3,2,2206,1046,0,5,23.29,0,1.0,0,0,0.2323,0.257,0
TX-108321,CUST-1785,RECIP-6464,168.77,11,3,702,35,1,0,159.42,2,26.5,0,0,0.0788,0.0276,0
TX-108322,CUST-1957,RECIP-8919,178.18,12,2,291,447,0,10,35.09,1,21.1,0,0,0.7043,0.0441,0
TX-108323,CUST-1420,RECIP-8896,123.9,14,5,733,1279,0,6,144.37,1,32.1,0,0,0.063,0.0527,0
TX-108324,CUST-1789,RECIP-5037,8.64,15,6,1898,1521,0,4,61.06,0,1.3,0,0,0.0931,0.3825,0
TX-108325,CUST-2290,RECIP-8053,40.82,20,1,182,44,1,0,121.05,1,32.0,0,0,0.1289,0.2105,0
TX-108326,CUST-1474,RECIP-9459,66.81,12,5,744,23,1,0,95.95,1,11.8,0,0,0.1585,0.1473,0
TX-108327,CUST-1594,RECIP-7602,222.48,16,0,820,813,0,3,111.15,0,5.0,0,0,0.1735,0.1492,0
TX-108328,CUST-1245,RECIP-6756,52.9,21,5,71,785,0,2,203.53,2,7.0,1,0,0.2327,0.44,0
TX-108329,CUST-1958,RECIP-7210,264.26,2,4,1505,1139,0,7,58.47,2,1440.5,0,0,0.4646,0.2719,0
TX-108330,CUST-1048,RECIP-5959,435.4,15,4,2020,824,0,3,303.56,1,21.8,0,0,0.1984,0.3776,0
TX-108331,CUST-1373,RECIP-6787,1009.13,8,3,414,1397,0,4,176.36,0,26.0,0,1,0.3122,0.4464,0
TX-108332,CUST-2069,RECIP-9216,180.51,21,0,2219,1809,0,5,77.21,3,7.3,0,1,0.3855,0.0913,0
TX-108333,CUST-1029,RECIP-7754,43.31,13,5,2384,704,0,4,83.53,1,13.3,0,0,0.2576,0.1098,0
TX-108334,CUST-2483,RECIP-6938,138.44,14,0,2180,1006,0,6,108.32,2,19.4,1,0,0.3354,0.1508,0
TX-108335,CUST-1606,RECIP-5560,224.44,18,3,1814,29,1,0,72.14,2,27.2,0,0,0.8186,0.443,0
TX-108336,CUST-1598,RECIP-9078,17.29,5,1,1136,1206,0,2,26.95,1,14.8,0,0,0.6818,0.1184,0
TX-108337,CUST-1804,RECIP-5731,335.25,13,5,533,1244,0,5,47.62,3,3.0,0,2,0.4408,0.1709,0
TX-108338,CUST-1958,RECIP-8247,51.59,18,4,2285,935,0,7,47.5,2,3.4,0,0,0.4844,0.3002,0
TX-108339,CUST-1689,RECIP-6364,112.59,18,3,1340,198,0,3,85.66,1,23.9,0,0,0.6603,0.0625,0
TX-108340,CUST-2326,RECIP-6253,29.07,5,2,1146,1857,0,4,39.84,0,18.9,0,0,0.3888,0.151,0
TX-108341,CUST-2443,RECIP-5770,291.52,20,5,996,41,1,0,185.05,1,0.1,1,0,0.0388,0.1641,1
TX-108342,CUST-1300,RECIP-6687,11.69,3,1,568,44,1,0,109.38,1,13.8,0,2,0.2638,0.1559,1
TX-108343,CUST-2060,RECIP-8046,84.2,6,5,974,1610,0,2,72.72,1,3.1,1,0,0.2379,0.0417,0
TX-108344,CUST-1451,RECIP-6874,51.99,20,6,2001,111,0,2,53.72,1,29.3,0,3,0.4952,0.0561,0
TX-108345,CUST-2493,RECIP-5111,213.61,14,1,1413,1,1,0,100.79,3,21.7,0,0,0.3403,0.2284,0
TX-108346,CUST-1379,RECIP-6188,56.42,13,4,1006,226,0,4,200.81,1,2613.0,0,0,0.1639,0.0475,0
TX-108347,CUST-1442,RECIP-5720,1872.19,13,2,297,1522,0,4,24.22,2,20.8,0,0,0.1753,0.3329,0
TX-108348,CUST-2071,RECIP-6807,65.48,23,6,1054,1911,0,4,32.2,0,7.2,0,0,0.0925,0.2533,0
TX-108349,CUST-2183,RECIP-9061,175.8,5,6,561,17,1,0,45.8,1,37.2,0,0,0.242,0.1803,0
TX-108350,CUST-1192,RECIP-9332,194.42,7,2,1012,16,1,0,37.09,1,3003.6,0,0,0.0061,0.0974,0
TX-108351,CUST-1833,RECIP-9488,137.84,11,1,399,1755,0,3,33.47,2,9.7,0,0,0.3765,0.06,0
TX-108352,CUST-1518,RECIP-5507,163.19,20,0,2371,21,1,0,99.89,2,1.3,0,0,0.1477,0.0326,0
TX-108353,CUST-1917,RECIP-7194,15.69,13,4,459,1012,0,5,96.42,0,6.4,0,0,0.0273,0.0901,0
TX-108354,CUST-1835,RECIP-5205,47.87,17,6,336,1627,0,3,74.7,0,1075.1,1,0,0.1084,0.0978,0
TX-108355,CUST-2478,RECIP-7229,52.05,19,1,1648,1586,0,6,115.32,0,13.8,0,1,0.1636,0.1165,0
TX-108356,CUST-2400,RECIP-7595,186.66,21,5,879,220,0,0,93.48,2,3385.2,0,2,0.0599,0.0679,0
TX-108357,CUST-1980,RECIP-8480,328.6,11,5,2490,183,0,3,56.15,3,256.8,0,0,0.1165,0.0074,0
TX-108358,CUST-2019,RECIP-6513,122.29,10,3,1028,1442,0,3,71.74,2,4.9,0,0,0.8338,0.3,0
TX-108359,CUST-2348,RECIP-5162,64.47,1,1,1638,27,1,0,116.65,2,7.3,0,0,0.1177,0.0762,0
TX-108360,CUST-1275,RECIP-7043,92.44,1,4,2090,1,1,0,39.88,2,6.5,0,0,0.077,0.6071,0
TX-108361,CUST-2088,RECIP-6921,125.77,11,4,2462,223,0,5,123.94,0,36.3,0,1,0.1292,0.1195,0
TX-108362,CUST-2158,RECIP-7808,82.09,17,5,2029,16,1,0,8.93,2,0.3,0,0,0.3411,0.0579,1
TX-108363,CUST-1191,RECIP-5449,43.42,20,3,1455,35,1,0,96.91,0,1851.9,0,0,0.2208,0.1467,0
TX-108364,CUST-2321,RECIP-7759,25.2,9,0,2041,609,0,5,126.08,1,1886.9,0,0,0.0121,0.2069,0
TX-108365,CUST-2049,RECIP-6804,29.67,13,1,729,1034,0,4,48.12,0,8.5,0,0,0.2708,0.1354,0
TX-108366,CUST-1520,RECIP-8325,25.44,19,2,2179,760,0,4,220.77,1,66.4,0,0,0.0239,0.0746,0
TX-108367,CUST-1726,RECIP-9427,108.55,7,3,2184,291,0,4,234.53,1,1.0,0,0,0.0538,0.1864,0
TX-108368,CUST-1734,RECIP-6024,44.74,3,2,978,1133,0,7,116.34,0,15.8,0,0,0.1824,0.1607,0
TX-108369,CUST-2378,RECIP-8391,1586.66,22,6,195,12,1,0,334.99,2,37.9,0,0,0.009,0.0789,0
TX-108370,CUST-2453,RECIP-5574,55.81,13,1,1721,617,0,3,54.53,1,10.1,0,0,0.0281,0.1191,0
TX-108371,CUST-2210,RECIP-9432,37.01,3,4,282,1562,0,1,192.45,3,10.6,0,0,0.0955,0.1302,0
TX-108372,CUST-1978,RECIP-7164,74.11,6,2,72,677,0,2,286.79,0,5.9,0,0,0.0061,0.0691,0
TX-108373,CUST-1156,RECIP-8357,108.58,7,6,2370,1127,0,5,42.24,1,16.4,1,0,0.3979,0.2138,0
TX-108374,CUST-2372,RECIP-8498,98.05,4,6,1432,189,0,4,105.38,0,0.5,1,0,0.5233,0.0672,0
TX-108375,CUST-1200,RECIP-7736,263.69,10,5,1635,1482,0,7,32.82,0,3.6,0,0,0.2833,0.1972,0
TX-108376,CUST-1250,RECIP-6729,461.27,19,5,2204,1112,0,4,186.11,1,11.8,0,0,0.0205,0.1044,0
TX-108377,CUST-1104,RECIP-8393,148.95,17,4,2324,1580,0,5,347.21,0,0.1,0,0,0.4139,0.1133,0
TX-108378,CUST-2421,RECIP-7143,103.14,22,4,2392,19,1,0,66.01,1,2.1,0,0,0.1363,0.2139,0
TX-108379,CUST-1739,RECIP-7965,162.42,20,3,358,991,0,3,96.98,1,23.8,0,0,0.0004,0.0415,0
TX-108380,CUST-1353,RECIP-7759,80.51,7,0,830,12,1,0,67.79,0,5.2,0,0,0.3386,0.1989,0
TX-108381,CUST-1121,RECIP-7088,336.69,1,6,1927,1972,0,3,645.0,1,3.8,0,0,0.1416,0.0485,0
TX-108382,CUST-1617,RECIP-5526,85.9,3,6,101,30,1,0,50.33,1,0.5,0,0,0.7504,0.0787,0
TX-108383,CUST-2085,RECIP-6316,72.94,19,3,609,42,1,0,50.19,1,20.2,0,0,0.5983,0.0595,0
TX-108384,CUST-2491,RECIP-9220,155.35,8,6,1301,1941,0,3,151.15,0,6.9,0,0,0.1381,0.1591,0
TX-108385,CUST-1828,RECIP-7340,43.2,17,2,878,224,0,0,93.08,4,1.7,0,0,0.1106,0.3967,0
TX-108386,CUST-1910,RECIP-7862,488.42,10,0,456,599,0,3,654.56,2,48.2,0,0,0.1647,0.0311,0
TX-108387,CUST-2253,RECIP-6163,17.17,21,5,2250,677,0,2,441.2,4,5.1,1,0,0.0405,0.0232,0
TX-108388,CUST-2352,RECIP-8176,28.88,12,3,1136,1586,0,3,157.95,1,2.3,0,0,0.0223,0.0306,0
TX-108389,CUST-1419,RECIP-7190,300.9,21,6,1045,1539,0,3,200.06,2,13.8,0,0,0.0868,0.0843,0
TX-108390,CUST-2487,RECIP-5984,541.55,6,1,1653,1744,0,6,172.15,2,20.8,0,1,0.3331,0.1651,0
TX-108391,CUST-1778,RECIP-5657,803.28,18,3,1686,246,0,3,217.89,4,1.6,1,0,0.0535,0.2882,0
TX-108392,CUST-2395,RECIP-6777,49.87,12,4,1246,477,0,3,147.35,2,28.4,0,0,0.1949,0.0014,0
TX-108393,CUST-1176,RECIP-7544,82.16,4,0,2221,965,0,8,46.68,0,0.5,0,0,0.0862,0.1093,0
TX-108394,CUST-1146,RECIP-6260,128.39,5,6,761,24,1,0,53.67,1,8.1,0,0,0.8334,0.3941,1
TX-108395,CUST-2326,RECIP-6103,147.96,7,4,2181,27,1,0,206.06,0,1539.2,0,0,0.1269,0.0996,0
TX-108396,CUST-2008,RECIP-6213,293.48,3,1,2174,1072,0,4,68.3,0,807.2,0,0,0.1663,0.3023,0
TX-108397,CUST-1262,RECIP-6321,148.07,22,5,52,1627,0,2,272.19,1,7.3,1,0,0.2244,0.1431,0
TX-108398,CUST-2342,RECIP-8325,1563.45,5,6,1894,1,1,0,171.54,1,5.6,0,0,0.1781,0.2174,0
TX-108399,CUST-1153,RECIP-7245,310.86,14,2,420,20,1,0,40.85,0,15.3,1,0,0.0683,0.1814,1
TX-108400,CUST-2023,RECIP-7110,343.82,13,4,1229,23,1,0,42.07,1,0.2,1,2,0.209,0.2067,1
TX-108401,CUST-1307,RECIP-5731,34.69,12,5,2298,523,0,4,37.36,0,3.2,0,0,0.2285,0.4403,0
TX-108402,CUST-1105,RECIP-7450,247.26,15,1,513,26,1,0,179.23,1,2138.7,1,0,0.8899,0.0843,0
TX-108403,CUST-2209,RECIP-9330,3229.18,21,3,1419,591,0,2,238.16,0,19.2,0,0,0.0887,0.0578,0
TX-108404,CUST-2271,RECIP-8354,257.95,23,3,1950,24,1,0,74.28,1,23.9,0,0,0.0861,0.0181,0
TX-108405,CUST-1158,RECIP-7011,14.26,20,2,1216,1386,0,6,99.14,2,7.0,0,0,0.3028,0.2405,0
TX-108406,CUST-1139,RECIP-6381,39.86,11,2,223,650,0,1,126.48,1,6.2,1,0,0.3753,0.0815,0
TX-108407,CUST-1921,RECIP-6585,40.37,17,4,191,8,1,0,191.84,4,4.2,0,0,0.7507,0.0368,0
TX-108408,CUST-1043,RECIP-5120,76.85,4,5,1309,249,0,6,76.57,1,22.8,0,0,0.812,0.0484,0
TX-108409,CUST-2119,RECIP-5131,66.9,21,2,91,386,0,2,137.73,2,1.9,0,0,0.0412,0.1131,0
TX-108410,CUST-2373,RECIP-8493,2816.23,4,1,68,1831,0,0,94.17,1,36.4,0,0,0.015,0.0333,0
TX-108411,CUST-2126,RECIP-8794,54.4,2,5,2384,1461,0,3,30.88,2,37.8,0,0,0.3182,0.0033,0
TX-108412,CUST-1346,RECIP-9358,98.82,19,1,1346,913,0,4,277.57,1,8.3,0,1,0.3198,0.1469,0
TX-108413,CUST-1285,RECIP-7816,188.2,18,0,1200,521,0,4,126.1,2,6.6,0,2,0.265,0.1078,0
TX-108414,CUST-2020,RECIP-9181,106.25,3,2,277,554,0,6,86.22,2,48.3,0,1,0.2958,0.1859,0
TX-108415,CUST-1092,RECIP-6873,792.11,23,5,1972,410,0,6,56.38,2,8.5,0,0,0.146,0.2187,0
TX-108416,CUST-1806,RECIP-6143,166.78,2,5,1290,1800,0,3,58.49,2,34.6,0,1,0.1984,0.0866,0
TX-108417,CUST-1673,RECIP-6104,71.58,1,2,573,714,0,5,33.63,0,10.5,0,0,0.1769,0.07,0
TX-108418,CUST-2116,RECIP-6064,68.8,22,3,1889,1877,0,4,42.83,3,12.0,0,0,0.1015,0.0298,0
TX-108419,CUST-1303,RECIP-8353,274.6,5,6,615,1601,0,2,49.24,1,20.0,0,0,0.0321,0.1221,0
TX-108420,CUST-2143,RECIP-5044,5847.47,5,5,1272,755,0,2,65.6,1,25.9,0,1,0.1303,0.018,0
TX-108421,CUST-2048,RECIP-9254,184.19,19,5,1413,1500,0,3,268.16,2,92.3,0,0,0.7721,0.3138,0
TX-108422,CUST-1358,RECIP-8486,54.48,14,0,719,985,0,3,155.61,0,5.8,0,2,0.2845,0.0056,0
TX-108423,CUST-1535,RECIP-6713,50.92,12,1,2193,988,0,4,49.92,2,12.0,0,0,0.9093,0.1808,0
TX-108424,CUST-1099,RECIP-8158,188.52,23,0,1767,1552,0,2,30.1,0,1980.9,0,1,0.0787,0.2438,0
TX-108425,CUST-1674,RECIP-5606,572.77,2,6,742,1445,0,2,50.0,1,4.3,0,1,0.9414,0.2984,0
TX-108426,CUST-1390,RECIP-6941,226.98,22,2,416,29,1,0,294.15,2,0.9,0,0,0.073,0.0774,0
TX-108427,CUST-1170,RECIP-5491,66.48,6,3,842,847,0,7,163.68,3,23.6,0,0,0.2103,0.099,0
TX-108428,CUST-1839,RECIP-5504,80.18,14,3,1179,1873,0,2,86.9,1,14.5,0,0,0.7014,0.2941,0
TX-108429,CUST-1851,RECIP-5028,10.6,7,3,1390,38,1,0,98.22,4,987.1,0,0,0.0598,0.142,0
TX-108430,CUST-1128,RECIP-8581,338.1,7,0,1018,21,1,0,234.83,0,3.8,0,0,0.0361,0.0686,0
TX-108431,CUST-1278,RECIP-8347,26.73,7,6,128,1695,0,3,97.84,1,12.9,0,0,0.1277,0.1645,0
TX-108432,CUST-1123,RECIP-9018,332.77,13,2,1700,1225,0,3,544.15,0,29.7,0,0,0.121,0.1127,0
TX-108433,CUST-2018,RECIP-9416,108.67,21,6,965,164,0,7,105.8,1,4.7,0,1,0.1651,0.1721,0
TX-108434,CUST-1507,RECIP-9341,9764.46,2,5,858,17,1,0,49.46,3,4.5,0,0,0.3459,0.2436,1
TX-108435,CUST-1106,RECIP-9467,309.73,15,4,1404,1807,0,3,21.86,3,31.1,0,0,0.0081,0.2009,0
TX-108436,CUST-1287,RECIP-5071,143.97,20,4,2093,1308,0,8,138.57,0,33.5,1,0,0.2013,0.0165,0
TX-108437,CUST-2463,RECIP-8528,98.59,17,6,41,5,1,0,85.01,3,5.4,0,0,0.0945,0.202,0
TX-108438,CUST-1383,RECIP-8254,387.38,23,2,2403,147,0,5,49.26,2,0.4,0,0,0.7747,0.3522,1
TX-108439,CUST-2026,RECIP-5729,104.55,0,2,1605,1463,0,4,167.13,2,23.5,0,0,0.3755,0.0375,0
TX-108440,CUST-1702,RECIP-5615,84.63,8,4,1380,1620,0,0,121.82,0,5.0,0,0,0.3333,0.1496,0
TX-108441,CUST-1272,RECIP-9399,18.94,10,1,155,1164,0,5,70.48,0,33.7,0,0,0.0475,0.0325,0
TX-108442,CUST-1461,RECIP-8971,393.94,12,5,1786,1076,0,5,125.13,1,12.9,0,0,0.0873,0.0898,0
TX-108443,CUST-1021,RECIP-6475,70.62,7,0,1808,1631,0,3,89.75,0,26.9,0,0,0.3584,0.0601,0
TX-108444,CUST-2120,RECIP-5336,68.57,6,6,1414,1343,0,4,198.98,1,13.2,0,0,0.2743,0.1039,0
TX-108445,CUST-1501,RECIP-6501,13.14,20,2,2010,21,1,0,106.47,0,17.3,0,1,0.098,0.0443,0
TX-108446,CUST-1748,RECIP-5023,60.08,5,0,2101,417,0,2,74.69,1,26.7,0,0,0.1147,0.0201,0
TX-108447,CUST-1229,RECIP-8093,214.33,22,4,2101,1206,0,6,253.23,2,3476.0,0,1,0.1655,0.1225,0
TX-108448,CUST-2236,RECIP-6710,40.89,0,1,837,26,1,0,44.64,2,41.5,0,0,0.1592,0.1086,0
TX-108449,CUST-1327,RECIP-5220,31.68,10,2,1693,566,0,3,34.61,0,29.1,0,0,0.1053,0.1592,0
TX-108450,CUST-1849,RECIP-9408,71.11,14,3,171,329,0,6,63.52,1,20.3,0,0,0.886,0.1154,0
TX-108451,CUST-2309,RECIP-8715,448.23,23,4,1417,31,1,0,26.09,1,3.1,0,0,0.1862,0.1385,0
TX-108452,CUST-2069,RECIP-9071,285.32,18,0,390,661,0,2,31.42,0,11.7,0,0,0.2248,0.3054,0
TX-108453,CUST-1904,RECIP-9487,374.73,0,0,789,20,1,0,83.18,2,1.4,1,0,0.0211,0.123,1
TX-108454,CUST-2332,RECIP-5063,85.8,17,3,1701,29,1,0,104.04,3,26.8,0,1,0.0568,0.0055,0
TX-108455,CUST-1264,RECIP-8487,21.97,7,2,1078,476,0,5,81.61,3,35.4,0,0,0.2167,0.2049,0
TX-108456,CUST-2445,RECIP-8543,49.39,20,4,2162,44,1,0,145.14,0,6.1,0,2,0.176,0.1708,0
TX-108457,CUST-1834,RECIP-8517,279.73,18,5,245,360,0,2,70.05,1,2.8,0,0,0.21,0.1009,0
TX-108458,CUST-1614,RECIP-6192,26.73,4,4,2430,13,1,0,23.96,2,6.2,0,2,0.0403,0.0245,0
TX-108459,CUST-1383,RECIP-6756,188.05,8,0,1776,1199,0,4,174.18,1,2965.8,0,0,0.1188,0.2529,0
TX-108460,CUST-2117,RECIP-9181,1207.76,19,6,1093,1779,0,3,93.48,2,1.3,0,0,0.2741,0.3981,0
TX-108461,CUST-2464,RECIP-5296,260.11,22,5,90,42,1,0,167.82,0,1864.6,0,0,0.5381,0.4441,1
TX-108462,CUST-2035,RECIP-7884,136.29,14,0,133,16,1,0,159.04,0,11.0,0,0,0.3181,0.1855,0
TX-108463,CUST-1049,RECIP-8567,403.38,5,5,1051,39,1,0,224.02,1,7.3,0,0,0.2973,0.1101,0
TX-108464,CUST-1703,RECIP-8591,145.83,9,6,1443,14,1,0,51.18,0,17.6,0,0,0.0653,0.1241,0
TX-108465,CUST-2098,RECIP-7687,60.06,19,3,1280,999,0,7,40.81,0,15.1,0,0,0.0691,0.0485,0
TX-108466,CUST-1596,RECIP-8450,114.79,14,5,764,1140,0,5,92.98,1,12.6,0,0,0.154,0.3222,0
TX-108467,CUST-2159,RECIP-9092,28.0,4,6,1635,1874,0,1,88.92,1,0.9,0,0,0.2425,0.2551,0
TX-108468,CUST-2060,RECIP-8446,22.05,6,6,1547,1322,0,1,253.64,2,25.6,0,0,0.1217,0.006,0
TX-108469,CUST-1100,RECIP-5521,716.33,4,6,877,1648,0,7,145.98,3,14.2,0,0,0.3273,0.1148,0
TX-108470,CUST-1836,RECIP-6100,41.77,11,1,834,1131,0,0,111.17,0,48.4,0,0,0.2543,0.1021,0
TX-108471,CUST-1257,RECIP-6373,41.14,10,0,1123,1481,0,4,40.01,3,12.7,0,0,0.4723,0.0105,0
TX-108472,CUST-1729,RECIP-6543,28.29,13,4,1865,1709,0,2,58.61,2,49.5,0,0,0.1653,0.0571,0
TX-108473,CUST-1576,RECIP-6622,66.81,22,4,1480,908,0,5,29.63,0,7.0,0,1,0.01,0.1613,0
TX-108474,CUST-2210,RECIP-5989,495.31,15,3,343,18,1,0,53.88,0,0.2,0,1,0.3419,0.1648,0
TX-108475,CUST-2302,RECIP-8074,93.19,14,1,2310,1013,0,3,114.15,0,20.1,0,3,0.0623,0.1134,0
TX-108476,CUST-1692,RECIP-5496,43.3,8,6,529,10,1,0,139.56,0,45.4,0,0,0.0815,0.1237,0
TX-108477,CUST-1805,RECIP-8544,41.71,15,2,1689,6,1,0,161.01,2,35.0,0,0,0.1747,0.255,0
TX-108478,CUST-1939,RECIP-7963,71.99,22,5,71,1683,0,8,176.59,2,1.7,0,0,0.0593,0.0502,0
TX-108479,CUST-1982,RECIP-9324,14.69,0,4,658,1644,0,4,152.52,2,13.9,0,0,0.1252,0.0724,0
TX-108480,CUST-1953,RECIP-5029,34.12,8,6,1424,1847,0,2,63.4,0,5.5,0,3,0.2009,0.2452,0
TX-108481,CUST-2174,RECIP-6329,350.75,1,4,2122,612,0,8,56.11,2,6.7,0,0,0.1794,0.334,0
TX-108482,CUST-2472,RECIP-9042,190.46,4,4,1420,1997,0,1,263.78,0,3.7,0,4,0.3202,0.0772,0
TX-108483,CUST-2242,RECIP-7221,91.32,1,5,166,1425,0,2,74.27,0,2737.5,0,0,0.03,0.114,0
TX-108484,CUST-1202,RECIP-7524,17.1,14,0,2390,23,1,0,76.81,2,3.9,0,0,0.1094,0.0505,0
TX-108485,CUST-1714,RECIP-5130,28.52,19,4,702,1757,0,5,91.13,0,7.2,0,0,0.3381,0.1466,0
TX-108486,CUST-1691,RECIP-8429,949.32,22,4,930,31,1,0,32.51,3,54.1,1,2,0.9478,0.2134,1
TX-108487,CUST-1763,RECIP-6138,138.12,5,5,297,15,1,0,86.73,1,2.9,0,3,0.0847,0.075,0
TX-108488,CUST-1792,RECIP-9334,45.28,16,1,1749,39,1,0,30.8,2,11.2,0,0,0.335,0.046,0
TX-108489,CUST-2077,RECIP-6683,167.0,7,4,1134,363,0,3,159.47,0,2391.0,1,0,0.0533,0.1426,0
TX-108490,CUST-1631,RECIP-5848,427.38,7,1,572,14,1,0,71.41,1,24.2,0,3,0.7142,0.1581,0
TX-108491,CUST-1395,RECIP-7672,234.05,14,0,1603,21,1,0,64.28,0,11.3,0,0,0.0896,0.1816,0
TX-108492,CUST-1686,RECIP-7148,2071.67,16,4,514,14,1,0,23.6,2,2.3,0,1,0.8972,0.1582,1
TX-108493,CUST-2281,RECIP-7118,237.97,14,0,1341,1366,0,2,126.56,0,557.0,0,0,0.2457,0.0131,0
TX-108494,CUST-1467,RECIP-9274,91.14,2,0,1669,1976,0,6,598.93,2,46.6,0,0,0.2937,0.1955,0
TX-108495,CUST-1031,RECIP-6640,50.57,9,3,2033,21,1,0,64.79,1,46.3,1,0,0.1037,0.2129,0
TX-108496,CUST-2464,RECIP-6789,229.57,6,6,1746,1,1,0,95.95,0,1934.0,0,0,0.8885,0.0924,0
TX-108497,CUST-1293,RECIP-7808,716.79,0,5,1431,135,0,7,325.14,0,0.6,0,0,0.2647,0.1998,0
TX-108498,CUST-1904,RECIP-5766,110.94,0,0,113,85,0,5,588.43,5,0.2,0,0,0.1466,0.0818,0
TX-108499,CUST-2200,RECIP-8728,151.67,10,0,604,725,0,7,40.18,2,3.9,0,1,0.3017,0.0694,0
TX-108500,CUST-1411,RECIP-6034,323.26,2,3,1457,620,0,7,246.74,1,16.0,0,0,0.1974,0.0797,0
TX-108501,CUST-1510,RECIP-6087,143.41,17,3,1354,28,1,0,12.41,1,6.1,0,0,0.8082,0.3009,1
TX-108502,CUST-1420,RECIP-5048,287.96,1,0,1348,435,0,5,9.38,0,4.3,0,0,0.3118,0.1212,0
TX-108503,CUST-1224,RECIP-6542,7.09,5,1,1846,1129,0,2,26.02,3,1.2,0,0,0.0164,0.1361,0
TX-108504,CUST-1229,RECIP-7622,158.32,23,0,2265,1975,0,7,75.33,1,2.7,0,0,0.346,0.358,0
TX-108505,CUST-1280,RECIP-8172,3436.53,17,3,1272,384,0,3,22.25,1,4.5,0,0,0.0072,0.2059,0
TX-108506,CUST-1687,RECIP-9043,289.13,13,4,362,897,0,8,265.75,1,3.2,0,0,0.1184,0.2315,0
TX-108507,CUST-1796,RECIP-8500,30.39,0,2,1121,1231,0,6,102.66,0,1.1,0,0,0.2685,0.1668,0
TX-108508,CUST-1023,RECIP-6444,43.73,1,4,654,893,0,4,158.29,0,3.6,0,0,0.9604,0.0789,0
TX-108509,CUST-2269,RECIP-8714,609.71,21,1,1336,856,0,4,76.72,0,3.6,0,1,0.1685,0.2102,0
TX-108510,CUST-2013,RECIP-5875,1277.23,19,5,1486,133,0,8,63.79,1,30.3,0,2,0.1429,0.1648,0
TX-108511,CUST-1105,RECIP-5941,154.63,22,0,1383,6,1,0,93.42,2,11.9,0,0,0.2075,0.1198,0
TX-108512,CUST-2264,RECIP-6611,4407.43,19,3,1466,1858,0,3,428.81,1,7.5,0,0,0.1124,0.1548,0
TX-108513,CUST-1045,RECIP-7426,72.16,0,2,797,36,1,0,115.55,2,2839.8,0,0,0.175,0.1989,0
TX-108514,CUST-1840,RECIP-5914,359.0,19,3,466,1608,0,1,112.32,2,42.5,0,0,0.0836,0.2803,0
TX-108515,CUST-1697,RECIP-9050,33.96,10,3,2139,212,0,2,45.18,1,1649.8,0,0,0.4666,0.0984,0
TX-108516,CUST-1753,RECIP-6216,154.81,16,4,1021,303,0,3,46.87,1,5.3,0,0,0.2249,0.2852,0
TX-108517,CUST-2434,RECIP-6763,23.56,9,6,542,1084,0,4,59.84,1,10.4,0,0,0.068,0.1606,0
TX-108518,CUST-2390,RECIP-7722,182.81,17,3,2488,636,0,3,157.83,0,21.1,0,1,0.1346,0.1344,0
TX-108519,CUST-1418,RECIP-6934,46.44,20,1,111,396,0,3,127.01,0,14.5,0,0,0.19,0.0279,1
TX-108520,CUST-1869,RECIP-6817,32.07,23,3,885,5,1,0,22.6,0,1.2,0,0,0.2501,0.0612,0
TX-108521,CUST-2438,RECIP-9431,470.61,12,3,1861,30,1,0,139.19,1,3.7,0,0,0.7651,0.2255,1
TX-108522,CUST-2093,RECIP-6961,171.07,6,6,1044,4,1,0,170.64,2,1543.9,0,0,0.1786,0.1409,0
TX-108523,CUST-2331,RECIP-5508,374.59,14,3,2110,1244,0,4,154.8,0,20.7,1,0,0.1564,0.2713,0
TX-108524,CUST-1652,RECIP-8286,43.83,11,6,916,37,1,0,152.57,2,22.4,0,0,0.0328,0.023,0
TX-108525,CUST-1424,RECIP-8175,17.0,4,4,1617,1359,0,3,155.5,0,7.4,0,0,0.045,0.0393,0
TX-108526,CUST-1765,RECIP-5985,45.02,17,4,1085,476,0,6,131.01,1,9.1,0,1,0.7779,0.1236,0
TX-108527,CUST-2225,RECIP-8825,498.2,1,2,1188,1236,0,5,36.55,0,22.9,0,0,0.1302,0.0512,0
TX-108528,CUST-2393,RECIP-6763,1005.01,9,1,1259,417,0,3,205.58,4,13.9,0,0,0.4472,0.2366,0
TX-108529,CUST-2028,RECIP-5678,112.65,16,0,2438,1851,0,5,361.95,1,1.3,0,0,0.2624,0.1221,0
TX-108530,CUST-2059,RECIP-5776,31.67,22,3,1906,8,1,0,257.13,0,4.7,0,0,0.343,0.2487,0
TX-108531,CUST-1767,RECIP-8215,30.18,14,6,945,1601,0,2,122.2,1,3.2,1,1,0.1161,0.1199,0
TX-108532,CUST-1479,RECIP-5972,9233.51,23,0,1059,25,1,0,94.13,1,0.1,0,0,0.9705,0.1006,1
TX-108533,CUST-1634,RECIP-7113,236.27,19,6,1032,445,0,4,62.14,1,7.8,0,0,0.1654,0.2367,0
TX-108534,CUST-1746,RECIP-8303,250.53,5,6,1848,235,0,3,24.4,2,24.2,0,0,0.2274,0.1072,0
TX-108535,CUST-2223,RECIP-8838,86.76,20,3,1490,28,1,0,205.44,1,41.3,0,1,0.1881,0.1641,0
TX-108536,CUST-1833,RECIP-7203,255.53,8,2,1350,143,0,2,32.72,0,35.6,0,0,0.125,0.0401,0
TX-108537,CUST-2189,RECIP-9083,1790.37,15,4,1093,1263,0,9,76.01,0,50.4,0,0,0.0099,0.4081,0
TX-108538,CUST-1041,RECIP-6361,45.91,4,5,1014,1376,0,5,74.79,2,20.8,0,4,0.1835,0.0259,0
TX-108539,CUST-2135,RECIP-8926,1799.87,12,0,1401,24,1,0,255.25,0,2476.8,0,0,0.011,0.1345,0
TX-108540,CUST-1760,RECIP-6126,365.76,16,3,2083,1953,0,3,163.74,1,10.8,0,0,0.1068,0.0805,0
TX-108541,CUST-2497,RECIP-5289,426.15,21,0,2417,29,1,0,62.75,2,3.4,0,0,0.103,0.194,0
TX-108542,CUST-1707,RECIP-8264,66.79,22,4,180,20,1,0,91.37,3,1867.4,0,0,0.064,0.2059,0
TX-108543,CUST-1717,RECIP-8405,89.7,19,0,616,1898,0,3,85.11,2,2913.9,0,0,0.2812,0.1054,0
TX-108544,CUST-1191,RECIP-9168,439.59,13,2,1722,1729,0,5,158.84,0,15.8,0,0,0.4051,0.0498,0
TX-108545,CUST-2210,RECIP-9146,26.87,21,5,396,959,0,3,46.62,0,2.0,0,1,0.2978,0.1173,0
TX-108546,CUST-2052,RECIP-5460,357.54,2,5,1537,879,0,4,124.07,1,16.9,0,0,0.1053,0.1214,0
TX-108547,CUST-2293,RECIP-7796,54.36,23,1,1076,1591,0,5,85.44,1,25.7,0,0,0.1013,0.2023,0
TX-108548,CUST-1139,RECIP-8169,189.4,4,3,501,30,1,0,625.01,1,5.6,1,0,0.3006,0.3566,0
TX-108549,CUST-1317,RECIP-7703,260.89,9,1,1274,993,0,5,55.03,1,26.2,0,2,0.253,0.2738,0
TX-108550,CUST-2315,RECIP-5084,216.71,21,4,1287,1642,0,7,249.17,1,8.8,0,0,0.0901,0.1665,0
TX-108551,CUST-1063,RECIP-5202,23.18,17,0,1791,1587,0,5,72.44,2,21.4,0,0,0.197,0.0713,0
TX-108552,CUST-1762,RECIP-8017,53.64,20,5,2069,863,0,8,92.97,0,6.0,0,1,0.9315,0.3028,0
TX-108553,CUST-1607,RECIP-8852,108.26,16,0,2389,23,1,0,275.2,1,21.5,0,0,0.1099,0.2593,0
TX-108554,CUST-2409,RECIP-5806,30.28,14,4,1114,1357,0,5,150.28,1,28.5,0,0,0.1648,0.1081,0
TX-108555,CUST-2285,RECIP-5208,1961.77,4,2,1731,61,0,4,91.66,1,4.5,0,0,0.3473,0.233,0
TX-108556,CUST-2345,RECIP-6818,286.78,23,1,1974,1577,0,2,76.43,0,2357.6,0,0,0.1696,0.1354,0
TX-108557,CUST-1433,RECIP-6410,52.17,15,3,2468,1029,0,4,282.85,1,2.8,0,0,0.2944,0.0376,0
TX-108558,CUST-1881,RECIP-9423,247.43,16,0,1636,1755,0,5,76.23,3,4.1,0,0,0.12,0.0477,0
TX-108559,CUST-2050,RECIP-9166,90.69,10,4,638,1123,0,5,76.13,3,0.8,0,2,0.2946,0.1636,0
TX-108560,CUST-2451,RECIP-7511,121.03,22,4,874,811,0,2,59.84,1,1.4,0,0,0.1856,0.0393,0
TX-108561,CUST-1011,RECIP-9273,190.7,10,3,545,31,1,0,386.68,1,22.2,0,0,0.3282,0.2232,0
TX-108562,CUST-2465,RECIP-6029,333.76,4,2,518,62,0,6,38.8,1,6.3,0,0,0.0945,0.0311,0
TX-108563,CUST-1533,RECIP-9463,30.51,4,3,787,1350,0,5,123.5,1,15.4,0,0,0.0765,0.0383,0
TX-108564,CUST-1192,RECIP-7011,251.21,16,6,1260,445,0,3,128.01,0,10.0,0,0,0.4342,0.0837,0
TX-108565,CUST-1923,RECIP-7143,241.34,17,5,1974,1716,0,2,40.54,0,4.0,0,0,0.0361,0.3177,0
TX-108566,CUST-2172,RECIP-5227,975.24,4,0,749,23,1,0,81.26,0,5.3,0,0,0.0725,0.0516,0
TX-108567,CUST-1194,RECIP-5798,28.79,16,2,490,29,1,0,75.3,2,21.2,1,0,0.025,0.0724,0
TX-108568,CUST-1061,RECIP-5874,732.71,23,0,342,44,1,0,63.28,1,2569.6,0,1,0.3628,0.0603,0
TX-108569,CUST-2344,RECIP-7195,1563.6,12,1,514,791,0,5,107.77,0,2.0,0,0,0.1993,0.1223,0
TX-108570,CUST-2400,RECIP-5854,72.95,23,5,1098,333,0,2,125.88,1,8.8,0,1,0.2881,0.0558,0
TX-108571,CUST-1234,RECIP-5460,211.27,3,5,1046,855,0,4,80.22,0,3.3,0,0,0.1182,0.0553,0
TX-108572,CUST-2356,RECIP-7723,43.35,9,3,1015,1652,0,5,448.6,0,128.8,1,0,0.2443,0.0591,0
TX-108573,CUST-2364,RECIP-8926,182.92,13,4,814,1725,0,4,60.78,1,45.4,0,3,0.0029,0.1558,0
TX-108574,CUST-2496,RECIP-5314,96.45,8,2,1149,987,0,3,120.94,2,17.9,0,0,0.3649,0.0305,0
TX-108575,CUST-1324,RECIP-7522,216.86,2,3,1626,1996,0,4,109.05,0,16.2,1,2,0.2718,0.0279,0
TX-108576,CUST-1868,RECIP-9321,21.32,10,5,139,6,1,0,157.22,0,2.5,0,0,0.254,0.0727,0
TX-108577,CUST-2491,RECIP-6820,5.0,8,1,2228,162,0,5,116.72,0,9.8,0,0,0.0922,0.057,0
TX-108578,CUST-2353,RECIP-5823,21.75,4,2,784,31,1,0,53.15,4,36.2,0,0,0.0081,0.1209,0
TX-108579,CUST-1907,RECIP-5357,97.57,8,0,372,38,1,0,162.31,2,27.4,0,0,0.2453,0.1982,0
TX-108580,CUST-1295,RECIP-9213,823.18,10,1,461,69,0,3,101.13,2,2784.7,0,0,0.566,0.0756,0
TX-108581,CUST-1126,RECIP-6823,134.97,21,0,1380,40,1,0,207.88,1,1690.5,0,0,0.298,0.1946,0
TX-108582,CUST-1388,RECIP-5473,3131.77,11,5,1316,1606,0,3,179.42,3,12.0,0,0,0.6775,0.1154,0
TX-108583,CUST-1097,RECIP-8897,215.18,9,5,248,4,1,0,156.53,1,1.3,0,0,0.1327,0.0432,0
TX-108584,CUST-1292,RECIP-8609,9.64,9,2,1263,1574,0,4,200.67,0,16.8,0,4,0.0925,0.0467,0
TX-108585,CUST-1112,RECIP-8165,1310.84,14,4,577,24,1,0,65.24,1,6.4,0,0,0.1355,0.3031,0
TX-108586,CUST-2143,RECIP-5379,44.99,6,1,2280,1401,0,4,106.87,1,54.8,0,0,0.9292,0.1299,0
TX-108587,CUST-1884,RECIP-5371,33.53,20,0,793,241,0,6,229.48,0,10.1,0,0,0.1192,0.1098,0
TX-108588,CUST-1776,RECIP-5984,95.46,10,3,2498,296,0,3,118.95,0,5.7,0,0,0.2011,0.012,0
TX-108589,CUST-2214,RECIP-5719,1296.81,10,1,1460,1396,0,5,55.98,0,19.0,0,2,0.6052,0.2575,0
TX-108590,CUST-1616,RECIP-7393,13.27,1,5,2412,24,1,0,45.77,0,3315.9,0,0,0.1766,0.0836,0
TX-108591,CUST-1604,RECIP-6765,35.44,21,1,1400,392,0,11,177.95,2,0.1,0,0,0.0366,0.327,0
TX-108592,CUST-1310,RECIP-8443,47.18,11,5,341,30,1,0,65.83,0,2740.1,0,0,0.1924,0.0604,0
TX-108593,CUST-1667,RECIP-5456,77.39,3,1,1618,123,0,2,95.82,0,1.6,0,0,0.034,0.1347,0
TX-108594,CUST-1261,RECIP-8275,203.09,4,0,1209,445,0,4,286.62,1,7.1,0,2,0.1202,0.0293,0
TX-108595,CUST-1883,RECIP-9203,41.15,8,3,2052,1215,0,3,53.02,0,15.3,0,0,0.2084,0.0923,0
TX-108596,CUST-2496,RECIP-5587,152.56,18,1,996,1328,0,4,242.02,0,2.0,0,0,0.8614,0.0844,0
TX-108597,CUST-1799,RECIP-7935,848.8,2,2,492,43,1,0,46.99,1,2.8,0,0,0.0783,0.0525,1
TX-108598,CUST-1448,RECIP-7290,93.18,2,2,310,937,0,6,244.58,0,2.0,0,0,0.3202,0.1386,0
TX-108599,CUST-2032,RECIP-5426,133.48,13,6,1866,609,0,4,113.16,1,1.0,0,1,0.1469,0.1155,0
TX-108600,CUST-2230,RECIP-6317,69.19,11,3,605,1610,0,2,27.64,1,5.7,0,0,0.2161,0.2009,0
TX-108601,CUST-1707,RECIP-8546,39.72,22,5,1677,685,0,9,39.94,1,8.0,0,0,0.1046,0.1016,0
TX-108602,CUST-1375,RECIP-8910,50.23,18,4,362,1440,0,2,52.23,1,8.3,1,0,0.7738,0.3164,0
TX-108603,CUST-2070,RECIP-6657,208.27,15,6,226,746,0,1,110.0,1,3.4,0,0,0.2391,0.1305,0
TX-108604,CUST-1280,RECIP-5479,26.78,8,3,1784,1062,0,4,231.47,2,13.2,0,0,0.1774,0.0449,0
TX-108605,CUST-2495,RECIP-6101,43.04,15,6,881,1862,0,0,133.22,2,18.1,0,0,0.054,0.0407,0
TX-108606,CUST-1476,RECIP-8795,46.06,14,6,1431,830,0,3,52.17,1,6.2,0,0,0.8161,0.2837,0
TX-108607,CUST-1525,RECIP-7564,150.73,6,6,98,1740,0,5,294.24,3,6.3,0,0,0.6693,0.0951,0
TX-108608,CUST-2090,RECIP-6937,63.69,8,4,494,177,0,8,95.01,2,2.2,0,0,0.0697,0.2821,0
TX-108609,CUST-1018,RECIP-5060,60.68,22,6,252,9,1,0,50.1,1,15.3,0,0,0.0931,0.0575,0
TX-108610,CUST-1304,RECIP-8522,62.84,12,5,721,1053,0,5,91.22,0,32.5,0,0,0.0779,0.0506,0
TX-108611,CUST-1188,RECIP-7094,113.42,11,2,730,1929,0,8,100.24,1,6.5,0,0,0.2311,0.3546,0
TX-108612,CUST-1586,RECIP-7453,376.08,19,1,955,572,0,4,52.45,1,2884.5,0,0,0.0281,0.098,0
TX-108613,CUST-1830,RECIP-8797,3500.41,6,1,630,1188,0,3,203.1,2,17.5,1,0,0.7366,0.0095,1
TX-108614,CUST-1269,RECIP-7530,24.69,5,4,1157,1198,0,4,75.84,0,5.6,0,0,0.0492,0.4756,0
TX-108615,CUST-1516,RECIP-9176,101.81,23,1,2253,256,0,2,53.41,1,20.3,0,0,0.7258,0.3774,0
TX-108616,CUST-2158,RECIP-7518,2354.62,19,1,242,10,1,0,157.26,2,14.8,1,0,0.0952,0.1202,1
TX-108617,CUST-2409,RECIP-6541,697.24,10,4,2237,4,1,0,133.9,3,2499.9,0,0,0.044,0.2461,0
TX-108618,CUST-1021,RECIP-9152,26.29,22,2,1049,906,0,5,179.56,1,2.1,0,0,0.5075,0.1514,0
TX-108619,CUST-1941,RECIP-7890,110.73,8,4,1457,1795,0,5,176.5,1,1.9,0,0,0.1849,0.1658,0
TX-108620,CUST-1038,RECIP-8421,258.2,16,6,1689,19,1,0,60.62,0,2409.9,0,0,0.0525,0.0096,0
TX-108621,CUST-1780,RECIP-6020,47.73,0,0,1845,1345,0,4,91.24,1,727.4,1,0,0.1792,0.0945,0
TX-108622,CUST-2319,RECIP-8019,50.79,16,4,2361,97,0,5,18.43,2,6.0,1,0,0.0312,0.0181,0
TX-108623,CUST-2197,RECIP-7520,350.44,4,5,2499,5,1,0,110.14,1,3.0,0,0,0.4054,0.0045,0
TX-108624,CUST-1349,RECIP-5473,135.05,5,0,273,15,1,0,119.12,0,23.6,1,0,0.4139,0.1174,0
TX-108625,CUST-1387,RECIP-6143,66.18,19,5,1043,1089,0,0,85.48,4,0.1,0,0,0.3995,0.126,0
TX-108626,CUST-2175,RECIP-9102,151.12,4,3,1361,821,0,1,48.47,2,8.8,0,0,0.0359,0.2417,0
TX-108627,CUST-2229,RECIP-7571,46.39,11,4,1320,1828,0,5,219.74,1,3.6,0,0,0.106,0.0482,0
TX-108628,CUST-1421,RECIP-8484,339.76,22,0,2478,535,0,6,40.14,2,2169.2,0,2,0.1558,0.1223,0
TX-108629,CUST-1004,RECIP-5772,153.35,22,3,1638,18,1,0,307.02,1,1616.1,0,0,0.0938,0.203,0
TX-108630,CUST-1666,RECIP-5980,12.7,10,2,1024,862,0,2,31.83,1,2.1,1,0,0.7112,0.344,0
TX-108631,CUST-1929,RECIP-9235,178.68,2,1,2303,23,1,0,81.53,3,39.6,0,0,0.0518,0.065,0
TX-108632,CUST-1665,RECIP-6890,17.13,6,5,1835,1511,0,2,18.0,1,12.9,0,0,0.2077,0.0636,0
TX-108633,CUST-2402,RECIP-8991,48.24,14,3,1998,1983,0,4,56.4,1,0.1,0,0,0.3513,0.2591,0
TX-108634,CUST-2220,RECIP-8637,1071.07,8,6,1580,1232,0,3,119.21,2,2495.9,0,0,0.1778,0.0592,0
TX-108635,CUST-2181,RECIP-6516,51.75,17,1,189,646,0,5,125.94,0,14.6,0,0,0.102,0.2583,0
TX-108636,CUST-1030,RECIP-9272,194.39,23,5,2427,24,1,0,83.02,1,4.4,0,0,0.0095,0.0779,0
TX-108637,CUST-2280,RECIP-8494,828.86,14,4,1790,1278,0,5,68.2,0,2886.8,0,0,0.0416,0.2392,0
TX-108638,CUST-2132,RECIP-5574,9.33,14,4,398,3,1,0,584.16,1,13.0,0,0,0.016,0.1095,0
TX-108639,CUST-1595,RECIP-5429,47.64,12,2,652,557,0,2,93.5,2,13.9,0,0,0.3392,0.1074,0
TX-108640,CUST-1884,RECIP-5569,110.29,4,4,871,1089,0,4,833.53,1,34.6,0,0,0.314,0.0946,0
TX-108641,CUST-2236,RECIP-8331,76.06,13,1,659,1716,0,0,314.16,2,11.4,0,0,0.2783,0.1544,0
TX-108642,CUST-2359,RECIP-5644,10.98,22,5,1563,772,0,4,60.22,1,22.2,0,0,0.0593,0.1723,0
TX-108643,CUST-1826,RECIP-6271,351.81,16,3,1381,20,1,0,69.09,2,2.5,0,3,0.3788,0.1316,0
TX-108644,CUST-1062,RECIP-6954,105.63,18,3,554,460,0,8,334.6,2,4.3,0,0,0.364,0.1572,0
TX-108645,CUST-1927,RECIP-5610,208.13,20,4,1749,401,0,4,35.04,2,9.7,1,0,0.4803,0.0842,0
TX-108646,CUST-2020,RECIP-6486,167.26,9,0,738,1555,0,6,284.63,0,718.6,0,0,0.1134,0.2405,0
TX-108647,CUST-1088,RECIP-8051,65.5,8,2,423,877,0,2,91.4,0,6.7,0,0,0.9723,0.097,0
TX-108648,CUST-2225,RECIP-9374,315.48,23,1,2392,458,0,3,15.46,1,0.3,0,0,0.0562,0.0303,0
TX-108649,CUST-1302,RECIP-7114,99.28,11,6,806,412,0,4,42.54,0,8.6,0,2,0.242,0.0872,0
TX-108650,CUST-2335,RECIP-8360,20.46,17,2,604,302,0,1,83.13,2,4.0,0,0,0.5619,0.1309,0
TX-108651,CUST-1826,RECIP-7385,291.79,15,0,1798,948,0,2,67.57,1,1832.5,0,1,0.0013,0.1578,0
TX-108652,CUST-1483,RECIP-7098,329.83,2,0,1915,12,1,0,58.0,0,8.6,0,0,0.2598,0.1268,1
TX-108653,CUST-1088,RECIP-7342,141.81,7,6,405,36,1,0,32.75,4,55.0,0,0,0.1188,0.2885,0
TX-108654,CUST-1026,RECIP-9313,74.08,7,1,167,993,0,4,96.88,1,13.1,0,0,0.777,0.0425,0
TX-108655,CUST-2112,RECIP-5267,287.17,4,0,2128,32,1,0,312.6,0,14.4,0,0,0.0117,0.0039,0
TX-108656,CUST-1565,RECIP-7310,357.17,18,1,1275,41,1,0,307.09,0,14.3,0,0,0.1563,0.1248,0
TX-108657,CUST-2260,RECIP-5231,174.94,23,1,1156,19,1,0,246.03,1,2.8,0,0,0.5343,0.2256,0
TX-108658,CUST-1345,RECIP-8937,382.99,23,0,1068,1181,0,0,87.1,1,322.2,0,1,0.0419,0.0998,0
TX-108659,CUST-2380,RECIP-7705,399.36,4,6,1477,1981,0,3,247.61,2,9.0,0,0,0.2273,0.0363,0
TX-108660,CUST-2412,RECIP-5212,487.98,10,0,1693,1529,0,4,30.48,2,13.4,0,0,0.6202,0.1752,0
TX-108661,CUST-1152,RECIP-7807,381.87,5,5,228,23,1,0,157.76,0,26.6,0,0,0.0589,0.0301,0
TX-108662,CUST-1970,RECIP-6960,5.05,1,5,685,1080,0,4,328.49,1,18.3,0,0,0.0087,0.4076,0
TX-108663,CUST-2409,RECIP-5212,153.74,14,4,2387,10,1,0,173.61,1,14.7,0,0,0.1697,0.3819,0
TX-108664,CUST-1484,RECIP-9402,105.84,20,0,442,6,1,0,29.48,0,9.2,0,0,0.0598,0.1407,0
TX-108665,CUST-1101,RECIP-6702,221.78,1,5,2271,1866,0,3,50.85,1,0.6,0,0,0.088,0.1093,0
TX-108666,CUST-2313,RECIP-5107,17.22,15,2,1021,23,1,0,61.04,0,29.1,0,0,0.2574,0.2405,0
TX-108667,CUST-1711,RECIP-7757,24.86,0,2,499,1402,0,1,44.24,3,5.6,0,1,0.1364,0.0186,0
TX-108668,CUST-1040,RECIP-6688,678.2,20,1,1499,1596,0,3,77.7,0,524.8,0,0,0.1114,0.0685,0
TX-108669,CUST-2260,RECIP-7955,184.78,1,5,1667,195,0,4,92.24,0,0.7,0,0,0.3517,0.0931,0
TX-108670,CUST-2018,RECIP-5730,128.81,10,4,894,673,0,6,83.68,0,4.4,1,0,0.3415,0.0937,0
TX-108671,CUST-1105,RECIP-8727,49.71,2,1,1988,1773,0,4,50.52,2,2.0,0,0,0.0122,0.1563,0
TX-108672,CUST-1388,RECIP-6890,29.55,9,2,187,5,1,0,228.12,1,4.4,0,1,0.3225,0.0539,0
TX-108673,CUST-1027,RECIP-6893,41.11,10,5,331,426,0,6,86.7,2,30.0,0,0,0.2096,0.0206,0
TX-108674,CUST-2432,RECIP-8616,41.41,12,6,1565,27,1,0,34.14,6,1130.2,1,0,0.2253,0.0684,0
TX-108675,CUST-1037,RECIP-7467,193.03,19,6,1456,567,0,4,71.11,1,596.4,0,0,0.0995,0.3711,0
TX-108676,CUST-2193,RECIP-5006,128.27,23,0,1756,1672,0,1,65.32,0,18.2,0,0,0.2412,0.1604,0
TX-108677,CUST-1766,RECIP-7603,34.03,8,6,2130,12,1,0,25.34,1,16.0,0,0,0.3848,0.0445,0
TX-108678,CUST-1874,RECIP-7906,250.07,22,3,2327,1552,0,4,74.55,1,5.8,0,0,0.2451,0.1024,0
TX-108679,CUST-2217,RECIP-6404,5.0,10,5,1281,1438,0,5,260.34,1,1.6,0,1,0.9765,0.1902,0
TX-108680,CUST-2342,RECIP-5813,5.0,2,2,1268,349,0,4,82.21,2,1906.4,0,0,0.0776,0.4033,0
TX-108681,CUST-1191,RECIP-5242,209.8,14,4,2311,8,1,0,86.47,0,21.6,1,2,0.3549,0.0207,1
TX-108682,CUST-1026,RECIP-8808,597.08,17,1,2403,392,0,3,150.12,0,26.9,0,0,0.0646,0.0952,0
TX-108683,CUST-1186,RECIP-5019,5.0,7,3,148,36,1,0,63.57,0,11.8,0,0,0.2531,0.0362,0
TX-108684,CUST-2023,RECIP-7625,52.45,14,1,1279,38,1,0,43.84,2,4.5,0,2,0.2208,0.0429,0
TX-108685,CUST-1852,RECIP-8762,646.42,10,2,2300,543,0,5,168.24,2,5.3,1,0,0.0792,0.1418,0
TX-108686,CUST-1125,RECIP-6584,15.45,3,2,156,1412,0,3,97.91,2,2.0,0,0,0.2258,0.1018,0
TX-108687,CUST-1351,RECIP-5901,254.17,9,6,2443,729,0,2,27.49,1,10.3,0,0,0.0454,0.2925,0
TX-108688,CUST-1805,RECIP-8217,62.19,10,4,1880,1419,0,2,135.14,0,19.0,0,0,0.0711,0.2056,0
TX-108689,CUST-2095,RECIP-7836,263.81,8,4,415,836,0,4,126.09,0,9.0,0,0,0.0443,0.2067,0
TX-108690,CUST-1515,RECIP-5067,4068.97,21,1,1612,913,0,6,26.77,0,5.7,0,0,0.0863,0.1135,0
TX-108691,CUST-2424,RECIP-7596,136.02,9,3,1094,203,0,5,16.54,1,0.7,1,0,0.1284,0.1054,0
TX-108692,CUST-2488,RECIP-5001,34.92,15,3,855,960,0,4,60.26,1,6.9,0,0,0.0264,0.2525,0
TX-108693,CUST-2149,RECIP-6798,30.49,0,5,1563,1370,0,6,669.19,1,7.0,0,0,0.8191,0.0767,0
TX-108694,CUST-1681,RECIP-6368,277.29,7,1,1845,30,1,0,590.48,0,17.0,0,0,0.0904,0.0164,0
TX-108695,CUST-2315,RECIP-8750,14.23,21,0,2236,1789,0,3,309.43,1,7.0,0,0,0.5141,0.0612,0
TX-108696,CUST-2091,RECIP-9397,204.58,21,3,1061,44,1,0,56.44,0,1974.6,1,1,0.5159,0.1569,1
TX-108697,CUST-1779,RECIP-8142,10.97,23,5,424,1979,0,4,53.34,2,11.4,0,0,0.1487,0.0859,0
TX-108698,CUST-1665,RECIP-8304,464.02,1,5,2163,26,1,0,37.54,0,6.3,0,0,0.1878,0.11,1
TX-108699,CUST-2248,RECIP-5102,37.3,20,5,855,1608,0,3,39.35,3,0.8,1,0,0.252,0.1511,0
TX-108700,CUST-1835,RECIP-5287,68.03,6,2,1905,348,0,6,158.33,1,18.3,0,0,0.1134,0.0188,0
TX-108701,CUST-1274,RECIP-8495,46.87,0,1,2000,453,0,6,365.52,4,16.5,0,1,0.2275,0.1344,0
TX-108702,CUST-2499,RECIP-6927,580.55,2,4,174,1200,0,1,82.33,2,1.2,0,0,0.4425,0.0103,0
TX-108703,CUST-1102,RECIP-7281,161.28,18,0,1042,1051,0,4,65.96,3,1237.2,0,0,0.1424,0.2719,0
TX-108704,CUST-2042,RECIP-8113,287.62,14,6,239,1017,0,0,49.73,1,2.6,0,0,0.0932,0.1697,0
TX-108705,CUST-1983,RECIP-6561,50.38,13,4,1524,3,1,0,84.54,2,18.8,0,0,0.3693,0.1903,0
TX-108706,CUST-1879,RECIP-8068,197.82,21,3,1993,984,0,2,52.11,0,19.0,0,1,0.7813,0.1287,0
TX-108707,CUST-1077,RECIP-8270,209.47,2,1,1413,189,0,4,34.57,1,6.5,1,0,0.0124,0.0895,0
TX-108708,CUST-1738,RECIP-6081,96.6,1,1,829,40,1,0,113.89,0,1.3,1,0,0.1389,0.1034,0
TX-108709,CUST-2338,RECIP-8087,116.36,22,6,2433,502,0,2,54.4,1,29.2,0,0,0.0547,0.0621,0
TX-108710,CUST-1359,RECIP-5762,125.81,14,0,241,2,1,0,67.07,1,35.3,0,0,0.2223,0.0105,0
TX-108711,CUST-2037,RECIP-6397,119.44,18,0,379,573,0,5,100.56,1,42.3,0,1,0.3629,0.0272,0
TX-108712,CUST-2288,RECIP-8510,218.07,12,2,934,61,0,2,21.06,2,3.1,0,0,0.0413,0.0384,0
TX-108713,CUST-2428,RECIP-9423,34.9,3,1,2372,18,1,0,31.53,4,14.5,0,0,0.4224,0.0489,0
TX-108714,CUST-1774,RECIP-5290,5.0,12,4,2239,961,0,3,109.76,1,11.8,0,0,0.0082,0.1327,0
TX-108715,CUST-1470,RECIP-7919,41.66,23,0,1423,1905,0,5,41.56,1,15.7,0,0,0.017,0.0865,0
TX-108716,CUST-2049,RECIP-7563,43.45,2,5,2381,181,0,10,103.15,0,7.8,0,0,0.0321,0.1672,0
TX-108717,CUST-1729,RECIP-7726,117.96,3,5,2263,996,0,6,57.37,0,23.7,0,0,0.1249,0.2169,0
TX-108718,CUST-1940,RECIP-8540,99.22,8,1,1479,1835,0,3,122.66,1,44.1,0,0,0.1014,0.0332,0
TX-108719,CUST-2112,RECIP-5314,46.9,10,4,321,1153,0,6,29.94,1,3.3,0,0,0.0644,0.0875,0
TX-108720,CUST-2065,RECIP-8326,11.21,15,4,2251,759,0,2,53.39,0,13.9,0,0,0.4191,0.0926,0
TX-108721,CUST-1364,RECIP-6256,45.21,3,5,1614,1301,0,4,331.27,2,2.4,0,0,0.0331,0.195,0
TX-108722,CUST-2133,RECIP-5694,130.61,22,5,378,586,0,2,131.16,0,7.9,0,1,0.1632,0.1575,0
TX-108723,CUST-1812,RECIP-7011,347.66,3,6,2105,8,1,0,199.4,0,2.2,0,0,0.3484,0.0713,0
TX-108724,CUST-2396,RECIP-5121,40.94,4,0,1015,1349,0,4,100.13,2,14.7,0,2,0.2522,0.2133,0
TX-108725,CUST-1989,RECIP-7837,80.65,23,4,1973,38,1,0,38.34,0,23.5,0,0,0.1773,0.1452,0
TX-108726,CUST-2337,RECIP-7543,65.17,9,5,676,207,0,2,57.12,1,3.0,1,0,0.0895,0.0452,0
TX-108727,CUST-2468,RECIP-7307,27.17,13,1,54,1274,0,2,60.87,2,7.9,0,0,0.2324,0.0344,0
TX-108728,CUST-2491,RECIP-5137,1038.46,10,1,1150,1801,0,2,61.02,2,18.9,0,0,0.3225,0.1817,0
TX-108729,CUST-2117,RECIP-8433,135.27,6,0,1146,1855,0,3,265.5,0,1390.9,0,0,0.08,0.2427,0
TX-108730,CUST-1895,RECIP-5158,1549.31,12,6,2163,5,1,0,83.87,1,20.6,0,0,0.1759,0.0039,1
TX-108731,CUST-1177,RECIP-6181,24.61,18,6,314,1881,0,2,35.01,1,4.3,0,0,0.1534,0.0451,0
TX-108732,CUST-1579,RECIP-6781,75.18,0,0,2285,1642,0,3,59.66,2,1979.9,1,0,0.5673,0.1781,0
TX-108733,CUST-1713,RECIP-8159,96.5,21,1,407,802,0,6,134.77,1,22.3,0,0,0.2016,0.0669,0
TX-108734,CUST-2170,RECIP-6834,36.55,4,3,2338,28,1,0,31.9,1,4.6,0,0,0.0636,0.0575,0
TX-108735,CUST-1883,RECIP-8674,321.37,22,6,1774,276,0,4,224.95,2,29.3,0,0,0.9092,0.0804,0
TX-108736,CUST-1658,RECIP-9204,59.05,23,5,919,1785,0,4,295.95,1,0.3,0,0,0.1965,0.0366,0
TX-108737,CUST-1219,RECIP-8442,41.77,22,6,2392,1853,0,9,52.78,0,22.3,0,1,0.0098,0.1435,0
TX-108738,CUST-2073,RECIP-5175,236.75,15,5,917,1153,0,3,147.55,0,8.0,0,0,0.2975,0.1549,0
TX-108739,CUST-1647,RECIP-8468,29.86,21,4,1596,1846,0,9,202.07,1,867.3,0,0,0.0793,0.5779,0
TX-108740,CUST-1054,RECIP-5927,119.57,20,2,69,41,1,0,46.19,1,3.5,0,2,0.2242,0.0598,0
TX-108741,CUST-1426,RECIP-8998,34.23,15,4,282,19,1,0,72.49,2,22.2,0,1,0.2479,0.2422,0
TX-108742,CUST-2319,RECIP-9403,61.25,21,3,902,14,1,0,80.84,1,2183.4,0,0,0.5558,0.0427,0
TX-108743,CUST-1178,RECIP-5378,88.46,8,6,632,217,0,6,131.29,0,6.8,0,1,0.7883,0.3527,0
TX-108744,CUST-1609,RECIP-5443,173.56,20,3,591,522,0,5,296.57,0,22.3,0,0,0.4199,0.1845,0
TX-108745,CUST-1768,RECIP-8137,1104.3,22,5,965,419,0,4,81.33,1,10.0,0,0,0.2042,0.3296,0
TX-108746,CUST-1125,RECIP-5644,48.55,15,1,1533,945,0,4,31.5,0,13.5,1,0,0.0366,0.0402,0
TX-108747,CUST-1248,RECIP-9359,137.06,2,4,339,1314,0,2,26.2,0,21.3,1,0,0.0556,0.1404,0
TX-108748,CUST-2410,RECIP-7431,33.19,5,3,1887,447,0,4,55.37,1,11.0,0,0,0.0927,0.3122,0
TX-108749,CUST-1885,RECIP-7581,291.98,4,3,2124,647,0,2,79.42,5,1.5,0,0,0.5247,0.0479,0
TX-108750,CUST-1315,RECIP-8871,2073.23,12,5,2094,1491,0,4,241.08,2,5.4,0,0,0.0676,0.2752,0
TX-108751,CUST-1254,RECIP-5977,97.31,10,3,510,20,1,0,26.66,0,3.8,0,0,0.1022,0.1419,0
TX-108752,CUST-1638,RECIP-7501,160.47,19,0,2204,707,0,7,85.52,0,21.9,0,2,0.176,0.1168,0
TX-108753,CUST-2085,RECIP-9494,23.65,6,2,349,1611,0,4,297.6,3,6.3,0,1,0.0118,0.1568,0
TX-108754,CUST-2095,RECIP-5099,82.98,3,6,294,827,0,1,131.91,4,5.5,0,0,0.1766,0.2024,0
TX-108755,CUST-1292,RECIP-5786,188.72,14,6,1822,533,0,1,38.66,1,6.4,0,0,0.1581,0.1662,0
TX-108756,CUST-2088,RECIP-5657,140.63,3,4,1908,1616,0,3,111.2,1,8.5,0,0,0.2959,0.2909,0
TX-108757,CUST-2344,RECIP-6510,41.26,21,4,343,1923,0,2,93.7,0,35.4,1,1,0.473,0.1515,0
TX-108758,CUST-1339,RECIP-5584,51.15,1,1,1056,31,1,0,247.19,3,0.9,0,0,0.3174,0.2794,0
TX-108759,CUST-1039,RECIP-5774,65.47,11,5,1043,910,0,1,166.95,1,1180.4,0,0,0.2678,0.0178,0
TX-108760,CUST-2438,RECIP-8837,65.51,22,4,1815,40,1,0,118.62,0,5.6,0,0,0.0505,0.2267,0
TX-108761,CUST-1782,RECIP-7090,525.39,13,0,1303,879,0,1,146.22,1,16.4,0,0,0.7322,0.1682,1
TX-108762,CUST-2164,RECIP-6611,320.08,19,6,1513,1545,0,3,98.88,2,1.7,0,0,0.0604,0.0846,0
TX-108763,CUST-1480,RECIP-6884,242.73,10,5,228,1890,0,2,53.9,1,4.9,0,0,0.4546,0.0984,0
TX-108764,CUST-1448,RECIP-9367,22.53,18,0,2442,193,0,4,164.39,1,3.4,0,0,0.3452,0.2087,0
TX-108765,CUST-1337,RECIP-7210,854.42,16,2,1402,293,0,2,57.69,1,0.6,0,0,0.8028,0.0108,0
TX-108766,CUST-1325,RECIP-7110,221.71,12,5,1681,24,1,0,125.2,0,34.5,1,0,0.0762,0.1483,0
TX-108767,CUST-1707,RECIP-9175,49.0,2,5,1216,282,0,4,161.4,0,12.8,0,0,0.708,0.083,0
TX-108768,CUST-1158,RECIP-5167,70.14,23,1,638,41,1,0,37.3,2,2.9,0,0,0.3346,0.1524,0
TX-108769,CUST-2263,RECIP-7152,308.31,1,0,1680,18,1,0,80.64,1,25.4,0,1,0.2567,0.0583,1
TX-108770,CUST-1766,RECIP-8367,24.9,8,6,742,549,0,5,306.38,1,33.8,1,2,0.3416,0.1819,0
TX-108771,CUST-2372,RECIP-7315,13.15,15,6,571,1198,0,4,259.36,2,35.9,1,1,0.1342,0.0325,0
TX-108772,CUST-1753,RECIP-8907,45.74,18,5,1394,1898,0,3,131.61,1,11.9,0,0,0.3782,0.023,0
TX-108773,CUST-1454,RECIP-8990,250.45,12,4,910,1045,0,3,83.17,3,19.2,0,0,0.1151,0.2694,0
TX-108774,CUST-1772,RECIP-6513,14.9,9,4,2239,1044,0,3,77.59,2,60.5,0,0,0.083,0.0694,0
TX-108775,CUST-1231,RECIP-8679,75.69,9,3,1659,28,1,0,57.55,2,12.2,0,0,0.0866,0.0292,0
TX-108776,CUST-2236,RECIP-6097,60.31,23,4,952,5,1,0,90.16,0,4.0,0,0,0.1625,0.1227,0
TX-108777,CUST-2080,RECIP-6078,51.1,8,2,117,1986,0,7,250.33,0,19.9,0,0,0.6852,0.3449,0
TX-108778,CUST-1220,RECIP-9398,60.76,20,0,872,1852,0,2,59.24,2,13.4,0,0,0.527,0.1355,0
TX-108779,CUST-1872,RECIP-5058,194.38,1,2,316,139,0,5,36.53,0,11.8,0,0,0.0855,0.197,0
TX-108780,CUST-1806,RECIP-6589,33.85,15,2,571,25,1,0,197.69,0,34.8,1,0,0.1315,0.1458,1
TX-108781,CUST-1301,RECIP-7832,427.19,16,2,730,381,0,3,72.1,2,16.1,0,0,0.1532,0.0613,0
TX-108782,CUST-1183,RECIP-6860,149.53,16,3,1641,43,1,0,45.27,0,12.2,0,0,0.2873,0.0884,0
TX-108783,CUST-2140,RECIP-8801,256.11,10,0,292,1134,0,2,97.11,0,24.1,0,0,0.0081,0.2087,0
TX-108784,CUST-1396,RECIP-6132,2118.78,16,2,430,1557,0,5,73.74,0,6.4,0,0,0.1097,0.0302,0
TX-108785,CUST-1778,RECIP-7487,361.95,10,3,127,1903,0,1,98.49,1,0.4,0,0,0.4057,0.0842,0
TX-108786,CUST-1371,RECIP-5563,47.99,14,1,2295,954,0,3,136.67,1,938.5,0,0,0.3868,0.1235,0
TX-108787,CUST-1980,RECIP-5950,316.2,21,3,2468,22,1,0,123.37,1,1.6,0,0,0.1782,0.311,0
TX-108788,CUST-1073,RECIP-5781,38.21,16,4,766,807,0,3,132.24,1,3.5,0,1,0.0394,0.0857,0
TX-108789,CUST-1539,RECIP-8336,15.95,17,2,1155,772,0,5,103.91,3,7.8,0,0,0.2626,0.2263,0
TX-108790,CUST-1820,RECIP-5912,559.81,23,0,773,628,0,2,24.65,2,7.9,0,0,0.1199,0.0958,0
TX-108791,CUST-1658,RECIP-8012,93.28,5,4,1348,508,0,0,99.53,2,2293.8,0,0,0.16,0.0441,0
TX-108792,CUST-1918,RECIP-6555,112.46,14,4,1391,1434,0,1,35.49,1,3.2,0,0,0.1016,0.0471,0
TX-108793,CUST-1270,RECIP-7542,46.38,15,2,659,31,1,0,54.4,2,38.7,0,0,0.9532,0.1283,1
TX-108794,CUST-1662,RECIP-8932,31.39,16,0,1622,40,1,0,55.01,1,8.5,0,0,0.1161,0.1852,0
TX-108795,CUST-2134,RECIP-8885,88.04,3,0,48,358,0,6,143.32,0,5.3,0,0,0.1445,0.1882,0
TX-108796,CUST-1500,RECIP-5050,924.44,18,0,1621,1356,0,4,24.41,2,13.9,0,0,0.0516,0.3908,0
TX-108797,CUST-1235,RECIP-8529,331.95,4,5,1884,1155,0,2,80.37,1,15.2,0,0,0.0511,0.1271,0
TX-108798,CUST-2271,RECIP-9300,288.43,9,2,160,27,1,0,86.85,0,1.0,0,0,0.2532,0.3788,0
TX-108799,CUST-2167,RECIP-8005,907.76,17,2,1817,104,0,3,166.73,0,4.3,0,0,0.968,0.3088,1
TX-108800,CUST-2020,RECIP-5842,76.71,6,4,1851,1565,0,5,100.42,1,1285.1,0,0,0.0879,0.056,0
TX-108801,CUST-2197,RECIP-7991,98.1,3,4,2432,39,1,0,140.35,0,24.2,0,0,0.1845,0.1852,0
TX-108802,CUST-2168,RECIP-7862,64.29,16,0,2021,515,0,4,101.6,1,3.0,0,1,0.1744,0.1426,0
TX-108803,CUST-2119,RECIP-7979,48.37,6,6,82,821,0,2,336.2,2,668.7,1,0,0.2737,0.1098,0
TX-108804,CUST-1764,RECIP-6929,49.69,19,1,231,29,1,0,67.36,1,10.0,0,0,0.0369,0.0763,0
TX-108805,CUST-1029,RECIP-7363,6.47,21,5,368,20,1,0,536.08,2,468.9,0,0,0.1816,0.2124,0
TX-108806,CUST-1895,RECIP-7933,54.22,8,5,1466,1333,0,6,61.56,1,1.6,0,0,0.0367,0.1009,0
TX-108807,CUST-1409,RECIP-7087,39.21,17,3,1788,215,0,7,167.75,0,22.1,0,3,0.0903,0.1374,0
TX-108808,CUST-2159,RECIP-8481,97.42,5,1,1655,35,1,0,293.78,2,60.5,0,0,0.2454,0.2348,0
TX-108809,CUST-1702,RECIP-8193,1341.16,22,3,845,16,1,0,81.44,2,17.2,0,0,0.4705,0.188,0
TX-108810,CUST-2357,RECIP-6364,148.2,5,1,526,379,0,2,88.77,0,3.9,0,0,0.1662,0.0598,0
TX-108811,CUST-1893,RECIP-7747,122.18,21,5,187,238,0,4,34.22,2,7.8,0,0,0.5685,0.0276,0
TX-108812,CUST-1825,RECIP-8404,56.43,18,5,953,1264,0,9,1193.82,1,42.1,0,0,0.9052,0.1658,0
TX-108813,CUST-2378,RECIP-7204,176.7,7,5,773,12,1,0,80.51,0,698.7,1,0,0.1529,0.172,1
TX-108814,CUST-1712,RECIP-8217,91.76,19,5,780,1936,0,2,275.12,2,8.7,0,0,0.2263,0.1585,0
TX-108815,CUST-1563,RECIP-5569,35.88,15,1,246,1464,0,2,55.88,1,8.7,0,1,0.253,0.0521,0
TX-108816,CUST-1557,RECIP-6738,146.55,16,0,749,1577,0,7,33.36,0,4.3,0,0,0.1137,0.1447,0
TX-108817,CUST-2312,RECIP-8158,31.44,9,4,2098,309,0,8,59.41,1,8.5,0,0,0.3446,0.2651,0
TX-108818,CUST-2134,RECIP-9027,60.72,5,4,624,71,0,7,109.92,1,2.1,0,0,0.3249,0.1777,0
TX-108819,CUST-1245,RECIP-7906,73.69,16,6,2196,673,0,3,105.17,2,16.8,0,1,0.1223,0.1299,0
TX-108820,CUST-1738,RECIP-7986,66.64,1,4,243,762,0,3,58.87,1,17.8,0,1,0.0387,0.3041,0
TX-108821,CUST-1556,RECIP-6540,531.09,8,5,1603,906,0,6,68.71,2,4.1,0,0,0.231,0.0252,0
TX-108822,CUST-1970,RECIP-8154,265.05,3,2,296,1350,0,2,107.56,2,3.9,1,1,0.0813,0.3606,0
TX-108823,CUST-1078,RECIP-6603,24.92,0,0,982,251,0,5,53.61,0,33.6,0,0,0.0666,0.1487,0
TX-108824,CUST-2071,RECIP-5234,31.75,0,0,2385,261,0,3,68.05,0,4.4,0,0,0.3105,0.12,0
TX-108825,CUST-2113,RECIP-6110,117.46,2,3,1928,1689,0,4,42.99,2,2874.0,0,0,0.5037,0.0947,0
TX-108826,CUST-1339,RECIP-7750,6101.95,22,0,1298,1183,0,5,175.46,0,2.8,0,0,0.0737,0.048,0
TX-108827,CUST-1225,RECIP-9328,61.9,18,3,1590,764,0,3,36.22,1,24.4,0,0,0.3768,0.0731,0
TX-108828,CUST-1941,RECIP-7231,20.77,23,2,1661,1676,0,4,77.4,2,9.5,0,0,0.0512,0.2754,0
TX-108829,CUST-1385,RECIP-8870,117.92,2,1,1986,36,1,0,145.7,1,20.7,0,0,0.0943,0.1614,0
TX-108830,CUST-2412,RECIP-8501,63.27,23,4,1494,1685,0,2,154.32,1,4.3,0,0,0.0347,0.1156,0
TX-108831,CUST-2162,RECIP-7524,832.51,14,4,1291,1305,0,0,41.7,0,9.9,0,0,0.1429,0.3221,0
TX-108832,CUST-2432,RECIP-8619,36.39,19,0,217,40,1,0,176.47,1,36.9,0,0,0.9697,0.2624,1
TX-108833,CUST-1802,RECIP-6807,29.76,20,3,2397,36,1,0,139.83,1,1.7,0,0,0.9076,0.3213,0
TX-108834,CUST-2407,RECIP-6992,54.89,6,6,1428,34,1,0,162.35,2,447.8,0,0,0.0503,0.1535,0
TX-108835,CUST-1020,RECIP-8315,30.29,17,2,746,1499,0,2,90.67,2,31.7,0,0,0.394,0.1433,0
TX-108836,CUST-1434,RECIP-7874,135.1,15,5,363,32,1,0,138.33,2,0.9,0,0,0.2441,0.0418,0
TX-108837,CUST-1003,RECIP-7374,67.94,9,2,1522,36,1,0,155.29,2,2864.5,0,1,0.1024,0.1935,0
TX-108838,CUST-2016,RECIP-6949,272.4,11,1,1962,43,1,0,637.0,0,36.2,0,0,0.3234,0.2091,1
TX-108839,CUST-1765,RECIP-9391,1518.65,5,5,2025,39,1,0,27.31,1,3.8,0,0,0.2767,0.1612,0
TX-108840,CUST-1431,RECIP-5295,65.49,4,2,2218,122,0,6,135.2,2,25.4,0,0,0.094,0.1802,0
TX-108841,CUST-1457,RECIP-5248,20.55,22,6,2237,923,0,2,171.39,1,12.2,0,0,0.3781,0.0105,0
TX-108842,CUST-1965,RECIP-7155,53.16,17,4,1568,37,1,0,124.17,0,2.3,0,0,0.0167,0.17,0
TX-108843,CUST-1270,RECIP-5154,39.15,13,5,2368,240,0,6,212.38,0,2.5,1,1,0.7019,0.5053,0
TX-108844,CUST-1771,RECIP-6534,190.74,16,5,213,958,0,2,204.15,0,2.1,0,0,0.0305,0.0783,0
TX-108845,CUST-1920,RECIP-7558,167.18,9,6,1005,820,0,1,130.13,2,19.9,0,0,0.1254,0.0591,0
TX-108846,CUST-1359,RECIP-6823,168.71,5,3,1225,307,0,7,92.29,3,8.1,0,2,0.0399,0.0813,0
TX-108847,CUST-1342,RECIP-5914,80.39,22,6,1757,1956,0,5,21.25,2,25.4,0,0,0.21,0.3424,0
TX-108848,CUST-1531,RECIP-6281,63.34,23,0,768,22,1,0,507.36,1,8.2,0,0,0.0138,0.2886,0
TX-108849,CUST-1888,RECIP-7719,255.3,5,3,746,13,1,0,17.68,1,4.3,0,0,0.4112,0.1178,1
TX-108850,CUST-1381,RECIP-9281,304.56,19,2,2261,1625,0,4,164.03,2,32.2,0,3,0.2946,0.4783,0
TX-108851,CUST-1568,RECIP-8516,681.37,10,0,1633,1427,0,5,133.91,0,614.7,0,3,0.0879,0.1023,0
TX-108852,CUST-1815,RECIP-7463,295.72,16,6,1598,3,1,0,38.34,0,11.8,0,0,0.2025,0.0022,1
TX-108853,CUST-1280,RECIP-5621,114.66,2,5,485,25,1,0,566.08,2,2.9,0,0,0.2954,0.1505,0
TX-108854,CUST-1853,RECIP-6091,34.07,11,5,1265,1831,0,7,204.69,1,2.3,0,0,0.1282,0.0835,0
TX-108855,CUST-1207,RECIP-6982,2326.68,2,4,1070,22,1,0,130.88,1,14.2,0,1,0.2931,0.2366,0
TX-108856,CUST-1213,RECIP-6110,91.73,19,4,1562,1302,0,3,39.36,0,0.2,0,0,0.0583,0.0482,0
TX-108857,CUST-1355,RECIP-8099,1304.63,9,2,2302,250,0,3,331.69,0,2654.9,0,0,0.0125,0.2724,0
TX-108858,CUST-1429,RECIP-6647,92.24,6,4,717,37,1,0,349.14,0,64.0,0,0,0.0855,0.0514,0
TX-108859,CUST-1044,RECIP-8752,8.7,16,6,2032,261,0,6,118.19,1,36.1,0,0,0.0355,0.221,0
TX-108860,CUST-2442,RECIP-6210,240.9,22,1,1595,4,1,0,417.61,1,14.6,0,2,0.886,0.1902,0
TX-108861,CUST-1462,RECIP-7233,42.91,8,2,1256,640,0,5,123.32,3,30.1,0,0,0.2003,0.0444,0
TX-108862,CUST-2206,RECIP-8215,128.75,17,0,2376,34,1,0,140.62,3,11.0,0,0,0.1866,0.0544,0
TX-108863,CUST-2352,RECIP-5927,146.01,16,6,392,1923,0,2,99.9,0,2862.9,0,0,0.0945,0.2094,0
TX-108864,CUST-2200,RECIP-8426,58.09,11,3,1705,136,0,3,183.63,0,5.6,1,0,0.1331,0.3955,0
TX-108865,CUST-2247,RECIP-7636,245.71,19,4,1014,1,1,0,158.37,1,16.3,0,0,0.0024,0.104,0
TX-108866,CUST-1150,RECIP-7914,808.17,3,1,1714,13,1,0,69.47,2,608.1,1,0,0.2853,0.2542,1
TX-108867,CUST-1558,RECIP-7045,70.33,21,0,372,298,0,4,43.72,0,10.4,0,1,0.3215,0.0272,1
TX-108868,CUST-2119,RECIP-9207,60.42,9,5,1848,872,0,3,88.27,1,3140.1,0,0,0.0435,0.0185,0
TX-108869,CUST-1863,RECIP-8473,87.87,1,6,199,196,0,3,176.54,1,3.2,1,0,0.1683,0.0572,0
TX-108870,CUST-1008,RECIP-5864,166.39,23,2,891,39,1,0,89.38,0,8.3,0,0,0.6154,0.1095,0
TX-108871,CUST-1851,RECIP-7500,44.56,18,5,2269,1943,0,2,50.48,2,753.3,0,0,0.2304,0.1432,0
TX-108872,CUST-2206,RECIP-9064,388.17,19,4,1592,28,1,0,96.04,0,3.0,0,0,0.2034,0.1823,0
TX-108873,CUST-2243,RECIP-6257,84.46,3,4,1243,5,1,0,41.99,0,3.6,0,0,0.0448,0.1055,0
TX-108874,CUST-1575,RECIP-7414,41.74,18,1,847,1796,0,2,66.81,1,2.5,0,2,0.0739,0.1717,0
TX-108875,CUST-1354,RECIP-8394,44.92,16,4,250,584,0,4,25.85,4,2.0,0,0,0.0005,0.102,0
TX-108876,CUST-1464,RECIP-6229,160.09,21,1,304,599,0,4,110.66,4,33.9,0,0,0.1233,0.2321,0
TX-108877,CUST-1444,RECIP-7329,40.37,8,1,1800,12,1,0,181.92,1,1.8,0,0,0.4303,0.0472,0
TX-108878,CUST-1519,RECIP-7488,121.93,22,2,707,27,1,0,103.34,2,1.8,0,0,0.1457,0.2839,0
TX-108879,CUST-1452,RECIP-5798,30.11,16,1,213,1136,0,4,135.9,3,7.5,0,0,0.0479,0.1243,0
TX-108880,CUST-1685,RECIP-5799,105.45,6,6,1112,1705,0,1,113.41,2,1.1,0,0,0.1787,0.2315,0
TX-108881,CUST-1061,RECIP-7533,37.46,5,0,1008,499,0,2,143.77,2,27.6,0,0,0.0003,0.1072,0
TX-108882,CUST-1412,RECIP-5804,81.2,21,6,2396,1605,0,2,157.41,2,24.8,0,0,0.1689,0.4282,0
TX-108883,CUST-1472,RECIP-9267,412.44,15,1,598,1349,0,0,159.91,1,48.4,0,3,0.1589,0.2568,0
TX-108884,CUST-1230,RECIP-7357,38.58,2,6,690,1167,0,4,237.94,1,3.4,0,0,0.1606,0.1965,0
TX-108885,CUST-2316,RECIP-8174,32.99,3,2,436,780,0,6,29.83,2,16.8,0,0,0.0229,0.1405,0
TX-108886,CUST-2013,RECIP-6785,119.86,19,6,494,293,0,4,179.36,3,1.0,0,0,0.4518,0.0318,0
TX-108887,CUST-2367,RECIP-6344,517.24,4,3,1347,1188,0,2,84.44,1,6.2,0,0,0.0851,0.2123,0
TX-108888,CUST-1842,RECIP-7189,2203.18,5,3,580,1617,0,3,69.65,1,29.7,0,0,0.2597,0.1037,0
TX-108889,CUST-1164,RECIP-8198,16.5,14,0,1807,15,1,0,23.33,1,25.6,0,0,0.4538,0.1112,1
TX-108890,CUST-2356,RECIP-6789,90.23,20,3,2049,33,1,0,30.28,4,17.2,0,0,0.2933,0.2466,1
TX-108891,CUST-1687,RECIP-6271,1544.67,8,3,1233,1767,0,4,68.25,1,18.7,0,0,0.0489,0.0831,0
TX-108892,CUST-2026,RECIP-5647,125.24,15,6,621,1735,0,5,53.35,0,4.3,0,0,0.0494,0.2622,0
TX-108893,CUST-1572,RECIP-7442,124.15,16,1,2057,1215,0,4,209.93,1,10.1,0,0,0.0551,0.1114,0
TX-108894,CUST-1741,RECIP-8058,16.52,14,0,2416,949,0,2,172.88,0,21.9,0,0,0.1379,0.1758,1
TX-108895,CUST-1734,RECIP-7369,61.02,16,1,2295,68,0,0,307.16,3,27.7,0,0,0.2225,0.1936,0
TX-108896,CUST-1427,RECIP-6147,98.43,5,1,2302,17,1,0,88.68,1,5.6,0,0,0.1678,0.0204,0
TX-108897,CUST-1832,RECIP-6113,8.96,14,6,2023,1144,0,3,162.54,1,17.9,0,0,0.195,0.3618,0
TX-108898,CUST-2100,RECIP-6696,249.53,0,1,1853,11,1,0,30.54,0,2.0,0,1,0.314,0.1719,0
TX-108899,CUST-1030,RECIP-6565,374.54,17,6,2392,762,0,1,597.74,3,8.2,0,0,0.2727,0.0336,0
TX-108900,CUST-1196,RECIP-5916,353.58,19,0,868,16,1,0,382.69,3,37.0,0,0,0.9178,0.1125,1
TX-108901,CUST-2263,RECIP-9239,11.08,19,5,2324,40,1,0,53.44,3,37.2,0,0,0.1272,0.1381,0
TX-108902,CUST-1854,RECIP-6483,175.09,0,2,80,1295,0,1,330.64,0,2.8,0,1,0.3795,0.0302,0
TX-108903,CUST-2460,RECIP-6127,251.0,21,0,2086,11,1,0,41.99,2,32.8,0,1,0.5071,0.0836,0
TX-108904,CUST-1907,RECIP-7729,26.54,10,4,855,19,1,0,60.02,2,12.6,0,0,0.0196,0.1288,0
TX-108905,CUST-1980,RECIP-8604,222.8,1,5,752,707,0,5,100.2,3,38.1,0,0,0.1484,0.2569,0
TX-108906,CUST-2348,RECIP-7091,73.35,12,5,1698,1539,0,4,51.55,4,10.0,0,4,0.162,0.204,0
TX-108907,CUST-1990,RECIP-8003,26.42,13,1,460,1543,0,4,156.66,2,3060.2,0,0,0.3357,0.0882,0
TX-108908,CUST-1494,RECIP-5427,27.75,9,4,2484,1513,0,6,233.47,3,17.4,0,0,0.1881,0.1893,0
TX-108909,CUST-1791,RECIP-7396,78.44,17,3,1825,496,0,3,34.31,1,33.8,0,0,0.022,0.1903,0
TX-108910,CUST-1353,RECIP-5299,105.35,13,3,77,26,1,0,108.73,1,3.0,0,1,0.4558,0.2016,0
TX-108911,CUST-1501,RECIP-5618,189.69,5,6,2118,667,0,3,47.34,2,30.4,0,0,0.883,0.0326,0
TX-108912,CUST-2020,RECIP-7663,78.34,14,2,296,1473,0,4,122.25,2,2289.3,0,1,0.4089,0.2829,0
TX-108913,CUST-1223,RECIP-5920,191.0,6,2,2063,1556,0,6,124.42,3,19.2,0,0,0.2921,0.1371,0
TX-108914,CUST-2007,RECIP-5164,113.9,2,3,2037,117,0,2,61.69,2,50.6,0,0,0.0588,0.0245,0
TX-108915,CUST-1876,RECIP-5805,91.98,6,6,1619,1441,0,4,87.96,2,9.8,1,0,0.1409,0.1474,0
TX-108916,CUST-1462,RECIP-8477,21.72,21,6,1513,813,0,5,107.49,2,3140.8,0,0,0.9449,0.0693,0
TX-108917,CUST-1067,RECIP-7640,30.22,13,4,2079,757,0,5,59.55,0,41.5,0,0,0.8917,0.0037,0
TX-108918,CUST-2056,RECIP-6718,100.67,7,0,2130,1045,0,6,28.34,4,19.9,0,0,0.3155,0.0378,0
TX-108919,CUST-2236,RECIP-9380,172.38,8,2,1776,966,0,1,178.01,2,62.1,0,0,0.6791,0.0274,0
TX-108920,CUST-2095,RECIP-6735,349.83,20,0,452,2,1,0,177.03,1,13.7,1,1,0.257,0.1615,0
TX-108921,CUST-1631,RECIP-8947,170.48,15,0,1673,1131,0,3,170.99,0,14.9,0,1,0.8016,0.2456,0
TX-108922,CUST-1980,RECIP-6552,201.65,18,5,527,1661,0,3,47.25,0,29.2,0,0,0.0261,0.1332,0
TX-108923,CUST-1622,RECIP-5113,265.54,14,5,145,1782,0,5,83.56,3,11.4,0,0,0.2491,0.0142,0
TX-108924,CUST-1537,RECIP-5496,72.12,23,0,404,1965,0,3,29.28,1,2.3,1,0,0.1528,0.0978,0
TX-108925,CUST-1490,RECIP-6231,261.51,15,3,1167,2,1,0,475.57,2,2.2,0,0,0.3426,0.1535,0
TX-108926,CUST-1316,RECIP-5839,196.52,9,1,2410,1897,0,6,36.73,0,9.1,0,0,0.7203,0.2276,0
TX-108927,CUST-2454,RECIP-5707,1680.49,6,0,113,1209,0,1,254.38,0,42.6,0,1,0.7195,0.3381,0
TX-108928,CUST-1999,RECIP-6725,116.6,1,2,213,776,0,1,55.58,0,17.6,0,1,0.3736,0.0864,0
TX-108929,CUST-1262,RECIP-9390,159.01,18,0,258,10,1,0,124.84,2,64.8,0,2,0.0108,0.0649,0
TX-108930,CUST-2297,RECIP-5902,112.11,22,5,500,1771,0,4,82.05,1,13.3,0,0,0.0331,0.3461,0
TX-108931,CUST-1226,RECIP-6060,16.91,15,6,1366,650,0,2,74.51,0,8.7,0,0,0.8652,0.0046,0
TX-108932,CUST-1890,RECIP-9478,444.23,11,2,2058,1927,0,4,134.94,1,1.9,0,0,0.1329,0.0101,0
TX-108933,CUST-1248,RECIP-5905,276.62,3,1,147,24,1,0,65.77,1,5.9,0,0,0.1637,0.2116,0
TX-108934,CUST-1541,RECIP-8735,114.43,15,3,2016,506,0,4,29.66,2,14.2,1,0,0.4277,0.1097,0
TX-108935,CUST-1987,RECIP-7793,212.93,4,6,2285,9,1,0,87.85,0,13.7,0,0,0.0656,0.251,0
TX-108936,CUST-2498,RECIP-9174,51.27,14,1,226,531,0,5,229.48,2,9.1,0,0,0.1946,0.0255,0
TX-108937,CUST-2487,RECIP-7502,42.36,7,4,1142,843,0,5,100.72,0,14.3,0,0,0.1953,0.0829,0
TX-108938,CUST-2343,RECIP-7670,58.74,20,0,2042,1095,0,4,49.15,0,6.9,0,0,0.1208,0.5266,0
TX-108939,CUST-1353,RECIP-6016,75.73,22,2,1758,989,0,5,791.47,0,18.1,0,0,0.054,0.2806,0
TX-108940,CUST-1140,RECIP-7587,94.75,5,3,487,285,0,5,100.11,2,31.5,0,0,0.2526,0.0743,0
TX-108941,CUST-2358,RECIP-8016,130.44,7,2,395,371,0,4,52.57,1,21.5,0,1,0.0868,0.1952,0
TX-108942,CUST-2384,RECIP-9440,94.55,22,1,1131,215,0,1,498.29,1,9.8,0,4,0.2073,0.0633,0
TX-108943,CUST-1417,RECIP-5436,22.45,0,5,2123,1243,0,4,27.14,2,7.9,0,0,0.1108,0.0059,0
TX-108944,CUST-1028,RECIP-5705,37.07,12,4,2373,1984,0,4,49.44,0,21.4,1,2,0.1106,0.0491,0
TX-108945,CUST-1971,RECIP-5087,360.02,3,3,1210,1302,0,2,214.05,0,14.4,0,0,0.6798,0.3873,0
TX-108946,CUST-1114,RECIP-8557,10.98,10,2,1338,1143,0,1,48.84,3,19.7,0,0,0.0635,0.5016,0
TX-108947,CUST-1060,RECIP-5370,190.15,0,0,1410,17,1,0,172.09,1,12.9,0,0,0.7293,0.2905,0
TX-108948,CUST-2405,RECIP-9119,28.81,3,4,1240,18,1,0,189.37,2,2.2,0,0,0.1349,0.0443,0
TX-108949,CUST-1743,RECIP-6641,58.68,9,1,1631,225,0,0,469.38,2,27.5,1,0,0.2883,0.175,0
TX-108950,CUST-1168,RECIP-6297,112.41,1,2,706,41,1,0,220.77,1,29.2,0,0,0.1228,0.4077,0
TX-108951,CUST-1981,RECIP-9387,96.24,19,6,1363,1805,0,2,70.56,3,6.9,0,0,0.8602,0.0883,0
TX-108952,CUST-1553,RECIP-8241,187.33,13,4,1543,1136,0,3,57.26,1,4.7,0,1,0.0689,0.2661,0
TX-108953,CUST-1804,RECIP-7462,5.0,10,4,1421,226,0,2,45.06,3,39.5,0,0,0.2598,0.3596,0
TX-108954,CUST-2348,RECIP-9000,842.3,11,1,2438,6,1,0,43.06,0,40.4,0,0,0.314,0.0917,1
TX-108955,CUST-1356,RECIP-8396,245.33,20,3,1868,1505,0,2,133.7,2,7.8,0,0,0.0511,0.2464,0
TX-108956,CUST-1969,RECIP-7868,42.42,20,0,1843,507,0,1,26.23,0,1.2,0,0,0.3046,0.4132,0
TX-108957,CUST-2242,RECIP-6446,200.27,1,1,2021,1202,0,3,112.27,1,38.9,0,0,0.2567,0.0285,0
TX-108958,CUST-1635,RECIP-9437,372.3,16,5,1333,1529,0,10,23.41,2,9.2,0,0,0.0171,0.1826,0
TX-108959,CUST-2455,RECIP-8237,3135.85,11,3,786,847,0,3,120.65,3,4.9,0,0,0.0877,0.1011,0
TX-108960,CUST-1672,RECIP-9255,240.17,18,4,1353,26,1,0,65.98,0,4.3,0,0,0.4903,0.3543,0
TX-108961,CUST-1688,RECIP-9347,74.92,18,5,2307,43,1,0,159.92,0,64.0,0,0,0.0164,0.1483,0
TX-108962,CUST-2326,RECIP-7471,70.39,16,6,2201,1961,0,0,13.12,2,13.0,0,0,0.8754,0.226,0
TX-108963,CUST-1953,RECIP-6609,25.4,16,0,904,945,0,2,202.36,1,40.9,0,0,0.037,0.2195,0
TX-108964,CUST-2303,RECIP-9262,325.06,5,4,1223,455,0,4,100.28,3,1.5,0,0,0.4974,0.3741,0
TX-108965,CUST-2185,RECIP-9495,158.15,20,6,702,108,0,7,70.02,2,2.5,0,0,0.3958,0.0135,0
TX-108966,CUST-2068,RECIP-5548,176.08,16,1,60,5,1,0,147.28,2,9.2,0,0,0.1345,0.2715,0
TX-108967,CUST-1362,RECIP-7872,133.22,6,6,799,1069,0,3,138.94,1,18.0,0,0,0.0988,0.1965,0
TX-108968,CUST-1598,RECIP-7710,5.56,5,4,279,1960,0,3,35.41,2,10.3,0,0,0.0562,0.0653,0
TX-108969,CUST-2296,RECIP-8368,31.13,12,2,915,1092,0,4,111.92,4,1.0,0,0,0.176,0.1083,0
TX-108970,CUST-1924,RECIP-9389,5.0,8,5,162,1967,0,4,172.28,2,54.1,0,0,0.235,0.1319,0
TX-108971,CUST-1420,RECIP-6134,146.64,16,6,812,1504,0,1,30.12,0,4.7,0,0,0.1573,0.052,0
TX-108972,CUST-1491,RECIP-9390,42.07,9,0,1794,28,1,0,115.94,1,25.2,0,0,0.0448,0.0511,0
TX-108973,CUST-2163,RECIP-7893,82.23,4,4,2114,755,0,2,245.45,1,26.7,0,0,0.1963,0.2854,0
TX-108974,CUST-1267,RECIP-5371,70.58,9,6,2222,1188,0,2,113.09,0,7.8,0,0,0.8582,0.0236,0
TX-108975,CUST-1168,RECIP-7299,709.19,19,4,1416,203,0,5,69.92,3,63.5,1,1,0.0045,0.1318,0
TX-108976,CUST-2147,RECIP-5600,49.36,19,3,1379,97,0,1,35.63,0,5.1,0,0,0.1398,0.038,0
TX-108977,CUST-1432,RECIP-9303,55.56,7,0,2420,737,0,4,43.6,1,14.4,0,0,0.8735,0.2864,0
TX-108978,CUST-2148,RECIP-8434,30.66,19,3,1402,1794,0,1,73.42,2,3.3,0,1,0.2417,0.0339,0
TX-108979,CUST-1800,RECIP-9071,28.84,2,6,237,1229,0,3,178.12,1,5.2,1,0,0.0926,0.1538,0
TX-108980,CUST-2496,RECIP-7711,59.96,23,5,2341,3,1,0,155.18,0,442.9,0,0,0.0123,0.0676,0
TX-108981,CUST-1787,RECIP-6785,52.78,18,3,1546,1116,0,8,73.68,2,396.2,0,0,0.0964,0.0443,0
TX-108982,CUST-2301,RECIP-6927,121.81,0,2,1676,1117,0,3,53.51,2,9.7,0,0,0.031,0.0218,0
TX-108983,CUST-2275,RECIP-9260,14.71,16,5,267,1703,0,2,62.91,2,2281.2,0,0,0.0881,0.4287,0
TX-108984,CUST-1317,RECIP-5682,24.12,11,6,1190,679,0,3,236.58,0,2.3,1,0,0.0804,0.1161,0
TX-108985,CUST-2494,RECIP-8981,122.42,21,2,1163,584,0,7,31.64,3,6.9,1,0,0.3782,0.0288,0
TX-108986,CUST-2118,RECIP-6899,21.88,5,5,2042,609,0,4,100.68,0,30.1,0,0,0.1775,0.1168,0
TX-108987,CUST-1160,RECIP-7656,79.34,21,2,975,27,1,0,66.08,0,16.3,0,0,0.1447,0.2014,0
TX-108988,CUST-1009,RECIP-8001,115.32,20,5,877,12,1,0,160.31,1,3458.5,0,0,0.7295,0.2645,0
TX-108989,CUST-1407,RECIP-5369,71.0,6,6,1711,1952,0,3,82.62,1,31.5,0,0,0.1899,0.1031,0
TX-108990,CUST-1024,RECIP-5669,64.57,10,4,68,1398,0,4,37.56,1,10.6,0,0,0.025,0.17,0
TX-108991,CUST-1536,RECIP-5723,105.96,15,3,1871,668,0,5,315.15,3,10.4,0,0,0.0259,0.3633,0
TX-108992,CUST-2494,RECIP-8504,33.83,5,2,48,565,0,4,113.29,4,0.2,0,1,0.7183,0.2115,0
TX-108993,CUST-1718,RECIP-5345,706.89,23,0,618,906,0,4,108.47,1,23.6,0,0,0.4103,0.2399,0
TX-108994,CUST-1035,RECIP-7749,40.48,4,0,1258,39,1,0,33.67,1,1.4,0,0,0.1303,0.1206,0
TX-108995,CUST-1740,RECIP-5485,258.78,5,5,508,1988,0,6,75.08,0,23.8,0,0,0.0943,0.3278,0
TX-108996,CUST-1328,RECIP-8455,202.11,12,4,117,1092,0,0,55.27,2,11.4,0,0,0.0916,0.0474,0
TX-108997,CUST-2284,RECIP-9396,9.34,11,1,1066,340,0,2,89.55,1,3.5,0,0,0.3414,0.0837,0
TX-108998,CUST-1135,RECIP-6863,24.05,1,3,1776,142,0,10,23.41,0,10.2,1,0,0.1621,0.1293,0
TX-108999,CUST-2155,RECIP-5954,133.13,21,6,627,22,1,0,105.36,1,5.0,0,0,0.1769,0.5481,0
TX-109000,CUST-1668,RECIP-7001,982.79,5,4,706,1268,0,3,178.57,4,5.7,0,0,0.1199,0.0825,0
TX-109001,CUST-1028,RECIP-8108,211.0,2,6,1701,778,0,1,63.4,1,2801.0,0,0,0.2306,0.1463,0
TX-109002,CUST-2009,RECIP-8273,383.91,12,0,2370,40,1,0,117.4,2,4.9,0,0,0.1215,0.0854,0
TX-109003,CUST-1682,RECIP-7864,68.22,22,0,1308,149,0,3,43.95,0,13.5,0,0,0.6851,0.0683,0
TX-109004,CUST-2157,RECIP-7618,524.39,0,4,1410,655,0,7,338.34,0,13.1,0,0,0.1082,0.0591,0
TX-109005,CUST-1927,RECIP-7840,338.48,11,4,2072,1535,0,1,44.54,0,5.1,0,0,0.5365,0.2368,0
TX-109006,CUST-2180,RECIP-5978,5.0,21,4,193,39,1,0,83.14,0,3.0,0,0,0.2483,0.0447,0
TX-109007,CUST-1690,RECIP-5930,54.38,21,6,2453,445,0,5,52.44,1,13.1,0,0,0.2873,0.1247,0
TX-109008,CUST-1011,RECIP-9188,43.73,4,0,1205,1476,0,4,47.57,2,11.2,0,0,0.4077,0.0471,0
TX-109009,CUST-1195,RECIP-7607,199.49,14,6,963,1790,0,1,315.56,1,23.3,0,4,0.1316,0.0958,0
TX-109010,CUST-1688,RECIP-8875,113.88,20,0,1556,13,1,0,290.95,2,10.7,0,0,0.3185,0.1751,0
TX-109011,CUST-1596,RECIP-7814,505.28,16,3,2282,870,0,6,66.56,1,8.3,0,0,0.0647,0.1639,0
TX-109012,CUST-2191,RECIP-7048,74.05,15,5,2344,1951,0,3,1263.54,0,9.3,0,0,0.0366,0.1298,0
TX-109013,CUST-1617,RECIP-7566,41.34,18,4,1949,32,1,0,223.24,3,0.6,0,1,0.8116,0.2566,0
TX-109014,CUST-2290,RECIP-8112,121.15,10,1,1224,328,0,5,209.47,0,24.8,0,2,0.2627,0.0693,0
TX-109015,CUST-1281,RECIP-5837,138.77,1,4,398,6,1,0,98.45,2,12.6,0,0,0.3323,0.1216,0
TX-109016,CUST-1577,RECIP-7079,129.88,15,6,500,990,0,1,239.36,1,14.3,0,0,0.1141,0.1523,0
TX-109017,CUST-2134,RECIP-8253,21.55,15,1,2094,36,1,0,107.65,1,19.2,0,0,0.0874,0.0877,0
TX-109018,CUST-1186,RECIP-5391,364.6,20,6,339,904,0,2,46.8,3,34.5,0,0,0.0243,0.2009,0
TX-109019,CUST-1482,RECIP-5329,15.67,22,4,1219,785,0,3,96.57,1,2.4,1,0,0.3212,0.2435,0
TX-109020,CUST-2127,RECIP-5720,26.64,8,0,1037,1707,0,5,70.35,2,3124.1,0,0,0.1565,0.1774,0
TX-109021,CUST-1883,RECIP-7660,1019.73,22,2,1781,557,0,1,38.93,2,5.3,0,2,0.3126,0.1162,0
TX-109022,CUST-2167,RECIP-6072,369.94,0,6,877,770,0,5,209.87,0,21.7,0,0,0.3812,0.0629,0
TX-109023,CUST-1773,RECIP-6963,576.54,23,2,1765,542,0,4,112.14,2,4.4,0,0,0.4139,0.115,1
TX-109024,CUST-2288,RECIP-5602,45.5,3,6,1285,16,1,0,93.47,1,1598.5,1,0,0.2836,0.0775,0
TX-109025,CUST-2316,RECIP-6126,45.21,15,2,2218,39,1,0,366.69,3,10.8,0,2,0.9651,0.28,0
TX-109026,CUST-2461,RECIP-5079,26.05,16,2,491,16,1,0,112.07,1,7.3,0,4,0.5813,0.0778,0
TX-109027,CUST-1183,RECIP-8633,46.9,15,5,1910,558,0,2,250.16,1,1.3,0,1,0.2863,0.0246,0
TX-109028,CUST-1886,RECIP-7099,144.95,23,5,1812,199,0,4,44.96,1,4.4,0,0,0.2707,0.3502,0
TX-109029,CUST-1171,RECIP-5791,32.39,13,1,2066,1874,0,3,54.92,1,27.1,0,0,0.0629,0.2562,0
TX-109030,CUST-1343,RECIP-7368,62.16,3,5,1240,266,0,3,99.38,6,13.0,0,0,0.0773,0.2709,0
TX-109031,CUST-1450,RECIP-9198,1282.64,14,1,822,31,1,0,106.84,2,2301.4,0,0,0.0337,0.0874,0
TX-109032,CUST-1969,RECIP-8711,204.1,6,6,1307,1489,0,6,124.25,2,13.6,0,0,0.2478,0.3137,0
TX-109033,CUST-1646,RECIP-8980,83.63,14,0,2433,9,1,0,210.91,1,3.7,0,0,0.5088,0.1168,0
TX-109034,CUST-2297,RECIP-6827,88.03,9,4,511,1992,0,6,1500.77,2,54.9,0,1,0.6736,0.2846,0
TX-109035,CUST-1447,RECIP-6622,66.19,1,1,1664,892,0,5,29.66,0,11.9,1,0,0.2469,0.0659,0
TX-109036,CUST-1925,RECIP-6422,33.23,15,4,584,1359,0,2,62.84,1,20.5,0,0,0.0992,0.0081,0
TX-109037,CUST-2144,RECIP-6373,77.88,2,6,1941,15,1,0,134.29,0,5.0,0,0,0.0359,0.1153,0
TX-109038,CUST-2470,RECIP-9138,157.17,7,4,1076,470,0,2,430.12,1,3.3,0,0,0.3022,0.1851,0
TX-109039,CUST-1367,RECIP-5618,150.36,14,3,2151,1570,0,5,83.9,1,33.5,0,0,0.1299,0.2275,0
TX-109040,CUST-2100,RECIP-8831,42.38,21,5,433,11,1,0,97.82,1,1842.6,0,2,0.1565,0.148,0
TX-109041,CUST-1127,RECIP-9123,78.16,7,1,335,1838,0,5,73.04,1,1.2,1,0,0.9327,0.203,0
TX-109042,CUST-1815,RECIP-8798,213.89,7,3,2378,1847,0,3,147.79,1,34.5,0,0,0.2156,0.1479,0
TX-109043,CUST-1620,RECIP-7823,127.72,7,6,860,1224,0,3,97.17,2,26.5,0,0,0.2009,0.071,0
TX-109044,CUST-2437,RECIP-8850,40.95,13,2,239,1574,0,6,183.32,1,21.4,0,1,0.051,0.1193,0
TX-109045,CUST-2160,RECIP-5143,21.54,4,0,2094,33,1,0,248.86,0,0.4,0,0,0.1757,0.3559,0
TX-109046,CUST-2390,RECIP-8677,5.69,12,3,1052,21,1,0,74.63,0,48.8,0,0,0.5634,0.0059,0
TX-109047,CUST-2275,RECIP-7299,384.28,19,3,2307,1613,0,6,203.28,3,874.6,0,0,0.0928,0.199,0
TX-109048,CUST-1616,RECIP-9312,1123.96,1,5,1111,29,1,0,56.51,3,1.7,0,0,0.0473,0.0418,0
TX-109049,CUST-2100,RECIP-5386,202.87,23,5,1897,30,1,0,117.12,0,31.1,0,0,0.1972,0.5103,0
TX-109050,CUST-1045,RECIP-9185,34.97,12,2,1459,980,0,4,59.93,1,3339.1,0,2,0.1448,0.2546,0
TX-109051,CUST-1836,RECIP-7581,63.53,15,5,1221,211,0,3,28.56,1,2571.6,0,0,0.1839,0.1172,0
TX-109052,CUST-1070,RECIP-5467,44.76,14,1,1230,23,1,0,197.86,0,0.1,0,0,0.0197,0.0074,0
TX-109053,CUST-2086,RECIP-7290,482.75,22,1,650,1280,0,5,46.04,4,13.1,0,0,0.078,0.0699,0
TX-109054,CUST-2450,RECIP-5167,127.16,15,4,1849,28,1,0,56.98,2,1204.6,0,0,0.0645,0.1678,0
TX-109055,CUST-2022,RECIP-5372,148.5,21,4,1326,1966,0,1,75.77,0,55.5,0,0,0.4516,0.0861,0
TX-109056,CUST-2259,RECIP-7392,31.49,6,5,33,1752,0,6,413.02,1,2.3,0,0,0.0037,0.0849,0
TX-109057,CUST-1351,RECIP-8671,1852.74,5,4,1011,1673,0,3,336.02,1,59.2,0,0,0.2206,0.0157,0
TX-109058,CUST-2490,RECIP-5486,5.0,15,0,1032,1441,0,6,28.18,0,9.0,0,0,0.9681,0.0373,1
TX-109059,CUST-1826,RECIP-6180,442.75,3,4,2217,8,1,0,39.29,1,2.8,0,0,0.3132,0.0884,1
TX-109060,CUST-2011,RECIP-6760,19.88,2,3,1084,1343,0,5,406.28,0,10.3,0,0,0.0922,0.1248,0
TX-109061,CUST-2155,RECIP-7436,501.3,5,1,1431,33,1,0,512.44,1,56.3,0,0,0.2089,0.1839,0
TX-109062,CUST-1959,RECIP-5003,156.62,6,2,234,1879,0,3,142.42,2,16.6,0,2,0.2487,0.1132,0
TX-109063,CUST-1475,RECIP-7875,114.0,2,5,998,24,1,0,110.27,1,6.3,0,0,0.3854,0.0095,0
TX-109064,CUST-1917,RECIP-7240,158.41,17,1,731,17,1,0,94.93,3,27.0,0,0,0.0405,0.0585,0
TX-109065,CUST-1980,RECIP-9330,378.22,13,3,1261,40,1,0,84.39,1,50.7,0,0,0.6136,0.0468,0
TX-109066,CUST-2286,RECIP-6356,45.84,4,0,2249,861,0,4,39.02,0,2130.6,0,2,0.1883,0.0535,0
TX-109067,CUST-1722,RECIP-7222,115.39,6,5,2335,1871,0,4,185.03,0,8.1,0,0,0.076,0.0712,0
TX-109068,CUST-1752,RECIP-5367,44.71,22,1,738,1098,0,5,49.06,2,57.6,0,1,0.2521,0.1142,0
TX-109069,CUST-1754,RECIP-9127,314.07,21,6,1544,1436,0,2,162.35,0,11.6,0,0,0.1832,0.0409,0
TX-109070,CUST-1171,RECIP-8752,76.26,2,6,2387,426,0,6,102.09,1,84.7,0,2,0.0957,0.0136,0
TX-109071,CUST-1135,RECIP-6596,78.1,14,5,595,260,0,3,226.15,1,31.6,0,0,0.3582,0.2099,0
TX-109072,CUST-1030,RECIP-7072,70.32,7,2,1112,1806,0,7,59.49,0,6.1,0,0,0.1469,0.0806,0
TX-109073,CUST-1999,RECIP-8858,130.43,8,5,1265,1241,0,6,38.2,2,56.4,0,0,0.5222,0.0915,0
TX-109074,CUST-1628,RECIP-6329,81.17,14,0,38,1348,0,4,46.59,0,2.8,0,0,0.3904,0.0385,0
TX-109075,CUST-2298,RECIP-6061,80.9,23,2,1180,843,0,5,97.89,1,6.5,0,0,0.8479,0.0318,0
TX-109076,CUST-2053,RECIP-6088,58.45,13,0,329,1284,0,2,88.54,0,27.5,0,0,0.7816,0.3704,0
TX-109077,CUST-1212,RECIP-8183,67.13,22,0,796,877,0,1,38.03,0,16.2,0,0,0.0574,0.0481,0
TX-109078,CUST-1150,RECIP-5949,562.09,19,2,315,6,1,0,66.69,1,14.4,0,0,0.9693,0.1209,1
TX-109079,CUST-1549,RECIP-5398,272.41,18,4,1848,1287,0,6,105.53,1,0.9,0,0,0.3097,0.0892,0
TX-109080,CUST-2381,RECIP-5744,131.94,18,6,2091,31,1,0,169.04,1,50.7,0,0,0.0861,0.0367,0
TX-109081,CUST-1073,RECIP-9437,52.79,19,0,692,1805,0,2,97.8,2,24.0,0,0,0.0646,0.1506,0
TX-109082,CUST-1281,RECIP-8927,57.89,6,2,129,21,1,0,168.37,1,13.3,0,2,0.4402,0.117,0
TX-109083,CUST-1044,RECIP-9292,514.49,23,4,1246,1,1,0,102.68,0,2613.0,0,0,0.3077,0.1749,1
TX-109084,CUST-1620,RECIP-6247,16.61,22,1,313,14,1,0,103.14,0,2774.4,1,0,0.8371,0.0072,1
TX-109085,CUST-2484,RECIP-6989,20.33,14,5,1119,103,0,5,144.78,2,1634.0,0,0,0.0221,0.2358,0
TX-109086,CUST-2025,RECIP-7208,268.72,17,3,1373,1620,0,5,40.69,3,1.0,0,1,0.0878,0.1324,0
TX-109087,CUST-1740,RECIP-7357,180.68,21,3,1183,345,0,4,409.58,0,0.3,1,0,0.0367,0.0123,0
TX-109088,CUST-1216,RECIP-5120,33.72,3,0,1319,1956,0,8,105.44,1,3.9,0,0,0.2691,0.1703,0
TX-109089,CUST-1533,RECIP-7689,32.62,1,1,1429,15,1,0,93.13,0,24.4,1,0,0.8101,0.3522,1
TX-109090,CUST-1786,RECIP-5174,256.65,23,6,434,401,0,2,119.92,2,2.4,1,0,0.9241,0.2662,0
TX-109091,CUST-1412,RECIP-6237,18.05,13,6,1717,1388,0,8,233.79,2,12.3,0,1,0.0735,0.1289,0
TX-109092,CUST-2057,RECIP-6315,192.26,17,3,1681,1390,0,4,135.9,1,0.3,0,0,0.0429,0.0514,0
TX-109093,CUST-2470,RECIP-8035,349.5,12,4,383,1290,0,1,160.43,1,4.4,0,0,0.2272,0.5518,0
TX-109094,CUST-1308,RECIP-9034,200.44,12,3,1101,1550,0,5,106.34,2,16.7,0,0,0.177,0.0129,0
TX-109095,CUST-1378,RECIP-8143,113.91,0,3,742,4,1,0,44.22,2,3.1,1,0,0.4707,0.1015,1
TX-109096,CUST-1189,RECIP-6959,196.65,6,4,1011,29,1,0,14.2,1,2732.2,0,0,0.1153,0.2208,1
TX-109097,CUST-2088,RECIP-7362,1608.91,2,3,1938,894,0,2,185.33,1,22.5,0,0,0.9067,0.1372,0
TX-109098,CUST-1692,RECIP-7305,93.71,10,0,1503,9,1,0,212.04,3,9.8,0,0,0.2972,0.0784,0
TX-109099,CUST-1425,RECIP-5664,94.08,0,0,2272,1591,0,3,40.5,3,59.9,0,0,0.014,0.1923,0
TX-109100,CUST-1328,RECIP-9307,938.4,19,5,1435,27,1,0,37.05,0,0.7,0,0,0.4156,0.1808,1
TX-109101,CUST-1105,RECIP-9136,48.0,7,5,140,36,1,0,41.35,0,2385.2,0,0,0.132,0.1473,0
TX-109102,CUST-1714,RECIP-6080,68.31,17,1,1786,839,0,3,61.5,0,30.2,0,1,0.2044,0.2845,0
TX-109103,CUST-2024,RECIP-5517,676.28,1,0,211,35,1,0,48.62,2,12.8,0,0,0.5666,0.1101,1
TX-109104,CUST-1352,RECIP-5742,3565.51,0,1,874,1560,0,1,105.33,2,10.2,0,0,0.5747,0.0197,1
TX-109105,CUST-1002,RECIP-7831,22.8,10,4,2336,1628,0,4,107.99,2,9.5,0,0,0.4519,0.3852,0
TX-109106,CUST-1709,RECIP-5132,102.54,18,4,2474,11,1,0,98.65,3,2740.1,0,3,0.1123,0.4918,0
TX-109107,CUST-2013,RECIP-5463,201.15,19,1,395,37,1,0,63.95,1,6.0,0,1,0.7437,0.0131,0
TX-109108,CUST-1517,RECIP-7917,83.02,13,1,2463,104,0,3,47.76,2,11.8,0,1,0.0707,0.1577,0
TX-109109,CUST-1375,RECIP-5657,79.25,14,1,2448,31,1,0,31.07,1,1236.8,0,1,0.131,0.0954,0
TX-109110,CUST-1231,RECIP-5309,186.65,16,3,2199,6,1,0,61.1,1,987.0,0,0,0.3826,0.1045,0
TX-109111,CUST-2119,RECIP-5092,184.15,16,1,2075,1366,0,5,150.68,3,16.3,0,0,0.3099,0.0275,0
TX-109112,CUST-2292,RECIP-8176,904.56,17,3,215,20,1,0,27.76,0,2.4,0,2,0.393,0.0302,0
TX-109113,CUST-2154,RECIP-6635,140.83,0,0,328,400,0,6,88.83,0,10.0,0,0,0.0499,0.0972,0
TX-109114,CUST-1777,RECIP-6280,260.06,10,6,1545,1105,0,3,42.31,1,14.9,0,0,0.2644,0.043,0
TX-109115,CUST-2086,RECIP-7878,34.47,20,6,283,20,1,0,35.26,0,33.3,0,4,0.0257,0.0433,0
TX-109116,CUST-1595,RECIP-5767,28.02,10,2,649,17,1,0,193.22,6,37.2,1,0,0.014,0.0577,0
TX-109117,CUST-1036,RECIP-7346,37.95,3,5,2443,20,1,0,236.02,2,8.5,0,2,0.0917,0.1588,0
TX-109118,CUST-1551,RECIP-7177,1755.1,15,3,2278,20,1,0,136.36,1,0.8,0,0,0.0943,0.2318,1
TX-109119,CUST-2055,RECIP-8035,102.85,7,0,659,177,0,3,38.44,2,2.8,0,1,0.3545,0.1503,0
TX-109120,CUST-1971,RECIP-7807,15.21,12,1,1360,1644,0,1,175.7,1,8.8,0,0,0.6768,0.2617,0
TX-109121,CUST-2485,RECIP-8037,61.48,12,0,1360,18,1,0,163.93,1,65.1,0,0,0.4508,0.0554,0
TX-109122,CUST-2496,RECIP-5959,94.96,16,4,678,710,0,4,420.76,1,2.4,0,2,0.0522,0.1896,0
TX-109123,CUST-1363,RECIP-5630,131.68,22,5,613,10,1,0,63.04,2,42.1,1,0,0.0718,0.0746,0
TX-109124,CUST-1014,RECIP-7402,97.36,16,4,1109,639,0,3,124.77,1,13.6,0,0,0.3302,0.0855,0
TX-109125,CUST-1411,RECIP-5258,238.08,23,0,1513,995,0,4,48.29,0,1.1,0,0,0.8625,0.0322,0
TX-109126,CUST-2314,RECIP-7044,20.05,0,1,2016,83,0,4,22.66,0,2754.3,0,0,0.1551,0.0563,0
TX-109127,CUST-2220,RECIP-7814,678.59,18,3,2104,316,0,2,23.84,3,0.1,0,0,0.9447,0.1129,0
TX-109128,CUST-1148,RECIP-8694,9.81,10,1,80,127,0,1,98.53,0,12.0,0,0,0.1295,0.0804,0
TX-109129,CUST-1240,RECIP-7939,297.28,17,0,1652,1437,0,3,54.12,0,35.2,0,0,0.1943,0.0463,0
TX-109130,CUST-1845,RECIP-9476,2890.84,2,2,1551,18,1,0,139.57,0,13.9,0,0,0.3989,0.0496,0
TX-109131,CUST-1990,RECIP-7505,30.84,12,4,145,1995,0,3,153.43,2,35.8,0,0,0.1149,0.1264,0
TX-109132,CUST-2473,RECIP-7007,746.37,0,0,2091,922,0,4,95.85,2,17.3,0,0,0.0302,0.1538,0
TX-109133,CUST-2132,RECIP-6105,77.32,15,6,1500,646,0,2,29.6,1,23.8,0,0,0.2907,0.0553,0
TX-109134,CUST-1317,RECIP-8029,74.85,5,3,1805,654,0,2,45.25,0,7.8,0,0,0.0576,0.1177,0
TX-109135,CUST-1055,RECIP-8648,243.96,3,1,1662,1853,0,4,113.18,1,5.6,0,0,0.2727,0.0547,0
TX-109136,CUST-1950,RECIP-6444,104.54,1,0,855,425,0,6,122.04,0,2158.7,0,0,0.9761,0.1163,0
TX-109137,CUST-1830,RECIP-5340,398.89,6,6,526,30,1,0,123.35,1,10.9,0,0,0.1025,0.0204,0
TX-109138,CUST-2382,RECIP-5047,62.57,23,4,963,1766,0,4,181.73,2,19.3,0,2,0.0265,0.3139,0
TX-109139,CUST-1863,RECIP-7845,113.57,23,6,1912,9,1,0,79.19,1,1.1,1,0,0.1375,0.0568,1
TX-109140,CUST-1751,RECIP-7983,47.22,1,5,1602,13,1,0,111.05,1,0.7,0,0,0.1814,0.2672,0
TX-109141,CUST-1455,RECIP-5541,164.43,23,6,1578,28,1,0,144.22,1,4.6,1,1,0.2178,0.196,0
TX-109142,CUST-1129,RECIP-5101,52.24,14,6,352,1633,0,4,196.12,3,6.0,0,2,0.8019,0.0746,0
TX-109143,CUST-2314,RECIP-7945,55.41,7,5,53,1383,0,4,93.96,0,9.4,1,4,0.1709,0.1457,0
TX-109144,CUST-2239,RECIP-6789,56.55,22,5,1679,1691,0,2,91.53,1,2.0,0,2,0.0971,0.0303,0
TX-109145,CUST-1244,RECIP-6879,123.41,5,5,2377,1890,0,7,119.56,1,7.9,0,0,0.062,0.1943,0
TX-109146,CUST-2055,RECIP-6181,66.16,4,1,915,1768,0,5,98.3,0,20.3,1,2,0.108,0.1013,0
TX-109147,CUST-1546,RECIP-8231,142.97,5,4,1130,1471,0,3,77.36,1,1063.0,0,0,0.2172,0.1521,0
TX-109148,CUST-1655,RECIP-8350,568.44,3,6,2395,21,1,0,58.96,1,18.6,0,0,0.0665,0.174,0
TX-109149,CUST-2273,RECIP-5234,479.25,11,6,603,1704,0,7,26.17,4,23.3,0,1,0.5378,0.0601,1
TX-109150,CUST-2263,RECIP-5401,91.6,3,0,1319,1388,0,3,141.73,4,9.8,0,0,0.0263,0.2135,0
TX-109151,CUST-1285,RECIP-7497,89.02,5,0,242,19,1,0,134.47,1,9.9,0,0,0.1222,0.0777,0
TX-109152,CUST-1461,RECIP-7714,42.59,8,1,681,1314,0,2,115.7,2,8.9,1,0,0.1265,0.0545,0
TX-109153,CUST-2232,RECIP-5651,1273.71,15,5,954,7,1,0,129.11,2,10.9,0,0,0.0777,0.1202,1
TX-109154,CUST-2375,RECIP-5711,22.67,20,2,1723,1677,0,7,83.83,0,24.8,0,0,0.0273,0.2874,0
TX-109155,CUST-1118,RECIP-8070,34.19,1,4,790,1301,0,4,386.21,2,1.2,0,0,0.9093,0.2139,0
TX-109156,CUST-2250,RECIP-7046,17.24,15,0,1167,1309,0,3,184.52,2,31.0,0,0,0.0933,0.044,0
TX-109157,CUST-1733,RECIP-5539,80.01,2,0,765,550,0,3,407.97,0,1097.0,0,0,0.528,0.2098,0
TX-109158,CUST-1885,RECIP-7742,111.96,23,5,378,353,0,3,57.91,0,0.1,1,2,0.0376,0.0601,0
TX-109159,CUST-1112,RECIP-5331,159.19,6,2,1989,893,0,2,91.13,1,4.7,0,0,0.0477,0.432,0
TX-109160,CUST-2020,RECIP-6037,31.53,20,0,1692,738,0,4,91.13,0,15.0,0,1,0.1622,0.1034,0
TX-109161,CUST-2016,RECIP-8209,168.72,18,1,1625,1719,0,3,282.36,3,4.3,0,0,0.0477,0.4922,0
TX-109162,CUST-1994,RECIP-6000,68.85,7,2,1469,1969,0,7,20.2,2,7.5,0,0,0.2511,0.0929,0
TX-109163,CUST-2185,RECIP-5285,31.9,7,2,358,1284,0,6,151.08,1,4.0,0,0,0.1523,0.0073,0
TX-109164,CUST-2419,RECIP-9319,45.63,7,6,1302,1606,0,3,112.12,1,5.7,0,0,0.0551,0.446,0
TX-109165,CUST-2274,RECIP-6010,194.17,11,1,1778,1891,0,7,217.82,0,3312.6,0,0,0.2111,0.129,0
TX-109166,CUST-2117,RECIP-7316,171.62,10,4,1251,1485,0,7,65.4,1,6.0,0,0,0.1534,0.3996,0
TX-109167,CUST-2471,RECIP-8711,77.61,15,1,1817,35,1,0,27.05,1,15.7,1,0,0.0241,0.1427,0
TX-109168,CUST-2011,RECIP-9454,27.96,11,3,842,7,1,0,411.61,2,7.7,0,0,0.8815,0.0966,0
TX-109169,CUST-2008,RECIP-8643,22.24,18,2,1300,604,0,5,98.65,0,8.1,0,2,0.4956,0.1428,0
TX-109170,CUST-1813,RECIP-6528,12.61,11,2,970,669,0,0,203.72,2,9.7,0,0,0.2092,0.0629,0
TX-109171,CUST-2153,RECIP-8843,33.61,7,4,2489,474,0,3,79.0,1,5.2,0,0,0.4256,0.1412,0
TX-109172,CUST-1107,RECIP-5057,179.4,7,4,472,39,1,0,233.72,1,0.8,1,0,0.4877,0.2428,0
TX-109173,CUST-1758,RECIP-6467,38.22,17,0,730,33,1,0,177.86,1,1512.8,0,1,0.129,0.0974,0
TX-109174,CUST-1637,RECIP-5897,29.27,3,1,1712,561,0,4,248.96,1,6.8,0,0,0.1844,0.1516,0
TX-109175,CUST-2369,RECIP-7376,170.61,6,1,174,893,0,6,77.8,1,14.8,0,0,0.4635,0.1703,0
TX-109176,CUST-1108,RECIP-9012,55.08,7,6,1296,1886,0,4,274.86,0,0.2,0,0,0.0698,0.2044,0
TX-109177,CUST-1965,RECIP-8480,283.85,15,2,101,28,1,0,148.08,1,13.3,0,0,0.3507,0.2851,0
TX-109178,CUST-1276,RECIP-9492,32.71,3,4,1333,110,0,4,25.57,2,1.3,0,1,0.318,0.0823,0
TX-109179,CUST-2325,RECIP-5616,46.44,10,3,821,729,0,6,277.29,1,46.0,0,0,0.8207,0.1896,1
TX-109180,CUST-2277,RECIP-8384,24.41,16,2,499,737,0,0,153.9,2,1963.5,0,1,0.066,0.2163,0
TX-109181,CUST-1353,RECIP-8259,249.19,22,0,1259,33,1,0,79.83,1,2.5,0,2,0.4533,0.208,0
TX-109182,CUST-2307,RECIP-7054,85.65,10,3,847,1887,0,5,90.41,1,3.4,0,0,0.3689,0.1474,0
TX-109183,CUST-1745,RECIP-5438,19.15,23,6,223,1555,0,3,46.91,2,5.4,0,0,0.9652,0.0422,0
TX-109184,CUST-2456,RECIP-5470,28.07,14,6,1345,185,0,2,111.54,0,12.2,0,0,0.7431,0.1443,0
TX-109185,CUST-2094,RECIP-9109,139.56,18,2,1427,1259,0,5,151.21,1,28.5,0,0,0.0712,0.0685,0
TX-109186,CUST-1051,RECIP-6328,293.31,5,3,1664,1178,0,5,108.75,0,34.5,0,0,0.0527,0.2107,0
TX-109187,CUST-1304,RECIP-7867,44.97,21,2,2255,38,1,0,118.69,2,0.0,0,1,0.3114,0.3401,0
TX-109188,CUST-1605,RECIP-9254,186.34,6,6,1765,1460,0,4,66.25,4,2554.2,0,0,0.3471,0.0546,0
TX-109189,CUST-1317,RECIP-7219,135.44,3,3,1998,914,0,5,50.03,0,33.6,0,0,0.2231,0.3431,0
TX-109190,CUST-1198,RECIP-5944,712.39,1,6,1630,1440,0,2,102.31,1,20.0,0,0,0.3756,0.1092,0
TX-109191,CUST-2467,RECIP-7181,217.65,15,5,1690,964,0,1,121.17,2,0.8,0,0,0.0357,0.243,0
TX-109192,CUST-2303,RECIP-6032,645.86,15,2,1989,1893,0,3,73.32,0,20.9,0,0,0.2624,0.1988,0
TX-109193,CUST-1651,RECIP-5816,1148.91,4,3,1664,1678,0,1,142.26,0,43.7,0,0,0.0106,0.0621,0
TX-109194,CUST-1322,RECIP-8649,33.08,21,3,1270,30,1,0,190.75,0,21.8,0,0,0.1927,0.0978,0
TX-109195,CUST-1272,RECIP-6556,186.73,6,1,1833,357,0,0,207.16,0,16.2,0,0,0.7533,0.2274,0
TX-109196,CUST-2373,RECIP-8081,38.59,14,5,2414,10,1,0,69.2,4,36.9,0,0,0.0317,0.2019,0
TX-109197,CUST-1497,RECIP-8272,115.74,12,3,1250,23,1,0,28.69,1,18.5,0,4,0.2883,0.2319,1
TX-109198,CUST-1018,RECIP-7472,172.08,14,1,588,194,0,3,137.93,0,6.8,0,0,0.0971,0.1218,0
TX-109199,CUST-1596,RECIP-7434,45.27,17,3,1022,24,1,0,80.37,1,28.4,0,3,0.0411,0.1204,0
TX-109200,CUST-1681,RECIP-5812,666.5,22,5,65,40,1,0,101.5,4,1.9,0,1,0.0166,0.1653,0
TX-109201,CUST-1934,RECIP-7381,88.63,17,2,787,1020,0,6,69.4,3,1944.7,0,1,0.22,0.0442,0
TX-109202,CUST-1508,RECIP-8381,94.93,21,4,2221,1575,0,2,339.58,3,11.6,0,0,0.1169,0.0504,0
TX-109203,CUST-2384,RECIP-5878,219.54,20,6,276,1646,0,5,72.93,0,33.9,0,0,0.2213,0.1312,0
TX-109204,CUST-1965,RECIP-6044,203.11,8,2,2223,21,1,0,405.96,3,5.8,0,0,0.3269,0.2606,0
TX-109205,CUST-2479,RECIP-8106,240.36,13,6,1418,1361,0,3,178.78,0,16.4,0,0,0.0757,0.0691,0
TX-109206,CUST-1550,RECIP-9418,197.01,4,2,816,1260,0,5,219.34,2,1.6,0,2,0.255,0.1186,0
TX-109207,CUST-1977,RECIP-6764,962.76,22,3,1197,1981,0,4,90.36,1,22.0,0,0,0.0163,0.0426,0
TX-109208,CUST-1548,RECIP-8727,118.09,23,5,2200,1754,0,5,53.38,3,1.9,1,0,0.177,0.0109,0
TX-109209,CUST-2049,RECIP-5822,111.97,21,0,323,1243,0,7,168.53,2,19.6,0,0,0.1407,0.1186,0
TX-109210,CUST-2118,RECIP-7563,392.9,17,4,1427,1372,0,3,128.93,1,2.0,0,0,0.0063,0.0293,0
TX-109211,CUST-1482,RECIP-9247,90.93,20,3,692,40,1,0,68.28,1,4.1,0,0,0.3153,0.1846,0
TX-109212,CUST-2406,RECIP-6987,25.1,19,4,1366,1193,0,5,169.8,6,457.3,0,0,0.224,0.0441,0
TX-109213,CUST-2285,RECIP-7280,52.34,5,6,1974,1188,0,5,154.82,3,16.6,0,0,0.1653,0.1322,0
TX-109214,CUST-2341,RECIP-5697,52.57,6,3,2305,1775,0,4,27.38,2,6.6,0,0,0.0915,0.0037,0
TX-109215,CUST-1326,RECIP-7376,582.28,12,6,661,43,1,0,158.5,1,3.8,1,0,0.6474,0.0452,1
TX-109216,CUST-2076,RECIP-7635,38.57,10,3,1669,489,0,3,205.37,0,986.2,0,0,0.1828,0.3368,0
TX-109217,CUST-1159,RECIP-9416,24.26,17,1,1081,16,1,0,31.8,0,334.1,0,4,0.0241,0.2731,0
TX-109218,CUST-1158,RECIP-5904,234.0,17,4,1271,565,0,4,431.25,1,4.3,0,1,0.4069,0.1923,0
TX-109219,CUST-2459,RECIP-6648,859.19,23,1,428,1,1,0,284.97,0,6.1,0,0,0.4237,0.0967,0
TX-109220,CUST-1229,RECIP-7912,18.75,18,6,2145,487,0,5,27.44,0,0.4,0,0,0.1052,0.2435,0
TX-109221,CUST-2296,RECIP-9243,909.64,0,1,449,857,0,5,76.08,0,32.9,0,0,0.2307,0.1029,0
TX-109222,CUST-1646,RECIP-6070,31.56,8,3,128,901,0,1,50.93,2,7.6,0,0,0.0422,0.4504,0
TX-109223,CUST-1455,RECIP-8127,12.07,7,5,1898,1909,0,4,40.88,0,11.9,0,0,0.4455,0.0279,0
TX-109224,CUST-1110,RECIP-8957,17.45,15,0,1031,912,0,6,125.95,1,1.8,0,0,0.261,0.0201,0
TX-109225,CUST-2012,RECIP-7848,96.27,8,3,194,423,0,7,111.3,1,3.2,0,0,0.2997,0.1017,0
TX-109226,CUST-2081,RECIP-6920,56.34,23,3,1711,853,0,2,50.3,1,4.3,1,0,0.2002,0.0489,0
TX-109227,CUST-1700,RECIP-6054,81.56,6,2,734,3,1,0,54.85,1,15.0,0,0,0.2132,0.3638,0
TX-109228,CUST-2214,RECIP-6296,49.13,10,4,2441,117,0,1,100.39,1,22.2,0,0,0.0878,0.2966,0
TX-109229,CUST-1484,RECIP-5232,20.99,19,2,2452,1285,0,2,135.48,0,8.6,0,3,0.059,0.1769,0
TX-109230,CUST-1827,RECIP-5684,188.2,8,2,1389,548,0,3,53.58,0,43.0,0,0,0.1873,0.5324,0
TX-109231,CUST-1430,RECIP-6970,49.51,1,1,1205,1272,0,4,104.84,0,5.2,0,0,0.0356,0.1137,0
TX-109232,CUST-1873,RECIP-5632,310.41,7,4,1128,131,0,3,150.61,2,6.4,0,0,0.1205,0.2377,0
TX-109233,CUST-1204,RECIP-5045,189.57,8,6,1527,679,0,3,197.88,0,37.8,0,0,0.0588,0.3329,0
TX-109234,CUST-1714,RECIP-8117,60.45,14,1,2275,33,1,0,124.13,0,7.3,1,0,0.178,0.0126,0
TX-109235,CUST-1823,RECIP-5319,50.25,17,2,1612,1107,0,5,112.21,0,15.0,1,0,0.0721,0.1569,0
TX-109236,CUST-1834,RECIP-5635,8.56,13,1,275,1210,0,5,83.18,1,8.6,0,0,0.3157,0.1388,0
TX-109237,CUST-1669,RECIP-7678,224.46,9,1,514,2,1,0,73.27,1,11.7,1,0,0.4193,0.2492,1
TX-109238,CUST-1965,RECIP-9148,109.56,12,6,1584,683,0,2,113.78,0,0.1,0,0,0.1609,0.0826,0
TX-109239,CUST-1768,RECIP-8260,151.24,3,4,942,17,1,0,106.89,1,1.1,1,3,0.1412,0.1894,1
TX-109240,CUST-1424,RECIP-5146,32.65,4,6,1214,851,0,3,135.67,2,12.3,0,1,0.1506,0.2569,0
TX-109241,CUST-1323,RECIP-5755,90.54,14,4,1019,875,0,6,56.09,0,24.8,0,2,0.757,0.1974,0
TX-109242,CUST-1971,RECIP-8331,22.8,20,4,1502,1585,0,4,160.94,1,9.6,0,2,0.0293,0.0307,0
TX-109243,CUST-2407,RECIP-8296,287.52,12,5,599,335,0,5,31.85,1,32.0,0,0,0.1662,0.1465,1
TX-109244,CUST-2129,RECIP-6759,382.14,1,4,212,1148,0,3,166.01,0,2.4,0,0,0.3564,0.0627,0
TX-109245,CUST-1957,RECIP-9273,60.61,23,5,607,16,1,0,84.88,2,1.2,0,0,0.4298,0.1392,0
TX-109246,CUST-2382,RECIP-8998,76.06,7,2,1679,721,0,5,42.61,1,14.2,0,0,0.2479,0.0631,0
TX-109247,CUST-2349,RECIP-8344,17.51,17,0,1531,815,0,7,42.81,4,0.4,0,0,0.1183,0.2593,0
TX-109248,CUST-1759,RECIP-8367,439.45,21,3,2028,1374,0,4,150.23,1,2332.8,0,0,0.3254,0.2463,0
TX-109249,CUST-1163,RECIP-8531,328.63,23,0,297,1312,0,3,109.25,1,2.3,0,0,0.1257,0.1667,0
TX-109250,CUST-1951,RECIP-5667,63.93,2,0,379,1134,0,6,116.15,2,2203.7,1,0,0.8513,0.0668,0
TX-109251,CUST-1934,RECIP-8153,606.02,4,0,348,32,1,0,86.27,0,768.8,1,0,0.0552,0.0257,1
TX-109252,CUST-1416,RECIP-9229,61.15,15,0,1419,43,1,0,73.35,3,11.4,0,0,0.2076,0.0853,0
TX-109253,CUST-2274,RECIP-6011,160.1,18,4,1446,17,1,0,108.86,1,0.1,1,0,0.1605,0.1617,1
TX-109254,CUST-2304,RECIP-5065,433.13,20,4,423,34,1,0,96.95,3,11.2,0,0,0.1423,0.233,0
TX-109255,CUST-1496,RECIP-6624,148.68,13,6,1139,1419,0,5,56.13,0,6.6,0,0,0.7825,0.0316,0
TX-109256,CUST-1715,RECIP-6213,28.25,3,2,157,21,1,0,28.26,2,0.5,0,0,0.0096,0.1449,0
TX-109257,CUST-1292,RECIP-9271,21.08,17,2,1541,32,1,0,58.78,1,1089.1,0,1,0.2779,0.3344,0
TX-109258,CUST-1267,RECIP-7006,29.35,16,3,1437,539,0,2,111.59,0,15.7,0,0,0.0159,0.2593,0
TX-109259,CUST-1397,RECIP-7975,105.53,11,5,96,419,0,5,184.97,0,5.7,1,0,0.1689,0.0444,0
TX-109260,CUST-1548,RECIP-9418,271.11,15,6,248,1805,0,4,22.21,1,13.0,0,0,0.8932,0.1381,0
TX-109261,CUST-1409,RECIP-8550,257.46,5,5,1771,1870,0,4,68.2,0,11.2,0,1,0.498,0.0597,0
TX-109262,CUST-1227,RECIP-8370,877.74,19,3,2250,1970,0,6,116.51,2,11.1,0,0,0.0337,0.2,0
TX-109263,CUST-1670,RECIP-9359,79.55,1,6,2129,1793,0,4,108.82,1,49.6,0,0,0.102,0.2846,0
TX-109264,CUST-1935,RECIP-8099,49.57,20,1,1430,17,1,0,103.34,2,8.6,0,0,0.0701,0.0951,0
TX-109265,CUST-1488,RECIP-6041,83.84,20,3,1324,1470,0,5,66.96,0,1.9,0,0,0.0429,0.0431,0
TX-109266,CUST-1800,RECIP-8270,12.06,16,1,2026,610,0,0,55.38,4,3.8,0,0,0.7621,0.2801,0
TX-109267,CUST-1406,RECIP-6447,88.15,19,1,2106,1177,0,1,138.88,3,3051.9,0,0,0.2318,0.074,0
TX-109268,CUST-2055,RECIP-6489,749.47,21,2,2269,14,1,0,117.88,1,47.9,0,0,0.1762,0.2808,0
TX-109269,CUST-1972,RECIP-7901,23.74,3,5,1017,1272,0,6,93.82,2,2.4,0,0,0.2268,0.0046,0
TX-109270,CUST-2440,RECIP-6419,368.26,13,2,1205,878,0,3,444.96,4,832.9,0,2,0.066,0.1676,0
TX-109271,CUST-1079,RECIP-5109,39.6,15,5,224,758,0,8,247.23,0,1165.8,0,0,0.3334,0.1472,0
TX-109272,CUST-2279,RECIP-9498,51.99,22,4,462,227,0,4,143.68,1,2.9,0,0,0.6007,0.0804,0
TX-109273,CUST-1510,RECIP-7570,16.19,17,4,962,570,0,6,198.82,2,24.0,0,0,0.1506,0.0671,0
TX-109274,CUST-1099,RECIP-8015,106.02,14,1,2029,914,0,4,161.52,1,6.1,0,4,0.0979,0.1962,0
TX-109275,CUST-2034,RECIP-8639,764.16,13,6,1132,1208,0,4,80.96,4,39.2,0,0,0.1184,0.2515,0
TX-109276,CUST-1257,RECIP-7855,1679.71,3,1,1480,1681,0,4,43.15,1,6.0,0,0,0.1238,0.0758,0
TX-109277,CUST-1263,RECIP-7746,298.58,7,2,2167,1495,0,4,204.94,1,24.6,1,0,0.3188,0.2363,0
TX-109278,CUST-2469,RECIP-8563,43.32,10,5,1204,1118,0,3,98.39,6,11.3,0,0,0.1682,0.2848,0
TX-109279,CUST-1331,RECIP-6329,185.15,21,4,856,1020,0,4,195.39,2,40.9,0,0,0.175,0.1102,0
TX-109280,CUST-1820,RECIP-8727,38.99,20,2,1833,968,0,4,183.78,1,20.8,0,0,0.2651,0.2789,0
TX-109281,CUST-1300,RECIP-8258,27.95,15,1,808,1797,0,2,32.29,1,5.2,0,0,0.1502,0.1463,0
TX-109282,CUST-1185,RECIP-5819,143.65,2,3,988,24,1,0,159.27,1,4.7,0,0,0.0363,0.1291,0
TX-109283,CUST-1001,RECIP-5657,420.77,17,3,2223,813,0,7,365.11,2,0.1,0,0,0.7194,0.0764,0
TX-109284,CUST-1024,RECIP-8958,319.68,11,0,1110,1155,0,3,87.02,1,49.9,0,0,0.9262,0.107,0
TX-109285,CUST-1710,RECIP-9026,126.69,15,1,649,790,0,3,129.14,1,29.3,0,2,0.2424,0.4313,0
TX-109286,CUST-1651,RECIP-9471,10.25,10,1,2091,1159,0,3,217.15,1,1.0,0,0,0.7285,0.0297,0
TX-109287,CUST-1058,RECIP-5454,27.17,17,1,1616,885,0,2,33.21,1,3.0,0,0,0.9575,0.1607,0
TX-109288,CUST-1524,RECIP-9030,1568.87,5,2,1926,1709,0,4,21.63,2,10.8,0,0,0.0346,0.1384,0
TX-109289,CUST-1409,RECIP-8885,53.12,3,0,836,1426,0,1,88.62,1,8.7,0,2,0.0065,0.1247,0
TX-109290,CUST-1856,RECIP-8454,45.0,5,4,1961,398,0,1,30.76,4,25.2,0,0,0.4789,0.1706,0
TX-109291,CUST-2492,RECIP-7240,178.85,22,4,2380,44,1,0,273.2,1,2.6,0,0,0.1846,0.0558,0
TX-109292,CUST-2037,RECIP-7288,27.67,1,1,433,1923,0,6,189.88,0,23.7,0,0,0.1499,0.0854,0
TX-109293,CUST-2377,RECIP-6928,176.47,6,6,498,28,1,0,264.16,2,14.8,0,1,0.3669,0.0916,0
TX-109294,CUST-1288,RECIP-5131,178.6,8,4,1423,353,0,3,96.28,1,10.3,0,1,0.3171,0.1214,0
TX-109295,CUST-1322,RECIP-7252,61.7,20,2,1818,42,1,0,230.87,1,17.3,1,0,0.37,0.0549,0
TX-109296,CUST-2126,RECIP-6067,441.77,8,1,31,979,0,4,106.72,0,20.1,0,0,0.1156,0.3423,0
TX-109297,CUST-1465,RECIP-5900,15.62,21,3,1388,1136,0,2,134.43,1,15.0,0,0,0.2684,0.1216,0
TX-109298,CUST-2273,RECIP-5251,59.58,23,6,344,41,1,0,496.58,1,3.2,0,0,0.2276,0.1401,0
TX-109299,CUST-1695,RECIP-7059,384.49,15,0,2447,43,1,0,38.84,1,6.0,0,0,0.2425,0.1643,0
TX-109300,CUST-1301,RECIP-5215,251.05,8,0,1824,38,1,0,366.21,0,2216.8,0,0,0.7344,0.2941,1
TX-109301,CUST-2266,RECIP-8823,53.88,14,2,2485,1334,0,5,24.35,2,20.6,0,0,0.0434,0.0276,0
TX-109302,CUST-1825,RECIP-9002,42.68,16,6,568,1250,0,5,98.38,0,2775.6,0,2,0.0508,0.1743,0
TX-109303,CUST-2203,RECIP-8604,115.87,2,1,1990,1808,0,2,151.49,0,2488.3,1,0,0.1322,0.1362,0
TX-109304,CUST-1678,RECIP-6354,10.18,19,5,973,818,0,7,68.78,1,39.8,0,0,0.0335,0.2167,0
TX-109305,CUST-1189,RECIP-5733,91.59,10,4,285,1039,0,5,123.42,1,5.2,0,0,0.3086,0.1286,0
TX-109306,CUST-2021,RECIP-7270,122.18,20,1,1215,15,1,0,131.26,0,4.8,0,0,0.6513,0.0239,0
TX-109307,CUST-1186,RECIP-8030,38.67,14,6,1188,10,1,0,158.48,2,18.7,0,0,0.3064,0.1051,1
TX-109308,CUST-1994,RECIP-5092,88.9,20,1,1265,1992,0,4,85.71,0,26.8,1,0,0.1568,0.079,0
TX-109309,CUST-1625,RECIP-8855,90.18,1,3,2140,25,1,0,59.81,3,0.7,0,0,0.1781,0.1219,0
TX-109310,CUST-2187,RECIP-6973,17.41,1,4,720,1845,0,3,114.65,1,72.1,0,0,0.1285,0.22,0
TX-109311,CUST-2305,RECIP-8688,83.4,2,4,1607,17,1,0,78.2,1,20.1,1,0,0.3878,0.1766,0
TX-109312,CUST-1611,RECIP-5350,18.95,20,5,522,477,0,7,101.69,0,9.8,0,4,0.0499,0.1074,0
TX-109313,CUST-2323,RECIP-6915,43.41,23,4,2201,36,1,0,78.9,0,11.7,0,0,0.8853,0.0384,1
TX-109314,CUST-1166,RECIP-7062,50.82,23,4,1161,1,1,0,115.64,1,22.6,1,0,0.3804,0.3289,0
TX-109315,CUST-1161,RECIP-5216,476.08,7,1,2004,34,1,0,63.18,0,1625.9,0,0,0.1691,0.3389,0
TX-109316,CUST-2490,RECIP-8183,231.13,6,2,694,272,0,6,69.54,0,2294.2,0,0,0.8687,0.2473,0
TX-109317,CUST-1861,RECIP-9190,484.73,8,2,803,39,1,0,43.31,1,19.8,1,0,0.224,0.2222,1
TX-109318,CUST-1676,RECIP-7432,46.21,19,2,2457,1446,0,4,111.93,0,4.9,0,0,0.2657,0.1777,0
TX-109319,CUST-1233,RECIP-6781,65.53,6,0,511,1897,0,2,50.67,2,21.8,0,0,0.3522,0.1652,0
TX-109320,CUST-1433,RECIP-7862,120.16,13,0,1416,213,0,6,125.48,3,35.6,0,0,0.2652,0.0934,0
TX-109321,CUST-2029,RECIP-6624,100.05,15,3,826,852,0,5,213.67,0,1.3,0,0,0.1188,0.117,0
TX-109322,CUST-2232,RECIP-6618,307.05,8,5,993,853,0,1,322.29,2,4.3,0,0,0.1665,0.3823,0
TX-109323,CUST-2374,RECIP-8417,189.04,11,6,1748,1026,0,5,91.64,1,10.8,0,0,0.2287,0.1962,0
TX-109324,CUST-1611,RECIP-7659,246.75,15,6,1961,1541,0,1,795.98,0,4.5,0,0,0.2292,0.1278,0
TX-109325,CUST-1682,RECIP-6187,65.79,18,3,1218,1076,0,3,158.0,1,2329.1,0,0,0.072,0.0764,0
TX-109326,CUST-1244,RECIP-6833,207.84,4,6,1605,328,0,2,109.49,2,0.4,0,1,0.0019,0.0715,0
TX-109327,CUST-1124,RECIP-8756,52.74,12,3,138,6,1,0,426.82,2,7.4,0,0,0.2026,0.2643,0
TX-109328,CUST-1656,RECIP-7379,1252.28,3,3,607,1492,0,4,51.33,0,11.4,0,1,0.1292,0.3351,1
TX-109329,CUST-1868,RECIP-5342,64.01,0,1,1863,523,0,5,98.4,2,36.6,0,0,0.2149,0.055,0
TX-109330,CUST-1156,RECIP-8856,105.42,15,4,1674,1023,0,4,79.6,1,1127.1,0,0,0.1749,0.2003,0
TX-109331,CUST-1612,RECIP-8333,1811.94,11,2,140,789,0,8,37.79,0,2.6,0,0,0.0546,0.0971,0
TX-109332,CUST-1962,RECIP-6200,1266.34,6,3,2231,911,0,1,209.11,2,22.0,0,0,0.0535,0.1433,0
TX-109333,CUST-2216,RECIP-9346,293.84,1,6,1040,1505,0,2,124.12,2,61.1,0,0,0.279,0.1304,0
TX-109334,CUST-2407,RECIP-9283,35.33,22,3,780,531,0,4,164.18,1,42.1,0,0,0.4479,0.1964,0
TX-109335,CUST-1510,RECIP-9480,292.03,19,2,1171,1419,0,2,162.19,1,1.8,0,0,0.1304,0.2088,0
TX-109336,CUST-1587,RECIP-6700,15.64,22,4,1005,1537,0,7,28.0,2,11.7,0,0,0.0159,0.0689,0
TX-109337,CUST-2312,RECIP-9157,50.68,2,5,1272,19,1,0,243.76,0,8.0,0,0,0.0325,0.0911,0
TX-109338,CUST-2039,RECIP-8628,38.55,0,4,435,936,0,3,56.68,2,1113.1,0,0,0.817,0.0857,0
TX-109339,CUST-1410,RECIP-8918,56.62,5,0,373,30,1,0,207.12,0,21.1,0,0,0.7964,0.0202,0
TX-109340,CUST-2027,RECIP-7461,211.37,2,1,2474,37,1,0,38.96,1,10.0,0,0,0.3182,0.0917,0
TX-109341,CUST-1236,RECIP-6254,301.36,11,0,1877,1533,0,3,130.88,0,2.0,0,1,0.118,0.1604,0
TX-109342,CUST-1673,RECIP-6020,357.12,15,6,922,120,0,5,62.17,0,24.1,1,0,0.1971,0.0324,0
TX-109343,CUST-1459,RECIP-9349,51.62,4,2,2127,438,0,5,118.03,2,39.2,0,0,0.7492,0.3005,0
TX-109344,CUST-2488,RECIP-7260,18.33,9,3,1994,18,1,0,88.65,1,8.7,0,0,0.2584,0.0404,0
TX-109345,CUST-1052,RECIP-9175,153.65,12,6,1753,1051,0,5,123.72,3,26.8,0,0,0.3708,0.0605,0
TX-109346,CUST-2285,RECIP-7496,114.87,7,6,1811,1058,0,1,84.07,2,14.4,0,2,0.1046,0.1585,0
TX-109347,CUST-1421,RECIP-7404,12.32,11,1,2379,440,0,1,69.57,0,27.5,0,0,0.0992,0.1007,0
TX-109348,CUST-1054,RECIP-5329,60.48,14,6,2090,42,1,0,254.58,1,6.2,0,0,0.6447,0.054,0
TX-109349,CUST-1990,RECIP-6809,28.98,22,5,666,1876,0,3,254.51,1,10.6,0,1,0.1667,0.3268,0
TX-109350,CUST-2017,RECIP-7502,77.85,7,4,1825,1454,0,5,415.0,0,4.9,0,0,0.1945,0.1613,0
TX-109351,CUST-1213,RECIP-5491,1400.33,2,1,427,1043,0,2,103.58,0,17.5,1,0,0.2248,0.2127,0
TX-109352,CUST-1057,RECIP-5729,44.13,20,4,1271,702,0,4,93.9,1,6.2,0,0,0.0819,0.1581,0
TX-109353,CUST-1167,RECIP-7657,45.23,13,4,196,970,0,4,107.95,0,62.2,0,0,0.2546,0.0269,0
TX-109354,CUST-1613,RECIP-6116,97.54,11,3,448,1933,0,0,61.28,2,16.3,0,0,0.1884,0.1809,0
TX-109355,CUST-1198,RECIP-8152,10.55,17,4,1812,656,0,6,40.6,1,10.2,0,0,0.4048,0.3033,0
TX-109356,CUST-2054,RECIP-7071,26.24,23,1,947,33,1,0,68.41,1,60.1,0,0,0.0276,0.1139,0
TX-109357,CUST-1116,RECIP-6817,116.75,3,4,430,930,0,6,59.12,0,69.3,0,0,0.2398,0.0485,0
TX-109358,CUST-2183,RECIP-5528,163.94,20,1,2449,425,0,3,156.45,0,3310.1,0,0,0.3278,0.0196,0
TX-109359,CUST-2311,RECIP-6827,397.35,15,2,2347,39,1,0,184.79,1,19.2,0,1,0.0156,0.1946,0
TX-109360,CUST-2075,RECIP-7439,112.98,14,3,596,1792,0,6,23.71,2,4.8,0,0,0.9096,0.2474,0
TX-109361,CUST-2416,RECIP-7579,169.63,20,1,1507,42,1,0,56.71,2,3.5,0,0,0.1616,0.1087,0
TX-109362,CUST-2408,RECIP-6215,99.45,7,6,755,712,0,4,137.98,1,8.2,0,0,0.0049,0.3438,0
TX-109363,CUST-1069,RECIP-5125,235.18,18,6,2016,1167,0,3,114.69,1,3.1,1,0,0.0371,0.0529,0
TX-109364,CUST-1512,RECIP-9206,25.35,13,3,1729,1022,0,2,88.12,1,3.9,0,0,0.0451,0.0937,0
TX-109365,CUST-2140,RECIP-9310,41.26,22,3,1103,253,0,2,86.21,3,2556.5,0,0,0.0739,0.2956,0
TX-109366,CUST-1509,RECIP-9068,79.85,11,2,2329,1524,0,5,132.85,0,37.5,0,0,0.0586,0.0609,0
TX-109367,CUST-2105,RECIP-6304,88.6,17,1,1845,29,1,0,138.84,1,1.0,0,0,0.1098,0.2764,0
TX-109368,CUST-2161,RECIP-7711,317.38,11,6,403,1165,0,1,38.67,1,32.2,0,0,0.187,0.3349,0
TX-109369,CUST-2495,RECIP-5634,15.44,9,2,1125,628,0,3,26.91,1,12.4,0,0,0.1022,0.2783,0
TX-109370,CUST-1494,RECIP-9075,439.3,9,6,2079,906,0,3,96.45,2,2844.0,0,0,0.3947,0.1187,0
TX-109371,CUST-1521,RECIP-5024,39.72,22,0,1360,26,1,0,177.68,1,3.3,0,0,0.1717,0.018,0
TX-109372,CUST-1036,RECIP-7118,129.03,20,0,276,16,1,0,73.71,1,594.5,0,0,0.2354,0.1368,0
TX-109373,CUST-1428,RECIP-8856,9.13,5,3,1940,491,0,4,525.49,1,31.9,0,0,0.2436,0.1012,0
TX-109374,CUST-1420,RECIP-8265,1118.5,20,5,1218,221,0,6,190.83,2,11.9,0,1,0.1434,0.1859,0
TX-109375,CUST-1679,RECIP-8884,310.99,14,2,618,314,0,2,72.28,2,17.6,0,0,0.1483,0.0669,0
TX-109376,CUST-1631,RECIP-7233,14.85,2,5,2044,1470,0,1,28.03,0,5.2,0,0,0.1279,0.1889,0
TX-109377,CUST-2284,RECIP-5428,20.06,18,0,2214,27,1,0,177.64,1,23.6,0,0,0.188,0.2338,0
TX-109378,CUST-2160,RECIP-5035,75.93,3,5,1481,3,1,0,54.72,1,10.8,0,0,0.3578,0.137,0
TX-109379,CUST-2092,RECIP-5685,31.4,20,3,1799,35,1,0,66.61,1,19.5,0,0,0.6959,0.261,1
TX-109380,CUST-1007,RECIP-5258,71.99,10,1,625,25,1,0,57.57,0,15.8,0,0,0.2685,0.0686,1
TX-109381,CUST-1707,RECIP-7015,57.0,21,4,1873,1281,0,3,39.38,1,5.5,0,0,0.0962,0.1113,0
TX-109382,CUST-2094,RECIP-5227,99.37,11,5,2263,21,1,0,68.68,2,38.0,0,0,0.1806,0.1184,0
TX-109383,CUST-1366,RECIP-5835,78.06,2,6,618,12,1,0,68.07,1,1.1,0,0,0.0197,0.0909,0
TX-109384,CUST-1637,RECIP-6887,139.24,18,0,2358,1337,0,1,54.05,1,46.7,0,0,0.7922,0.0324,0
TX-109385,CUST-2090,RECIP-8311,2263.86,17,4,252,608,0,4,63.07,0,23.5,0,0,0.1571,0.2068,0
TX-109386,CUST-2191,RECIP-8034,57.23,7,2,1131,32,1,0,386.56,0,16.8,0,0,0.071,0.1719,0
TX-109387,CUST-2281,RECIP-5261,28.06,4,3,209,43,1,0,173.16,1,3.8,0,0,0.1887,0.1679,0
TX-109388,CUST-1644,RECIP-9064,244.63,20,3,1135,126,0,4,90.19,0,9.0,0,0,0.2077,0.2142,0
TX-109389,CUST-1599,RECIP-7473,136.31,18,5,1628,1279,0,1,27.77,1,30.8,1,1,0.1088,0.4384,0
TX-109390,CUST-1574,RECIP-6569,78.48,7,2,2180,933,0,3,149.48,1,34.1,0,0,0.5905,0.2134,0
TX-109391,CUST-2002,RECIP-6722,108.83,16,1,400,1,1,0,393.8,2,65.7,0,1,0.8068,0.0843,0
TX-109392,CUST-1629,RECIP-8817,48.45,5,3,2221,934,0,7,364.24,1,25.9,0,0,0.3243,0.0539,0
TX-109393,CUST-1600,RECIP-7092,389.93,4,4,2498,1958,0,6,89.95,1,11.4,0,2,0.0262,0.1189,0
TX-109394,CUST-1252,RECIP-6106,250.39,15,5,194,812,0,4,129.01,0,7.3,0,0,0.2603,0.0388,0
TX-109395,CUST-1717,RECIP-6911,118.37,19,0,2403,1403,0,0,43.38,1,0.2,0,0,0.0732,0.0999,0
TX-109396,CUST-1355,RECIP-5307,62.25,22,3,2269,1709,0,5,121.36,1,3.1,1,0,0.0924,0.0985,1
TX-109397,CUST-1787,RECIP-5689,12.85,11,0,102,44,1,0,166.48,1,19.2,0,1,0.5115,0.0553,0
TX-109398,CUST-2332,RECIP-6415,210.63,3,4,186,1786,0,4,145.4,0,12.7,0,0,0.2792,0.0085,0
TX-109399,CUST-2163,RECIP-5991,98.77,13,4,1820,1025,0,4,240.25,1,18.8,0,0,0.046,0.0395,0
TX-109400,CUST-1717,RECIP-6571,1245.99,16,5,1066,14,1,0,163.14,1,9.6,0,0,0.2533,0.204,0
TX-109401,CUST-2466,RECIP-5291,18.69,23,1,674,35,1,0,29.23,0,6.4,1,0,0.1945,0.0868,0
TX-109402,CUST-2470,RECIP-7745,75.17,2,5,1028,15,1,0,74.68,0,42.7,0,0,0.318,0.0988,0
TX-109403,CUST-1666,RECIP-5518,68.97,15,4,872,625,0,3,209.88,1,2897.9,0,0,0.9673,0.1887,0
TX-109404,CUST-2145,RECIP-5976,11.42,12,4,2438,458,0,2,29.26,3,6.5,0,1,0.2743,0.0624,0
TX-109405,CUST-1513,RECIP-9400,17.1,14,4,623,209,0,3,104.74,0,3.5,0,0,0.0497,0.1844,0
TX-109406,CUST-2317,RECIP-5026,120.24,2,3,248,357,0,4,72.32,3,15.9,0,0,0.7195,0.0654,0
TX-109407,CUST-1560,RECIP-6259,1557.4,0,0,2081,1685,0,3,39.31,1,4.9,0,0,0.1725,0.2872,0
TX-109408,CUST-1387,RECIP-7250,369.78,14,5,2104,1724,0,10,201.45,0,6.8,0,0,0.1245,0.0227,0
TX-109409,CUST-1200,RECIP-6381,12.08,4,2,2237,12,1,0,55.23,0,8.6,0,0,0.5388,0.1224,0
TX-109410,CUST-2263,RECIP-6442,110.7,14,0,2428,44,1,0,487.12,0,9.4,0,0,0.1171,0.1013,0
TX-109411,CUST-1445,RECIP-5571,40.98,0,4,129,1950,0,4,84.71,0,0.8,0,1,0.3914,0.0496,0
TX-109412,CUST-2219,RECIP-6905,2589.1,19,6,1929,724,0,3,222.77,1,10.0,0,0,0.0646,0.0594,0
TX-109413,CUST-1129,RECIP-8398,101.9,7,4,696,843,0,5,350.16,1,19.1,0,0,0.381,0.079,0
TX-109414,CUST-1751,RECIP-7645,44.72,10,1,1071,409,0,2,127.34,0,0.2,0,0,0.276,0.0837,0
TX-109415,CUST-1641,RECIP-9158,223.86,8,5,1138,1896,0,4,105.97,0,10.4,0,0,0.0481,0.0944,0
TX-109416,CUST-1658,RECIP-8148,1195.85,10,5,2464,16,1,0,177.0,0,17.4,1,0,0.0431,0.1242,1
TX-109417,CUST-1251,RECIP-8553,118.36,12,2,1318,17,1,0,344.44,2,5.4,0,2,0.1703,0.2773,0
TX-109418,CUST-1110,RECIP-6942,89.53,15,3,580,205,0,8,127.02,2,31.8,0,0,0.0723,0.0994,0
TX-109419,CUST-1519,RECIP-7756,90.73,16,5,246,878,0,0,58.85,0,0.9,0,0,0.0778,0.095,0
TX-109420,CUST-1705,RECIP-7601,99.74,23,1,1484,600,0,2,33.77,3,7.5,0,0,0.2391,0.1351,0
TX-109421,CUST-2190,RECIP-8659,384.48,4,2,2080,19,1,0,128.86,2,2313.8,0,0,0.6347,0.3255,0
TX-109422,CUST-1693,RECIP-7254,239.78,20,3,1784,1323,0,3,46.73,4,31.8,0,0,0.0998,0.0486,0
TX-109423,CUST-1368,RECIP-6819,328.52,14,0,2336,1938,0,0,199.2,3,32.8,0,0,0.1705,0.3884,0
TX-109424,CUST-1393,RECIP-5315,9.59,7,1,133,8,1,0,256.36,1,2.4,0,0,0.2148,0.4365,0
TX-109425,CUST-1917,RECIP-8867,144.57,22,4,1025,1095,0,1,154.07,2,0.9,0,0,0.1764,0.0896,0
TX-109426,CUST-1653,RECIP-6959,28.34,16,1,1540,41,1,0,95.26,2,8.6,0,0,0.1458,0.0189,0
TX-109427,CUST-2351,RECIP-8593,561.43,4,1,2147,1572,0,3,158.08,0,24.8,0,0,0.0998,0.3984,0
TX-109428,CUST-1659,RECIP-8051,330.1,4,2,802,1412,0,4,101.62,2,38.8,0,0,0.0422,0.0665,0
TX-109429,CUST-1850,RECIP-5007,27.48,15,0,1700,28,1,0,81.79,1,15.3,0,1,0.0609,0.0457,0
TX-109430,CUST-1095,RECIP-7931,1223.86,17,4,543,1868,0,4,71.68,1,11.0,0,0,0.3056,0.0253,0
TX-109431,CUST-1290,RECIP-7195,49.04,1,1,1491,1241,0,3,108.59,1,11.5,0,0,0.0386,0.1408,0
TX-109432,CUST-2275,RECIP-6078,271.22,15,4,1944,1353,0,3,100.9,0,3.7,0,0,0.2231,0.1395,0
TX-109433,CUST-1517,RECIP-6190,114.16,12,5,2053,880,0,7,253.08,0,4.2,0,0,0.1821,0.2076,0
TX-109434,CUST-1631,RECIP-7870,63.64,23,3,1145,1014,0,5,153.07,0,1.6,0,0,0.2806,0.2162,0
TX-109435,CUST-1885,RECIP-5388,68.62,17,6,1198,320,0,7,36.9,2,45.2,0,0,0.2357,0.1029,0
TX-109436,CUST-1086,RECIP-7728,123.34,21,1,2208,27,1,0,144.91,3,9.5,0,0,0.1285,0.1804,0
TX-109437,CUST-1759,RECIP-8807,603.29,0,6,1382,1996,0,2,107.02,0,5.1,0,0,0.1908,0.2555,0
TX-109438,CUST-1519,RECIP-5390,120.37,18,2,894,406,0,4,123.37,1,11.0,0,0,0.1084,0.1969,0
TX-109439,CUST-1222,RECIP-5035,156.31,8,2,708,6,1,0,82.86,1,3.2,0,0,0.5117,0.2094,1
TX-109440,CUST-1627,RECIP-5272,260.81,13,6,1788,1609,0,2,102.54,2,0.5,0,3,0.2978,0.1545,0
TX-109441,CUST-1670,RECIP-8285,74.48,21,3,1789,321,0,6,343.2,2,2.2,0,0,0.2695,0.0278,0
TX-109442,CUST-1279,RECIP-8815,30.43,20,5,1358,9,1,0,75.85,2,17.2,1,1,0.195,0.2301,0
TX-109443,CUST-1814,RECIP-9446,101.67,5,5,422,787,0,4,61.92,1,12.2,0,3,0.0742,0.0651,0
TX-109444,CUST-2119,RECIP-5129,245.78,5,3,428,868,0,2,59.03,2,15.2,1,0,0.3108,0.0562,0
TX-109445,CUST-1400,RECIP-7169,83.01,17,2,630,833,0,11,44.82,1,14.4,0,0,0.1503,0.0103,0
TX-109446,CUST-2449,RECIP-5216,354.4,21,3,59,130,0,2,156.7,1,83.4,0,0,0.4905,0.227,0
TX-109447,CUST-1918,RECIP-6670,189.53,14,2,1215,578,0,4,240.84,2,14.9,0,0,0.1651,0.2929,0
TX-109448,CUST-2159,RECIP-6385,634.85,1,2,1054,1304,0,8,63.87,1,13.8,0,0,0.0575,0.2245,0
TX-109449,CUST-1105,RECIP-7726,865.06,3,1,981,30,1,0,148.48,1,9.6,0,0,0.3507,0.2066,1
TX-109450,CUST-2151,RECIP-9090,37.17,17,6,2339,575,0,3,216.95,1,1.5,1,0,0.3038,0.1548,0
TX-109451,CUST-1504,RECIP-8621,287.44,17,4,621,1804,0,3,118.12,1,3.9,0,1,0.2068,0.1614,0
TX-109452,CUST-2065,RECIP-5286,249.8,21,5,2027,29,1,0,101.04,3,32.4,0,0,0.3282,0.0213,0
TX-109453,CUST-2206,RECIP-6081,172.09,12,4,503,34,1,0,60.85,4,811.1,0,0,0.8627,0.08,1
TX-109454,CUST-1375,RECIP-6237,117.73,10,2,1540,44,1,0,158.8,1,16.4,1,0,0.0234,0.0438,0
TX-109455,CUST-1388,RECIP-6128,110.35,2,2,2156,27,1,0,83.37,4,1332.9,0,0,0.2461,0.1734,0
TX-109456,CUST-1089,RECIP-6589,3212.21,18,6,2099,155,0,3,156.31,2,15.9,1,0,0.3381,0.0938,0
TX-109457,CUST-1907,RECIP-7732,201.69,22,0,1489,42,1,0,67.79,0,33.4,0,0,0.2549,0.0904,0
TX-109458,CUST-2161,RECIP-8328,84.77,1,2,541,27,1,0,126.99,0,14.8,0,0,0.4534,0.1137,0
TX-109459,CUST-1615,RECIP-9229,142.24,11,5,962,1018,0,6,225.35,0,0.5,0,0,0.1075,0.2402,0
TX-109460,CUST-1241,RECIP-8163,75.52,8,3,1078,504,0,3,143.01,3,2741.6,0,1,0.4434,0.1036,0
TX-109461,CUST-1474,RECIP-6342,72.33,17,4,2119,813,0,3,61.74,0,7.5,1,1,0.2312,0.2267,0
TX-109462,CUST-1604,RECIP-5828,70.31,18,0,962,1112,0,4,43.76,1,34.4,0,0,0.2874,0.0582,0
TX-109463,CUST-2374,RECIP-6695,197.31,5,1,2068,554,0,3,104.96,0,32.2,1,0,0.5783,0.0625,0
TX-109464,CUST-1186,RECIP-8598,72.54,22,4,2380,738,0,8,281.85,1,27.2,0,0,0.0212,0.4071,0
TX-109465,CUST-1514,RECIP-9469,86.51,3,2,303,36,1,0,180.15,1,10.4,0,0,0.436,0.2038,0
TX-109466,CUST-1957,RECIP-6765,115.38,18,3,2341,11,1,0,438.59,2,17.0,0,3,0.2795,0.0519,0
TX-109467,CUST-1355,RECIP-5792,214.22,17,6,1431,1233,0,4,777.18,3,16.2,1,0,0.0652,0.085,0
TX-109468,CUST-2327,RECIP-5022,362.39,3,4,1514,628,0,2,92.32,0,37.2,0,0,0.3154,0.1144,0
TX-109469,CUST-2363,RECIP-5346,45.67,16,4,784,1690,0,5,160.17,1,39.1,0,0,0.0817,0.1502,0
TX-109470,CUST-1570,RECIP-7865,164.7,6,1,854,1724,0,3,99.24,2,5.6,0,0,0.955,0.0994,0
TX-109471,CUST-2118,RECIP-7653,173.74,6,4,1365,23,1,0,66.19,1,10.6,0,0,0.0231,0.0161,0
TX-109472,CUST-2133,RECIP-7894,110.05,2,6,521,23,1,0,138.63,0,7.3,0,0,0.332,0.2231,0
TX-109473,CUST-2022,RECIP-5109,13.69,17,4,1803,494,0,7,120.47,0,13.9,0,0,0.0377,0.1544,0
TX-109474,CUST-1279,RECIP-6966,87.85,19,5,1677,23,1,0,96.03,2,31.6,0,0,0.155,0.0761,0
TX-109475,CUST-1074,RECIP-5811,112.56,12,6,51,1854,0,6,76.45,0,12.2,0,0,0.2797,0.1322,0
TX-109476,CUST-1520,RECIP-6514,377.32,18,6,550,260,0,5,110.21,0,430.6,0,1,0.2815,0.1194,0
TX-109477,CUST-1196,RECIP-7799,4012.33,8,2,1298,1601,0,2,75.61,0,266.7,1,0,0.209,0.3273,1
TX-109478,CUST-1438,RECIP-6240,184.54,13,2,1863,1032,0,9,89.79,1,6.4,0,0,0.6571,0.1921,0
TX-109479,CUST-1957,RECIP-7967,9099.26,18,1,750,33,1,0,43.5,0,12.2,0,0,0.3687,0.5319,1
TX-109480,CUST-1883,RECIP-6301,854.65,10,5,2220,370,0,4,54.18,1,3.0,0,0,0.3075,0.0917,0
TX-109481,CUST-1314,RECIP-7296,53.74,14,2,1349,1900,0,5,66.51,2,4.1,1,0,0.0255,0.1167,0
TX-109482,CUST-1026,RECIP-7065,258.49,3,5,1361,465,0,4,115.68,6,5.7,1,0,0.274,0.2177,0
TX-109483,CUST-1338,RECIP-6726,78.44,12,5,301,1204,0,1,105.73,0,2584.8,0,0,0.1641,0.1587,0
TX-109484,CUST-1682,RECIP-5567,145.21,20,4,1581,43,1,0,63.9,2,14.0,0,2,0.012,0.3236,0
TX-109485,CUST-2168,RECIP-7592,33.01,18,0,2049,18,1,0,68.37,4,21.3,0,0,0.1904,0.0856,1
TX-109486,CUST-1547,RECIP-9455,50.46,7,4,552,342,0,2,116.43,3,16.0,0,0,0.0622,0.3545,0
TX-109487,CUST-1428,RECIP-7895,17.89,13,1,1372,370,0,5,69.56,2,15.0,0,0,0.0454,0.2598,0
TX-109488,CUST-1827,RECIP-8356,92.34,14,3,45,1296,0,3,48.66,1,32.0,0,0,0.0791,0.0787,0
TX-109489,CUST-1107,RECIP-8615,44.11,22,1,551,1472,0,4,165.99,1,11.0,0,0,0.3856,0.2026,0
TX-109490,CUST-1338,RECIP-5171,1116.48,19,0,205,21,1,0,35.82,3,1.6,0,0,0.185,0.1156,1
TX-109491,CUST-1054,RECIP-8567,353.41,19,4,1931,1561,0,4,45.63,1,0.9,0,0,0.1206,0.1499,0
TX-109492,CUST-1788,RECIP-6091,55.23,18,3,2489,1386,0,5,230.73,1,10.5,0,0,0.6396,0.1558,0
TX-109493,CUST-1664,RECIP-7991,39.6,8,4,123,33,1,0,41.79,1,5.6,0,1,0.0863,0.1066,0
TX-109494,CUST-1873,RECIP-9427,42.37,9,3,1764,805,0,3,305.29,0,4.0,0,1,0.024,0.3996,0
TX-109495,CUST-1925,RECIP-9024,37.44,11,2,1494,781,0,3,41.74,2,10.9,0,0,0.247,0.3217,0
TX-109496,CUST-1592,RECIP-6864,32.29,10,0,1764,34,1,0,48.28,2,500.7,0,0,0.3025,0.0988,0
TX-109497,CUST-2303,RECIP-8771,83.72,22,1,1269,42,1,0,45.23,0,31.7,1,0,0.6224,0.0251,0
TX-109498,CUST-2377,RECIP-7783,44.0,21,6,2478,44,1,0,37.26,2,787.4,1,0,0.1683,0.0261,0
TX-109499,CUST-1166,RECIP-5599,28.71,21,5,127,43,1,0,283.87,2,8.5,1,4,0.0363,0.0825,0
TX-109500,CUST-2380,RECIP-6079,360.64,14,3,398,1390,0,4,244.98,0,39.1,0,0,0.6775,0.0164,0
TX-109501,CUST-1295,RECIP-9305,49.28,4,0,646,1224,0,4,35.04,1,3032.6,1,0,0.2153,0.0822,0
TX-109502,CUST-1372,RECIP-9118,48.25,3,6,1962,30,1,0,324.23,2,506.1,0,2,0.0017,0.2502,0
TX-109503,CUST-1794,RECIP-9012,550.14,6,5,220,1705,0,1,39.75,1,7.9,1,0,0.0494,0.2152,0
TX-109504,CUST-1044,RECIP-6728,699.21,15,0,335,688,0,3,919.16,0,2.5,0,1,0.0481,0.2418,0
TX-109505,CUST-1546,RECIP-6444,244.09,8,1,1838,110,0,3,89.23,1,12.9,0,0,0.0752,0.0542,0
TX-109506,CUST-1291,RECIP-8627,116.03,15,1,1063,1148,0,4,63.52,1,2.2,0,0,0.2488,0.0116,0
TX-109507,CUST-1723,RECIP-5090,41.43,21,6,1773,292,0,3,144.89,1,15.1,0,0,0.1797,0.1083,0
TX-109508,CUST-2222,RECIP-9038,287.53,8,6,935,26,1,0,51.53,1,2.4,0,0,0.093,0.1931,0
TX-109509,CUST-2386,RECIP-7717,50.78,22,2,250,30,1,0,34.53,0,16.9,0,0,0.2156,0.1886,0
TX-109510,CUST-1318,RECIP-7847,18.6,12,1,1504,466,0,3,71.86,1,14.2,0,4,0.1055,0.0409,0
TX-109511,CUST-1817,RECIP-6972,56.59,19,4,299,1892,0,5,105.94,4,8.4,0,0,0.0579,0.2781,0
TX-109512,CUST-1711,RECIP-9406,26.62,1,1,1212,569,0,2,19.69,0,11.3,0,1,0.0652,0.1425,0
TX-109513,CUST-1622,RECIP-8373,304.69,6,0,2204,1055,0,1,50.88,0,2.7,0,0,0.8814,0.1006,0
TX-109514,CUST-1949,RECIP-5242,3902.41,22,1,481,1755,0,6,431.04,4,1540.8,0,0,0.0745,0.0281,0
TX-109515,CUST-2484,RECIP-7360,449.62,21,1,526,24,1,0,98.99,2,11.1,0,0,0.0672,0.2504,0
TX-109516,CUST-1607,RECIP-8868,289.02,13,0,2372,642,0,1,16.5,6,2220.8,0,0,0.2826,0.1158,0
TX-109517,CUST-1097,RECIP-5344,43.31,0,4,780,97,0,6,99.74,0,17.1,1,0,0.372,0.0498,0
TX-109518,CUST-2373,RECIP-8315,34.83,1,2,950,1616,0,3,130.29,0,2098.5,0,2,0.0666,0.0888,0
TX-109519,CUST-2398,RECIP-6101,621.32,10,3,1720,8,1,0,98.31,0,28.3,1,0,0.2247,0.1438,1
TX-109520,CUST-1483,RECIP-7279,497.1,21,3,346,1957,0,2,179.47,0,5.6,0,0,0.1269,0.1232,0
TX-109521,CUST-1752,RECIP-8971,601.5,9,5,179,1457,0,5,80.19,1,20.2,0,1,0.3044,0.1313,0
TX-109522,CUST-2293,RECIP-7215,301.74,21,5,2112,5,1,0,213.44,1,8.7,1,0,0.1232,0.1347,0
TX-109523,CUST-1755,RECIP-5169,119.85,12,3,2370,991,0,4,98.62,0,2.3,0,0,0.2896,0.1929,0
TX-109524,CUST-1721,RECIP-5093,143.38,3,5,2467,1063,0,1,108.64,0,9.8,0,0,0.0723,0.103,0
TX-109525,CUST-2382,RECIP-8315,179.84,13,3,86,1484,0,1,129.12,1,47.7,0,0,0.4827,0.1024,0
TX-109526,CUST-2243,RECIP-9189,71.27,8,0,1338,779,0,2,167.78,0,2.3,0,0,0.7826,0.4246,0
TX-109527,CUST-1760,RECIP-6313,396.46,5,6,2127,574,0,2,130.03,0,2273.9,0,0,0.1813,0.4227,0
TX-109528,CUST-1242,RECIP-9209,556.21,16,5,2116,316,0,6,56.98,2,1.4,0,0,0.0424,0.1751,0
TX-109529,CUST-1657,RECIP-7036,91.38,4,2,921,912,0,7,330.99,1,3.4,0,0,0.1894,0.2886,0
TX-109530,CUST-2014,RECIP-5264,140.53,21,2,1240,993,0,4,55.32,4,2794.7,0,1,0.7107,0.1811,0
TX-109531,CUST-1408,RECIP-7389,10625.11,19,6,400,1270,0,5,51.9,0,6.1,0,0,0.1155,0.112,1
TX-109532,CUST-1805,RECIP-9381,162.52,18,2,373,19,1,0,23.14,0,14.5,0,0,0.0604,0.0848,0
TX-109533,CUST-1988,RECIP-6125,495.72,1,2,962,471,0,7,82.2,2,66.6,1,0,0.2064,0.2875,0
TX-109534,CUST-1127,RECIP-9322,59.2,23,5,598,492,0,5,68.48,2,9.7,0,0,0.0355,0.2359,0
TX-109535,CUST-1854,RECIP-7933,41.61,11,2,2432,22,1,0,104.68,0,20.1,0,0,0.8306,0.3238,1
TX-109536,CUST-2106,RECIP-6782,124.08,17,2,227,377,0,2,53.42,2,14.1,0,1,0.1775,0.1463,0
TX-109537,CUST-1321,RECIP-8120,46.16,4,5,1336,334,0,2,342.97,0,50.7,0,0,0.3062,0.1707,0
TX-109538,CUST-1822,RECIP-6803,66.43,18,1,1404,1611,0,4,64.06,1,15.0,0,0,0.5599,0.0725,0
TX-109539,CUST-2064,RECIP-5382,178.9,7,0,176,22,1,0,64.06,3,18.0,0,0,0.1822,0.3871,0
TX-109540,CUST-1066,RECIP-8918,149.11,16,2,1118,25,1,0,94.3,2,1123.7,0,1,0.8269,0.3195,0
TX-109541,CUST-1966,RECIP-6682,38.04,6,1,2355,1189,0,8,131.74,2,13.5,0,0,0.1714,0.1666,0
TX-109542,CUST-1389,RECIP-7545,796.41,22,2,300,1644,0,5,246.47,0,34.1,0,0,0.0097,0.0611,0
TX-109543,CUST-1596,RECIP-8349,501.3,17,0,384,8,1,0,147.54,0,900.2,0,0,0.3264,0.1289,0
TX-109544,CUST-1972,RECIP-5373,62.81,10,4,438,1768,0,4,145.6,2,8.7,0,2,0.0069,0.155,0
TX-109545,CUST-1006,RECIP-8247,86.72,10,3,165,1160,0,3,108.81,1,7.1,0,0,0.2375,0.133,0
TX-109546,CUST-1025,RECIP-6643,60.4,0,1,2215,125,0,4,53.82,2,2257.5,0,0,0.2184,0.3125,0
TX-109547,CUST-1669,RECIP-7450,12.96,7,4,142,389,0,2,62.65,2,5.7,0,0,0.0166,0.2542,0
TX-109548,CUST-2424,RECIP-7057,99.79,18,1,724,1061,0,6,18.84,1,1.8,0,0,0.047,0.5311,0
TX-109549,CUST-1009,RECIP-8499,158.8,19,0,2071,1636,0,4,78.65,1,5.7,0,0,0.8828,0.1351,0
TX-109550,CUST-2183,RECIP-5843,66.12,23,3,2488,345,0,2,160.76,1,3065.1,0,0,0.1036,0.0718,0
TX-109551,CUST-1112,RECIP-5484,71.38,2,1,407,1525,0,2,81.89,2,12.1,1,0,0.1436,0.0238,0
TX-109552,CUST-1733,RECIP-6849,64.69,6,5,919,1785,0,6,137.62,1,31.7,0,0,0.1546,0.0741,0
TX-109553,CUST-1645,RECIP-5531,37.8,18,2,472,39,1,0,413.51,1,16.1,1,0,0.7044,0.0741,0
TX-109554,CUST-1702,RECIP-6092,47.1,8,3,505,1135,0,1,107.73,1,21.4,0,0,0.1581,0.2195,0
TX-109555,CUST-1122,RECIP-7958,495.61,5,2,2361,42,1,0,153.04,4,8.6,0,0,0.1521,0.2613,0
TX-109556,CUST-2130,RECIP-8684,1661.31,6,3,863,658,0,2,108.57,2,2.4,0,0,0.0582,0.2171,0
TX-109557,CUST-1413,RECIP-8120,233.6,22,0,1540,3,1,0,53.88,1,3.6,0,0,0.1894,0.0225,0
TX-109558,CUST-2156,RECIP-6429,52.53,20,6,417,932,0,2,84.77,3,15.0,0,0,0.1732,0.1267,0
TX-109559,CUST-1983,RECIP-8665,265.85,0,1,734,959,0,4,43.95,2,0.9,0,0,0.2851,0.1525,0
TX-109560,CUST-1826,RECIP-6827,335.81,20,2,921,704,0,2,187.97,0,73.5,0,0,0.0632,0.1034,0
TX-109561,CUST-1462,RECIP-5814,61.97,13,5,1478,1090,0,2,199.71,1,6.4,0,0,0.141,0.1338,0
TX-109562,CUST-1978,RECIP-8403,1583.01,20,2,2253,583,0,5,92.81,4,1689.0,0,0,0.2393,0.112,0
TX-109563,CUST-2496,RECIP-7325,33.65,14,4,630,28,1,0,375.12,1,54.6,0,0,0.0404,0.02,0
TX-109564,CUST-2384,RECIP-6667,25.98,16,0,1623,1384,0,7,83.97,0,16.8,0,0,0.1834,0.0641,0
TX-109565,CUST-2374,RECIP-7973,38.33,13,2,1250,378,0,2,191.44,1,1442.8,1,0,0.4272,0.2061,0
TX-109566,CUST-1329,RECIP-8261,673.08,17,5,1993,1710,0,3,82.64,1,2.6,0,3,0.1529,0.0258,0
TX-109567,CUST-1877,RECIP-6006,210.89,19,1,856,574,0,1,139.09,5,14.5,0,0,0.7244,0.1901,0
TX-109568,CUST-1596,RECIP-5527,43.8,12,2,1076,36,1,0,34.97,1,3107.3,0,0,0.1314,0.2063,0
TX-109569,CUST-2450,RECIP-7326,10.69,2,0,1567,42,1,0,68.63,2,56.7,0,0,0.1921,0.0727,0
TX-109570,CUST-2425,RECIP-5231,50.13,2,3,1124,1382,0,5,104.56,1,19.8,0,0,0.3807,0.2641,0
TX-109571,CUST-2302,RECIP-7873,65.0,9,2,1904,1879,0,6,188.24,3,22.4,0,0,0.0768,0.0621,0
TX-109572,CUST-1244,RECIP-6979,141.89,11,6,64,23,1,0,103.07,1,10.8,0,0,0.1603,0.0598,0
TX-109573,CUST-1478,RECIP-5965,5.85,20,2,890,1629,0,5,277.24,2,13.0,1,2,0.0938,0.119,0
TX-109574,CUST-2066,RECIP-7693,64.0,0,5,460,959,0,5,75.83,0,34.4,1,1,0.8093,0.4157,0
TX-109575,CUST-2124,RECIP-6690,86.27,21,6,385,386,0,5,49.69,2,3.0,0,0,0.8479,0.1111,0
TX-109576,CUST-1525,RECIP-6747,96.53,1,5,161,403,0,5,404.49,1,12.9,0,0,0.0129,0.2686,0
TX-109577,CUST-1205,RECIP-5973,201.47,11,5,908,1214,0,5,31.89,2,14.0,0,1,0.1607,0.0899,0
TX-109578,CUST-1205,RECIP-8042,32.5,10,4,567,339,0,5,57.34,1,5.5,0,0,0.1233,0.0695,0
TX-109579,CUST-2026,RECIP-9063,78.1,13,3,1902,925,0,4,98.87,0,6.9,0,0,0.026,0.2939,0
TX-109580,CUST-1681,RECIP-7784,99.53,1,0,1270,958,0,1,79.82,1,1.9,0,0,0.5823,0.2191,0
TX-109581,CUST-1736,RECIP-6065,66.44,18,0,1974,216,0,4,109.37,1,6.3,0,0,0.6077,0.0836,0
TX-109582,CUST-2223,RECIP-8750,142.31,3,2,2216,1702,0,4,107.1,2,2.6,1,0,0.0862,0.2515,0
TX-109583,CUST-1025,RECIP-5543,32.34,18,4,1970,206,0,1,516.58,0,19.4,0,0,0.2023,0.2764,0
TX-109584,CUST-2131,RECIP-6303,153.29,13,0,1069,670,0,5,83.17,0,22.6,0,0,0.1108,0.2421,0
TX-109585,CUST-1411,RECIP-5158,710.06,21,6,2437,1722,0,3,130.33,1,8.0,0,0,0.0717,0.3329,0
TX-109586,CUST-2396,RECIP-8817,211.3,23,6,981,132,0,3,103.46,4,18.5,0,1,0.532,0.3686,0
TX-109587,CUST-2433,RECIP-5202,321.66,20,0,2067,21,1,0,16.08,0,16.7,0,1,0.2651,0.0839,0
TX-109588,CUST-1753,RECIP-7458,235.35,10,0,456,1696,0,4,40.43,1,4.5,0,1,0.138,0.3027,0
TX-109589,CUST-1473,RECIP-5862,21.47,9,5,2422,41,1,0,18.92,1,2.0,0,0,0.3187,0.2162,0
TX-109590,CUST-1349,RECIP-5954,44.32,15,1,778,1827,0,3,42.97,2,13.2,0,0,0.0608,0.324,0
TX-109591,CUST-1272,RECIP-7736,116.65,15,1,1578,352,0,4,85.64,2,64.8,0,0,0.2801,0.0117,0
TX-109592,CUST-2498,RECIP-8616,61.91,18,1,904,377,0,5,185.7,1,1.5,0,0,0.0705,0.0698,0
TX-109593,CUST-1281,RECIP-5079,45.38,11,4,596,1175,0,3,266.08,2,2304.5,0,0,0.7975,0.1653,0
TX-109594,CUST-1669,RECIP-5713,231.7,11,0,843,1909,0,4,641.94,1,0.1,0,0,0.1062,0.3072,0
TX-109595,CUST-1718,RECIP-6290,278.83,2,1,1532,1534,0,7,103.76,2,18.6,0,0,0.2483,0.1031,0
TX-109596,CUST-2018,RECIP-9246,15.03,4,2,306,1242,0,6,99.47,0,2.7,0,0,0.5096,0.0918,0
TX-109597,CUST-2263,RECIP-5261,31.14,19,4,518,40,1,0,32.78,2,0.7,0,0,0.3201,0.0835,0
TX-109598,CUST-1836,RECIP-5803,132.35,23,6,2302,8,1,0,45.8,1,42.8,0,0,0.1368,0.4299,0
TX-109599,CUST-2137,RECIP-6816,445.8,14,1,240,9,1,0,177.93,1,8.8,0,0,0.0464,0.3496,0
TX-109600,CUST-1850,RECIP-6465,688.09,8,1,1814,40,1,0,413.17,0,7.8,0,0,0.0885,0.0673,0
TX-109601,CUST-1655,RECIP-5218,67.99,1,3,774,399,0,4,276.47,1,1.1,0,0,0.0273,0.2097,0
TX-109602,CUST-1236,RECIP-7430,31.28,1,2,818,35,1,0,61.2,0,2160.6,0,0,0.3467,0.0169,0
TX-109603,CUST-1313,RECIP-7733,92.63,16,4,926,40,1,0,40.77,1,3.1,0,0,0.0159,0.0459,0
TX-109604,CUST-1648,RECIP-5796,106.92,15,1,975,25,1,0,24.85,2,29.8,1,0,0.6024,0.2374,0
TX-109605,CUST-1069,RECIP-8097,13.79,6,4,1780,5,1,0,91.29,1,26.5,0,0,0.5149,0.205,0
TX-109606,CUST-1474,RECIP-5255,85.42,4,6,2017,1325,0,4,419.61,3,46.1,0,0,0.0875,0.1535,0
TX-109607,CUST-1693,RECIP-8291,21.75,1,4,926,6,1,0,65.97,1,0.7,0,0,0.2872,0.357,0
TX-109608,CUST-1708,RECIP-6166,345.57,16,5,453,31,1,0,60.2,1,21.8,1,0,0.247,0.1312,0
TX-109609,CUST-2222,RECIP-6009,67.96,14,0,37,26,1,0,80.08,1,4.3,0,0,0.7076,0.3494,0
TX-109610,CUST-2451,RECIP-5883,49.46,7,6,1819,1601,0,4,78.6,1,23.5,0,0,0.6988,0.0571,0
TX-109611,CUST-2094,RECIP-8908,156.39,17,4,2294,1489,0,3,102.74,1,2998.6,1,0,0.7988,0.0237,0
TX-109612,CUST-1119,RECIP-7259,294.17,20,4,114,950,0,6,14.62,1,6.4,0,0,0.0339,0.2928,0
TX-109613,CUST-1612,RECIP-8106,39.46,12,1,1485,18,1,0,46.07,2,6.1,0,0,0.3054,0.2095,0
TX-109614,CUST-2094,RECIP-5917,104.14,6,3,569,1313,0,4,72.11,0,5.3,0,0,0.2042,0.1298,0
TX-109615,CUST-1892,RECIP-5254,114.77,0,4,550,1934,0,6,118.36,1,25.3,0,0,0.0588,0.1182,0
TX-109616,CUST-1686,RECIP-5171,233.9,19,4,2076,44,1,0,63.02,1,7.6,0,0,0.1507,0.1975,0
TX-109617,CUST-1654,RECIP-6983,89.04,13,0,653,1381,0,6,113.23,1,3170.3,0,0,0.2218,0.1005,0
TX-109618,CUST-1608,RECIP-6469,18.08,8,0,780,1725,0,6,60.35,1,7.9,0,0,0.1163,0.7655,0
TX-109619,CUST-1868,RECIP-8454,87.45,0,3,336,44,1,0,181.65,0,61.1,0,0,0.4307,0.1863,0
TX-109620,CUST-1268,RECIP-8547,929.13,19,5,2262,215,0,4,123.03,2,50.4,0,0,0.1382,0.365,0
TX-109621,CUST-1776,RECIP-6399,719.74,22,2,2269,1837,0,4,111.6,1,0.6,0,0,0.1808,0.1202,0
TX-109622,CUST-1308,RECIP-6951,42.98,11,4,2285,266,0,5,178.06,0,46.7,0,0,0.9187,0.0611,0
TX-109623,CUST-2021,RECIP-6717,21.11,6,6,598,1539,0,7,150.08,0,14.6,0,0,0.0803,0.1093,0
TX-109624,CUST-2297,RECIP-8037,308.1,14,6,493,988,0,2,63.42,1,10.8,0,0,0.1352,0.3093,0
TX-109625,CUST-1761,RECIP-7833,198.83,20,4,2353,1474,0,2,53.08,0,3.7,0,0,0.1101,0.2871,0
TX-109626,CUST-1581,RECIP-7929,93.42,14,5,1544,1428,0,6,267.78,0,6.4,0,0,0.4311,0.3198,0
TX-109627,CUST-2410,RECIP-5249,29.01,0,0,682,449,0,2,421.03,1,539.6,0,2,0.0594,0.1996,0
TX-109628,CUST-1989,RECIP-6520,191.82,4,0,145,249,0,3,236.16,0,10.8,1,0,0.093,0.1582,0
TX-109629,CUST-1642,RECIP-9351,48.43,2,4,2004,22,1,0,231.68,1,42.6,0,0,0.3775,0.0384,0
TX-109630,CUST-1043,RECIP-6538,13.04,9,5,2011,448,0,6,45.64,3,3.0,0,0,0.3876,0.0369,0
TX-109631,CUST-1023,RECIP-5785,243.21,10,1,55,1,1,0,87.34,1,20.4,0,0,0.2584,0.2818,0
TX-109632,CUST-1332,RECIP-5898,9.47,12,4,1211,229,0,4,79.25,2,5.1,0,0,0.1558,0.0155,0
TX-109633,CUST-1354,RECIP-5120,877.34,18,2,1223,1379,0,2,77.19,1,17.2,1,0,0.0187,0.1244,0
TX-109634,CUST-2082,RECIP-8513,209.95,2,0,1176,43,1,0,54.0,1,1289.0,0,0,0.272,0.1423,0
TX-109635,CUST-1750,RECIP-5023,106.23,22,2,941,1645,0,4,127.99,0,7.2,0,0,0.1241,0.0219,0
TX-109636,CUST-2499,RECIP-7682,194.03,6,3,841,32,1,0,129.13,4,5.8,1,0,0.2033,0.1915,1
TX-109637,CUST-1810,RECIP-6797,292.85,12,5,856,32,1,0,49.92,1,7.5,0,0,0.1036,0.0465,1
TX-109638,CUST-2354,RECIP-5426,31.38,5,6,2303,1664,0,0,56.87,1,10.1,0,0,0.469,0.56,0
TX-109639,CUST-1828,RECIP-8979,89.82,8,6,2480,1812,0,6,115.0,1,5.6,1,0,0.0794,0.062,0
TX-109640,CUST-1537,RECIP-8338,84.16,19,0,306,1614,0,1,96.73,0,14.5,0,0,0.1444,0.094,0
TX-109641,CUST-2071,RECIP-8688,80.32,1,6,1810,788,0,3,63.07,1,26.6,0,0,0.0715,0.0843,0
TX-109642,CUST-1674,RECIP-9214,187.18,11,3,1446,1,1,0,85.11,0,11.2,0,0,0.1988,0.0638,0
TX-109643,CUST-1411,RECIP-9104,181.15,14,1,661,739,0,3,37.03,1,1525.1,0,0,0.707,0.0954,0
TX-109644,CUST-1709,RECIP-8152,270.04,13,4,489,1195,0,6,163.4,2,0.6,0,0,0.2087,0.0801,0
TX-109645,CUST-1997,RECIP-7402,30.01,9,0,1888,519,0,7,73.72,2,1.7,0,0,0.0359,0.1189,0
TX-109646,CUST-1563,RECIP-8136,125.97,9,3,930,1635,0,4,71.84,0,7.9,0,0,0.139,0.4379,0
TX-109647,CUST-2056,RECIP-7019,27.33,21,5,350,264,0,6,141.98,0,4.2,0,0,0.0626,0.1079,0
TX-109648,CUST-2471,RECIP-5815,142.02,5,6,2423,1925,0,5,217.8,2,10.4,0,0,0.1775,0.089,0
TX-109649,CUST-1616,RECIP-6736,536.1,11,2,2317,996,0,4,99.6,0,17.8,0,0,0.0889,0.3479,0
TX-109650,CUST-1442,RECIP-7101,470.14,8,1,1064,1705,0,3,62.12,4,21.2,0,0,0.8027,0.0664,0
TX-109651,CUST-1603,RECIP-5208,21.44,18,4,1083,1026,0,3,134.2,1,11.9,0,1,0.1529,0.0104,0
TX-109652,CUST-2257,RECIP-8813,26.25,19,1,1068,13,1,0,103.89,2,3192.4,0,0,0.4337,0.022,1
TX-109653,CUST-1268,RECIP-9092,143.48,20,6,500,35,1,0,125.69,1,2.4,0,0,0.2549,0.1844,0
TX-109654,CUST-2460,RECIP-6889,47.89,2,2,290,1774,0,6,182.43,1,29.8,0,0,0.1783,0.2409,0
TX-109655,CUST-1620,RECIP-7232,356.03,2,1,703,14,1,0,87.11,1,12.6,0,0,0.1112,0.2189,1
TX-109656,CUST-2262,RECIP-8784,205.79,9,1,985,334,0,1,214.02,1,4.0,0,0,0.6836,0.1381,0
TX-109657,CUST-2180,RECIP-7047,156.07,10,2,413,764,0,4,64.46,0,2863.0,0,0,0.0152,0.1918,0
TX-109658,CUST-2175,RECIP-8096,28.13,1,5,117,6,1,0,59.45,0,24.1,0,0,0.1906,0.1056,0
TX-109659,CUST-2363,RECIP-7318,214.02,21,6,2328,945,0,9,194.69,0,16.5,0,0,0.0843,0.1716,0
TX-109660,CUST-1277,RECIP-6220,170.01,21,5,2197,203,0,3,138.48,0,6.1,0,0,0.3245,0.1429,0
TX-109661,CUST-1890,RECIP-8573,982.95,10,4,785,1049,0,0,88.28,1,29.2,1,2,0.2007,0.2815,1
TX-109662,CUST-1148,RECIP-5867,17.93,18,1,1547,397,0,5,98.3,4,10.5,1,0,0.1198,0.0245,0
TX-109663,CUST-1449,RECIP-6010,461.65,13,6,382,662,0,4,79.52,1,10.8,0,0,0.3142,0.1894,0
TX-109664,CUST-1060,RECIP-8111,25.52,15,6,2319,1353,0,2,85.57,2,11.8,0,0,0.2047,0.0061,0
TX-109665,CUST-2023,RECIP-8194,78.04,20,4,2037,1389,0,4,39.48,3,44.2,0,0,0.0501,0.1002,0
TX-109666,CUST-1911,RECIP-9295,152.64,2,5,464,26,1,0,55.64,2,1684.2,0,0,0.0735,0.246,0
TX-109667,CUST-2110,RECIP-8198,277.41,5,2,556,1049,0,3,88.61,1,10.6,0,0,0.186,0.0412,0
TX-109668,CUST-1264,RECIP-5111,39.79,10,3,851,44,1,0,30.68,2,4.7,1,0,0.221,0.0979,0
TX-109669,CUST-1498,RECIP-8822,31.62,21,5,262,916,0,5,19.7,1,4.8,1,0,0.1758,0.0614,0
TX-109670,CUST-2014,RECIP-6862,128.45,14,2,886,1621,0,2,29.65,1,2385.6,1,0,0.1728,0.0353,0
TX-109671,CUST-2239,RECIP-5039,719.35,9,5,1680,854,0,2,240.44,1,4.2,0,1,0.214,0.088,0
TX-109672,CUST-2328,RECIP-7605,596.66,0,6,1823,1197,0,4,418.98,3,3.7,0,1,0.4545,0.0677,0
TX-109673,CUST-1110,RECIP-5766,1779.07,14,6,48,106,0,3,122.44,1,17.7,0,0,0.1681,0.2547,0
TX-109674,CUST-1603,RECIP-6871,125.38,6,2,899,15,1,0,87.09,0,19.2,0,0,0.23,0.14,0
TX-109675,CUST-1016,RECIP-7119,70.7,7,3,2086,1556,0,5,235.02,1,1.2,0,0,0.4783,0.2701,0
TX-109676,CUST-2227,RECIP-5333,67.83,23,2,2180,1318,0,6,43.65,0,41.4,0,0,0.0693,0.0654,0
TX-109677,CUST-1184,RECIP-8827,63.94,12,3,1419,1934,0,6,125.01,1,13.2,1,0,0.1211,0.3057,0
TX-109678,CUST-2233,RECIP-7296,109.15,3,5,1846,35,1,0,125.6,1,3224.6,0,0,0.3646,0.2542,0
TX-109679,CUST-1234,RECIP-9343,53.96,1,2,639,314,0,3,82.1,0,8.7,0,2,0.4761,0.2798,0
TX-109680,CUST-1023,RECIP-7091,66.31,9,1,2174,23,1,0,24.7,2,2837.9,0,0,0.2911,0.2137,1
TX-109681,CUST-2318,RECIP-7676,45.31,1,1,1199,621,0,7,228.61,0,26.5,0,0,0.2968,0.3082,0
TX-109682,CUST-1658,RECIP-8655,74.1,10,5,1738,30,1,0,64.68,0,31.8,0,1,0.1886,0.3654,0
TX-109683,CUST-1637,RECIP-5954,80.88,9,6,678,1703,0,5,58.67,1,839.9,0,0,0.1267,0.0179,0
TX-109684,CUST-1970,RECIP-9090,117.29,21,0,457,1467,0,4,32.01,1,23.8,0,0,0.0399,0.0065,0
TX-109685,CUST-1412,RECIP-5830,163.64,8,6,1346,40,1,0,154.91,0,2927.5,0,1,0.8044,0.185,1
TX-109686,CUST-2036,RECIP-9481,2269.72,6,0,1320,1357,0,2,130.99,3,42.5,0,0,0.8374,0.1255,0
TX-109687,CUST-1643,RECIP-7877,351.18,14,3,1441,41,1,0,149.2,0,5.0,0,0,0.0781,0.1287,0
TX-109688,CUST-1408,RECIP-7334,1383.92,15,0,2025,19,1,0,70.5,4,14.7,0,0,0.1103,0.0312,1
TX-109689,CUST-1592,RECIP-5945,383.31,0,6,1936,1320,0,1,79.15,1,11.3,0,0,0.4003,0.1356,0
TX-109690,CUST-1009,RECIP-7560,2094.07,2,5,775,219,0,3,58.82,1,47.4,0,0,0.1472,0.073,0
TX-109691,CUST-1452,RECIP-7488,15.58,4,2,1181,1839,0,5,118.69,1,48.7,0,0,0.2925,0.1417,0
TX-109692,CUST-1887,RECIP-9426,160.81,18,4,240,25,1,0,98.31,2,2.4,0,0,0.3815,0.0666,0
TX-109693,CUST-1206,RECIP-8756,63.41,5,5,1972,44,1,0,78.2,2,7.2,1,0,0.563,0.0409,1
TX-109694,CUST-1177,RECIP-7173,49.47,23,1,364,617,0,7,39.2,1,6.6,0,0,0.3843,0.2851,0
TX-109695,CUST-1983,RECIP-6754,17.27,10,4,201,1378,0,1,78.0,1,5.7,0,0,0.7063,0.2231,0
TX-109696,CUST-1642,RECIP-6741,19.37,22,2,1315,533,0,2,32.64,1,2.7,0,0,0.0997,0.1518,0
TX-109697,CUST-1204,RECIP-6703,72.58,5,5,2305,1635,0,2,61.8,2,17.2,1,3,0.2886,0.3731,0
TX-109698,CUST-2121,RECIP-5061,123.19,10,3,959,972,0,1,53.4,0,3.8,0,0,0.2084,0.3195,0
TX-109699,CUST-2163,RECIP-5162,92.8,3,5,488,12,1,0,82.96,2,0.8,1,0,0.226,0.2478,0
TX-109700,CUST-1052,RECIP-8381,56.26,20,4,485,1401,0,7,121.09,2,20.8,0,0,0.0667,0.224,0
TX-109701,CUST-1302,RECIP-6143,156.42,14,4,2096,1872,0,5,87.8,0,2.5,0,1,0.0946,0.1223,0
TX-109702,CUST-1555,RECIP-6850,197.4,1,0,1661,16,1,0,63.24,5,7.3,0,0,0.0304,0.3188,0
TX-109703,CUST-2097,RECIP-8141,162.85,17,5,1251,1921,0,3,81.19,1,910.9,0,0,0.287,0.1392,0
TX-109704,CUST-1111,RECIP-7733,171.09,21,1,2320,1457,0,4,111.07,2,14.3,0,0,0.173,0.2126,0
TX-109705,CUST-2208,RECIP-6621,210.82,16,2,288,1482,0,3,136.4,0,7.9,0,0,0.9301,0.2466,0
TX-109706,CUST-1479,RECIP-8385,12.46,19,3,1552,32,1,0,272.04,1,2.6,1,0,0.0366,0.068,0
TX-109707,CUST-1187,RECIP-5712,135.87,6,5,918,1060,0,3,591.08,1,1.2,0,2,0.1963,0.0846,0
TX-109708,CUST-2295,RECIP-7126,48.02,10,4,606,491,0,6,295.33,1,4.0,0,0,0.1241,0.1114,0
TX-109709,CUST-1130,RECIP-5475,677.24,20,1,2298,1231,0,4,98.85,2,11.3,0,0,0.0535,0.0425,0
TX-109710,CUST-1194,RECIP-7392,313.06,14,2,2393,1727,0,4,49.36,0,11.9,0,0,0.1787,0.2806,0
TX-109711,CUST-2424,RECIP-5427,123.82,14,1,2091,1317,0,5,75.42,0,3.9,0,0,0.0052,0.067,0
TX-109712,CUST-1779,RECIP-9237,72.39,18,4,396,1755,0,5,115.55,1,9.4,0,0,0.6326,0.2388,0
TX-109713,CUST-1694,RECIP-7966,8.35,14,5,1814,359,0,2,72.43,0,9.7,0,1,0.4492,0.0194,0
TX-109714,CUST-2031,RECIP-6104,25.4,3,4,915,24,1,0,77.66,1,40.2,0,0,0.0749,0.0655,0
TX-109715,CUST-1945,RECIP-7756,53.29,5,5,968,632,0,5,161.39,1,1.3,0,0,0.0773,0.0755,0
TX-109716,CUST-1920,RECIP-6574,135.54,18,4,508,1153,0,3,85.59,3,55.3,0,0,0.4703,0.0372,0
TX-109717,CUST-1034,RECIP-7333,58.74,5,6,1484,255,0,3,126.27,3,5.8,0,0,0.3114,0.1076,0
TX-109718,CUST-1827,RECIP-5753,455.2,15,6,2147,803,0,4,84.0,1,0.3,0,1,0.6772,0.2273,1
TX-109719,CUST-1418,RECIP-7251,47.11,11,1,603,43,1,0,22.06,2,0.0,0,1,0.3568,0.3236,0
TX-109720,CUST-2211,RECIP-5480,1148.87,14,2,1357,15,1,0,22.03,2,9.6,0,0,0.3459,0.0635,0
TX-109721,CUST-1758,RECIP-5689,23.15,5,0,1630,1505,0,4,132.05,0,23.7,0,1,0.0413,0.4739,0
TX-109722,CUST-1185,RECIP-7628,197.3,7,1,1587,1173,0,1,92.95,1,2054.7,0,0,0.2927,0.3804,0
TX-109723,CUST-2329,RECIP-7252,79.66,16,3,674,1777,0,3,110.48,2,854.6,0,1,0.0367,0.1147,0
TX-109724,CUST-1426,RECIP-6321,63.69,4,4,101,611,0,6,122.33,2,23.1,0,1,0.6209,0.0468,0
TX-109725,CUST-1407,RECIP-5269,83.74,7,6,2077,26,1,0,117.02,1,1870.6,0,0,0.2251,0.179,0
TX-109726,CUST-2404,RECIP-6905,37.22,23,4,1503,976,0,8,95.69,1,3236.6,0,0,0.0551,0.2847,0
TX-109727,CUST-2162,RECIP-9166,120.76,3,6,1770,7,1,0,259.34,1,33.6,0,0,0.4211,0.1176,1
TX-109728,CUST-2289,RECIP-8186,39.14,13,3,1343,37,1,0,116.57,0,10.6,0,0,0.0784,0.2397,0
TX-109729,CUST-1993,RECIP-5261,114.28,3,6,983,13,1,0,118.97,3,41.2,1,0,0.2033,0.0878,0
TX-109730,CUST-2365,RECIP-9220,138.73,16,5,651,41,1,0,67.52,3,38.8,0,0,0.1237,0.2484,0
TX-109731,CUST-1172,RECIP-6905,105.39,3,3,1658,976,0,2,41.75,2,26.1,0,1,0.1778,0.1118,1
TX-109732,CUST-1899,RECIP-7591,50.96,13,6,2083,1087,0,3,505.78,0,4.0,1,1,0.0263,0.0842,0
TX-109733,CUST-1440,RECIP-5002,413.49,10,6,833,1406,0,2,183.78,0,30.6,0,0,0.141,0.0718,0
TX-109734,CUST-1597,RECIP-6395,13.29,16,2,89,344,0,4,119.78,3,5.1,1,0,0.2313,0.0685,0
TX-109735,CUST-1356,RECIP-8537,150.86,0,1,414,352,0,2,83.37,1,8.7,0,0,0.025,0.0909,0
TX-109736,CUST-1307,RECIP-6488,592.85,12,0,1460,707,0,3,158.47,0,25.6,0,0,0.7727,0.1407,0
TX-109737,CUST-1663,RECIP-5747,301.83,13,6,610,205,0,5,67.95,0,12.6,1,0,0.2823,0.0408,0
TX-109738,CUST-2377,RECIP-5407,26.62,5,3,2041,864,0,2,168.29,2,28.7,0,0,0.0161,0.2191,0
TX-109739,CUST-1953,RECIP-9162,40.97,7,3,701,735,0,1,305.01,0,2898.3,0,1,0.808,0.1867,0
TX-109740,CUST-1524,RECIP-8657,80.16,16,1,1249,1258,0,6,93.7,2,1169.6,0,0,0.0373,0.3921,0
TX-109741,CUST-1650,RECIP-5197,223.95,13,2,589,1940,0,2,317.88,2,16.2,0,0,0.1247,0.0506,0
TX-109742,CUST-1794,RECIP-9163,41.56,13,2,1152,1157,0,2,81.55,0,8.8,0,0,0.0912,0.0396,0
TX-109743,CUST-1366,RECIP-8693,17.7,22,4,1705,1909,0,1,26.16,0,22.9,0,0,0.1461,0.0236,0
TX-109744,CUST-1781,RECIP-6619,188.73,9,1,1995,1232,0,3,184.26,1,9.9,0,0,0.699,0.1791,0
TX-109745,CUST-2043,RECIP-7954,293.68,20,5,1856,1288,0,3,92.22,0,2.4,0,0,0.0318,0.1513,0
TX-109746,CUST-1364,RECIP-6160,42.32,23,2,1283,1683,0,3,185.07,2,1229.4,0,0,0.3247,0.175,0
TX-109747,CUST-1876,RECIP-6123,61.33,13,1,1159,1182,0,3,42.93,0,16.2,0,0,0.131,0.1069,0
TX-109748,CUST-2062,RECIP-8215,30.96,5,0,834,1939,0,2,69.1,1,0.9,0,1,0.1021,0.055,0
TX-109749,CUST-1778,RECIP-5910,166.81,10,0,2469,1288,0,2,272.44,2,11.2,1,0,0.2499,0.0764,0
TX-109750,CUST-1437,RECIP-6598,196.52,1,1,1841,710,0,4,124.14,1,4.9,0,0,0.0005,0.1463,0
TX-109751,CUST-1831,RECIP-6609,31.6,16,5,2230,892,0,4,305.76,3,9.7,0,0,0.2946,0.0298,0
TX-109752,CUST-2189,RECIP-5676,199.12,6,5,1856,44,1,0,62.15,3,6.3,0,0,0.1364,0.1024,0
TX-109753,CUST-1332,RECIP-8727,332.76,22,6,245,619,0,2,584.78,0,12.3,1,0,0.2807,0.1436,0
TX-109754,CUST-1862,RECIP-8032,102.01,15,2,685,1482,0,3,548.71,0,7.0,0,1,0.0901,0.3985,0
TX-109755,CUST-2020,RECIP-8878,14.2,11,4,1167,15,1,0,175.17,2,1550.5,0,0,0.8927,0.1583,1
TX-109756,CUST-1482,RECIP-7357,306.07,4,1,807,1474,0,5,111.62,3,50.1,1,0,0.1967,0.104,0
TX-109757,CUST-1581,RECIP-5788,15.35,2,0,2273,42,1,0,137.74,2,10.7,0,0,0.1064,0.0591,0
TX-109758,CUST-2333,RECIP-6257,22.53,16,3,1244,37,1,0,217.76,1,11.7,0,0,0.0582,0.2785,0
TX-109759,CUST-1545,RECIP-6590,58.38,18,4,574,1946,0,3,120.2,1,33.0,0,0,0.1863,0.0882,0
TX-109760,CUST-1897,RECIP-9238,121.61,6,5,1506,1669,0,6,76.72,1,27.1,0,0,0.3271,0.0055,0
TX-109761,CUST-1224,RECIP-6068,55.14,0,0,964,1504,0,2,46.06,4,0.4,0,0,0.19,0.1713,0
TX-109762,CUST-2388,RECIP-8118,375.08,7,5,345,27,1,0,19.52,0,835.8,0,0,0.254,0.0285,0
TX-109763,CUST-1895,RECIP-5551,118.19,18,2,2368,1398,0,2,79.75,0,9.3,0,0,0.4886,0.0576,0
TX-109764,CUST-2140,RECIP-9301,94.21,13,1,2365,265,0,6,21.23,0,6.7,0,0,0.8358,0.0256,0
TX-109765,CUST-1903,RECIP-7909,20.58,2,0,1946,1698,0,3,88.76,0,9.1,0,0,0.3717,0.2448,0
TX-109766,CUST-1533,RECIP-6938,389.75,2,1,805,518,0,3,320.93,0,1.8,0,0,0.1042,0.1403,0
TX-109767,CUST-1510,RECIP-6556,76.23,2,3,2085,1237,0,0,94.34,1,28.1,0,1,0.237,0.0402,0
TX-109768,CUST-2051,RECIP-6595,29.33,18,1,741,1790,0,3,49.03,1,1.3,0,0,0.1425,0.0447,0
TX-109769,CUST-2289,RECIP-6014,44.14,18,2,2202,1355,0,2,67.75,0,9.1,0,0,0.0574,0.0808,0
TX-109770,CUST-1191,RECIP-7699,3043.97,9,3,2213,132,0,3,54.0,0,1.2,0,0,0.2825,0.0219,0
TX-109771,CUST-2268,RECIP-8896,118.48,16,0,452,1592,0,4,356.39,1,20.6,1,0,0.0221,0.2869,0
TX-109772,CUST-2245,RECIP-6085,71.13,0,6,807,1613,0,5,60.79,1,21.7,0,3,0.268,0.0525,0
TX-109773,CUST-1163,RECIP-8367,49.12,13,2,1757,302,0,2,26.03,1,22.1,0,0,0.1643,0.0943,0
TX-109774,CUST-1162,RECIP-7547,154.55,6,5,608,1887,0,3,672.38,1,24.7,0,1,0.2934,0.0042,0
TX-109775,CUST-2042,RECIP-8481,18.92,19,4,2012,424,0,6,86.24,1,25.7,0,1,0.3808,0.1074,0
TX-109776,CUST-2264,RECIP-8463,105.71,11,5,1707,163,0,3,51.43,0,0.5,1,0,0.1231,0.1551,0
TX-109777,CUST-1590,RECIP-5176,52.43,20,2,589,1138,0,3,100.15,2,8.4,0,0,0.8933,0.1489,0
TX-109778,CUST-1960,RECIP-5095,19.07,13,1,1946,1372,0,2,83.31,2,13.4,0,0,0.4426,0.0401,0
TX-109779,CUST-2499,RECIP-9118,61.23,10,1,137,7,1,0,141.46,1,6.9,0,0,0.0862,0.095,0
TX-109780,CUST-1484,RECIP-5699,163.82,22,1,978,361,0,7,88.05,1,18.2,0,0,0.2159,0.2171,0
TX-109781,CUST-1337,RECIP-7586,46.79,23,3,470,1339,0,6,19.96,1,0.4,0,0,0.0965,0.0628,0
TX-109782,CUST-2487,RECIP-8388,7.99,10,4,30,218,0,4,86.96,1,47.8,0,0,0.2484,0.0984,0
TX-109783,CUST-1420,RECIP-7267,43.37,8,5,1861,1674,0,8,193.37,0,13.2,0,0,0.2282,0.1321,0
TX-109784,CUST-1708,RECIP-5027,23.54,15,6,407,588,0,5,66.47,2,34.2,0,0,0.061,0.0239,0
TX-109785,CUST-1663,RECIP-5047,82.78,4,5,1744,1684,0,4,171.73,2,290.3,0,0,0.2226,0.2052,0
TX-109786,CUST-1784,RECIP-8012,73.14,9,2,216,1497,0,6,201.97,3,11.0,0,0,0.1903,0.5313,0
TX-109787,CUST-1403,RECIP-9039,118.71,20,3,2232,687,0,5,240.91,4,25.3,0,0,0.0823,0.0969,0
TX-109788,CUST-2018,RECIP-6545,333.82,21,6,2445,30,1,0,45.72,0,16.0,0,2,0.1214,0.0366,0
TX-109789,CUST-2037,RECIP-7447,345.55,9,4,812,453,0,3,49.41,1,1.5,0,1,0.047,0.2217,1
TX-109790,CUST-1300,RECIP-9201,59.22,9,2,1230,996,0,5,101.15,0,5.2,0,0,0.9057,0.1079,0
TX-109791,CUST-1721,RECIP-8713,89.59,20,5,1565,1919,0,2,25.52,1,2.2,0,0,0.3895,0.0632,0
TX-109792,CUST-1086,RECIP-7432,29.49,4,0,1486,1785,0,5,44.25,5,41.9,0,0,0.2992,0.2705,0
TX-109793,CUST-1331,RECIP-7949,73.36,1,4,96,1830,0,3,124.37,0,2.3,0,0,0.1878,0.0904,0
TX-109794,CUST-2480,RECIP-9325,399.8,1,6,2448,28,1,0,20.83,0,3487.8,0,0,0.1047,0.3461,1
TX-109795,CUST-1759,RECIP-8585,32.56,2,3,2339,668,0,3,25.89,2,12.1,1,0,0.238,0.0661,0
TX-109796,CUST-1934,RECIP-6871,5718.05,21,4,1232,206,0,6,145.81,0,34.5,0,0,0.775,0.0706,0
TX-109797,CUST-2333,RECIP-8118,10.08,0,0,1399,1794,0,4,29.49,2,24.2,0,0,0.6911,0.0276,0
TX-109798,CUST-2070,RECIP-6480,107.87,7,4,449,39,1,0,748.41,3,58.0,0,0,0.1439,0.0307,0
TX-109799,CUST-2188,RECIP-9144,35.15,14,2,1878,1769,0,1,46.3,2,10.2,0,0,0.1396,0.0833,0
TX-109800,CUST-2068,RECIP-5420,7.05,14,6,1300,283,0,6,44.13,1,9.1,0,0,0.1406,0.1536,0
TX-109801,CUST-1748,RECIP-6014,250.26,19,2,731,16,1,0,34.3,1,7.1,0,0,0.0871,0.1746,1
TX-109802,CUST-1948,RECIP-6557,97.75,23,2,788,1448,0,3,96.69,0,5.6,0,0,0.4055,0.0393,0
TX-109803,CUST-1432,RECIP-5909,143.27,9,2,232,764,0,5,84.33,3,3372.0,0,0,0.2827,0.1791,0
TX-109804,CUST-2335,RECIP-7677,38.64,5,4,1978,628,0,7,131.12,1,18.4,0,0,0.1684,0.2569,0
TX-109805,CUST-1269,RECIP-8206,1235.05,2,6,185,1867,0,3,81.28,2,6.7,0,0,0.2989,0.0845,0
TX-109806,CUST-2326,RECIP-9006,54.84,21,2,1421,1097,0,3,195.55,3,27.7,0,0,0.8981,0.2362,0
TX-109807,CUST-2317,RECIP-7256,3651.99,8,1,2042,1499,0,5,82.28,2,1.8,0,1,0.2356,0.0747,0
TX-109808,CUST-1213,RECIP-7796,52.15,21,5,159,1557,0,5,73.93,1,43.4,0,1,0.5108,0.3156,0
TX-109809,CUST-2065,RECIP-7696,3771.86,8,3,405,8,1,0,116.14,1,31.2,0,0,0.112,0.1053,0
TX-109810,CUST-2484,RECIP-5015,140.25,18,3,1913,23,1,0,22.5,1,9.0,0,0,0.1042,0.0543,0
TX-109811,CUST-1858,RECIP-8188,478.2,15,6,2065,1908,0,4,42.19,2,1.8,0,0,0.1258,0.0892,0
TX-109812,CUST-1510,RECIP-5104,141.08,17,3,230,39,1,0,350.88,0,2513.2,0,0,0.2643,0.2172,0
TX-109813,CUST-2319,RECIP-7463,311.6,15,4,685,1737,0,5,25.71,5,707.5,0,0,0.3148,0.4532,0
TX-109814,CUST-1768,RECIP-9499,129.79,7,6,1527,190,0,5,189.59,0,9.7,0,0,0.1398,0.2061,0
TX-109815,CUST-1182,RECIP-8544,241.93,2,1,1366,18,1,0,16.27,3,19.2,1,0,0.7587,0.0743,0
TX-109816,CUST-1373,RECIP-7279,99.81,0,6,1306,820,0,4,29.17,3,8.1,1,0,0.0097,0.0335,0
TX-109817,CUST-2023,RECIP-6434,98.99,10,6,676,1027,0,4,54.14,1,61.4,0,2,0.9063,0.1635,0
TX-109818,CUST-1683,RECIP-8767,376.62,21,3,1361,6,1,0,134.13,2,43.9,0,0,0.0952,0.5896,0
TX-109819,CUST-1325,RECIP-8865,99.26,15,2,153,1797,0,8,87.03,0,1.9,0,0,0.0353,0.4496,0
TX-109820,CUST-2198,RECIP-6656,206.38,16,1,2185,39,1,0,130.5,1,61.9,1,0,0.1266,0.3321,0
TX-109821,CUST-1180,RECIP-5484,695.02,6,0,1369,275,0,7,64.96,0,2683.5,0,0,0.0271,0.2567,0
TX-109822,CUST-1328,RECIP-7620,396.16,11,6,950,1280,0,3,85.82,1,1.1,0,0,0.024,0.4282,0
TX-109823,CUST-1698,RECIP-7853,97.22,9,3,936,200,0,7,99.44,4,5.0,0,1,0.4211,0.0681,0
TX-109824,CUST-1059,RECIP-9203,88.23,3,4,943,36,1,0,197.49,3,8.1,0,0,0.14,0.042,1
TX-109825,CUST-1581,RECIP-9005,51.63,14,1,1104,1726,0,6,355.42,3,9.2,0,0,0.1997,0.2285,0
TX-109826,CUST-2364,RECIP-6030,47.54,8,2,506,1642,0,2,43.32,0,0.7,1,0,0.0849,0.224,0
TX-109827,CUST-2411,RECIP-6137,35.35,9,5,1515,1568,0,3,86.02,0,31.9,0,0,0.024,0.2627,0
TX-109828,CUST-2307,RECIP-9486,71.12,14,4,483,20,1,0,71.75,1,1.7,0,0,0.3334,0.2588,0
TX-109829,CUST-1485,RECIP-6470,19.81,0,1,804,7,1,0,122.63,2,19.7,0,0,0.0846,0.1749,0
TX-109830,CUST-1097,RECIP-7062,10.34,22,0,2180,41,1,0,279.37,2,34.7,0,0,0.0144,0.1463,0
TX-109831,CUST-2222,RECIP-6374,82.51,5,5,1422,17,1,0,104.87,2,72.3,1,0,0.7068,0.0529,1
TX-109832,CUST-1559,RECIP-6770,216.46,16,0,2260,27,1,0,63.89,1,2.3,0,0,0.1927,0.1672,0
TX-109833,CUST-2123,RECIP-7539,16.08,18,0,1654,43,1,0,211.94,1,40.7,0,0,0.0269,0.1119,0
TX-109834,CUST-1178,RECIP-6316,1045.23,3,2,1965,534,0,3,81.64,1,33.3,0,2,0.0646,0.009,0
TX-109835,CUST-2001,RECIP-6857,241.56,5,6,251,465,0,3,87.62,1,4.1,0,0,0.1552,0.0315,0
TX-109836,CUST-1879,RECIP-6586,115.44,9,4,1275,555,0,6,154.36,0,16.2,0,0,0.3042,0.18,0
TX-109837,CUST-2380,RECIP-5485,509.64,19,0,894,339,0,5,36.5,1,1.9,0,0,0.1723,0.0412,0
TX-109838,CUST-1152,RECIP-8540,57.33,15,6,72,15,1,0,34.8,2,3.8,0,0,0.1321,0.1272,0
TX-109839,CUST-1611,RECIP-9010,93.53,11,6,252,1820,0,3,46.44,1,2.3,0,0,0.1114,0.0978,0
TX-109840,CUST-2484,RECIP-7214,15.68,20,4,498,15,1,0,79.7,1,10.2,0,0,0.422,0.0867,0
TX-109841,CUST-1584,RECIP-5921,101.88,11,0,47,1621,0,2,214.71,1,6.3,0,0,0.049,0.0858,0
TX-109842,CUST-1987,RECIP-7893,172.58,21,0,1110,584,0,3,59.78,2,15.0,0,1,0.0143,0.1062,0
TX-109843,CUST-1241,RECIP-7403,66.91,18,6,156,843,0,2,67.1,2,10.4,0,0,0.0796,0.0069,0
TX-109844,CUST-2092,RECIP-7480,70.22,4,5,2066,1998,0,3,113.05,0,39.5,0,0,0.0679,0.2875,0
TX-109845,CUST-1413,RECIP-7676,25.01,9,5,1492,1274,0,2,49.17,1,6.1,0,0,0.7288,0.1967,0
TX-109846,CUST-1858,RECIP-8230,479.49,0,3,2408,1629,0,3,69.46,5,6.2,0,0,0.8906,0.1939,0
TX-109847,CUST-2319,RECIP-5183,12.27,5,4,238,894,0,6,96.39,3,16.3,0,0,0.0121,0.1406,0
TX-109848,CUST-1991,RECIP-5447,589.55,0,1,227,8,1,0,152.07,0,921.1,0,0,0.2737,0.0846,0
TX-109849,CUST-1711,RECIP-5430,262.92,2,0,2175,592,0,4,201.63,1,7.6,0,0,0.2209,0.1602,0
TX-109850,CUST-1285,RECIP-5695,14.12,0,1,998,35,1,0,88.18,1,2379.4,0,0,0.235,0.045,0
TX-109851,CUST-1512,RECIP-9372,70.87,16,4,1905,1974,0,3,79.57,0,21.8,0,0,0.2801,0.0773,0
TX-109852,CUST-2273,RECIP-8285,72.97,9,2,499,363,0,1,84.7,0,5.2,0,0,0.0938,0.0355,0
TX-109853,CUST-1324,RECIP-7990,101.18,11,4,51,36,1,0,115.93,2,13.4,0,0,0.9391,0.0386,0
TX-109854,CUST-1984,RECIP-8144,43.3,18,3,1259,581,0,1,299.18,3,26.0,0,0,0.0866,0.3111,0
TX-109855,CUST-1727,RECIP-5151,501.73,19,3,1445,1296,0,3,508.31,3,2.5,0,0,0.2733,0.217,0
TX-109856,CUST-1481,RECIP-5959,184.88,12,6,305,21,1,0,398.12,0,45.3,0,0,0.2535,0.3432,0
TX-109857,CUST-2074,RECIP-8573,97.88,10,4,55,8,1,0,221.29,3,62.8,0,0,0.2955,0.031,0
TX-109858,CUST-1543,RECIP-7082,64.8,15,6,553,814,0,3,46.22,3,1911.0,0,2,0.2697,0.1524,0
TX-109859,CUST-1430,RECIP-7288,1498.98,9,6,299,34,1,0,117.11,0,8.6,0,0,0.9161,0.2738,1
TX-109860,CUST-1793,RECIP-8376,910.36,10,4,2490,7,1,0,75.64,0,4.6,0,0,0.0708,0.0764,1
TX-109861,CUST-2136,RECIP-5338,80.34,7,6,2470,618,0,1,89.78,1,14.4,1,0,0.1788,0.1392,0
TX-109862,CUST-2296,RECIP-8593,306.57,4,1,69,33,1,0,366.92,1,2490.3,0,0,0.1909,0.0321,0
TX-109863,CUST-1944,RECIP-8063,330.98,4,3,1158,9,1,0,269.48,0,9.0,0,1,0.3308,0.0807,0
TX-109864,CUST-1992,RECIP-6816,98.61,15,0,979,1247,0,4,187.78,1,7.0,0,0,0.0527,0.238,0
TX-109865,CUST-2181,RECIP-7247,33.4,19,0,97,5,1,0,707.59,1,1916.8,0,0,0.3106,0.2331,0
TX-109866,CUST-1403,RECIP-5334,156.7,10,0,1676,467,0,6,184.89,0,3.9,0,1,0.4787,0.1898,0
TX-109867,CUST-1376,RECIP-5922,185.84,2,0,2130,1635,0,2,303.53,0,2332.7,0,0,0.061,0.292,0
TX-109868,CUST-1725,RECIP-6108,44.52,14,2,1539,866,0,9,150.95,0,2.4,0,0,0.2721,0.0919,0
TX-109869,CUST-1946,RECIP-8949,167.0,21,5,2295,23,1,0,115.43,3,12.5,0,0,0.0137,0.1957,0
TX-109870,CUST-1968,RECIP-5507,958.92,12,6,1604,1651,0,1,456.26,1,3.5,0,0,0.3381,0.0596,0
TX-109871,CUST-1230,RECIP-6311,500.85,0,6,1384,82,0,1,55.28,1,10.0,0,0,0.0962,0.0078,0
TX-109872,CUST-2170,RECIP-5592,330.34,1,1,2371,151,0,4,29.69,1,28.8,0,0,0.3065,0.1633,0
TX-109873,CUST-1545,RECIP-6280,107.24,12,3,1773,1097,0,5,48.38,0,5.0,0,1,0.3093,0.1365,0
TX-109874,CUST-2315,RECIP-5047,101.27,20,3,1918,1686,0,4,70.62,1,2.6,0,0,0.0398,0.1133,0
TX-109875,CUST-2086,RECIP-6227,317.47,1,0,1956,43,1,0,197.85,2,7.8,0,0,0.6701,0.1147,0
TX-109876,CUST-2474,RECIP-8256,13.01,18,0,108,1244,0,3,255.61,0,8.3,0,0,0.0369,0.1065,0
TX-109877,CUST-1947,RECIP-8453,75.46,18,2,1844,1237,0,2,55.23,3,2716.9,1,0,0.6367,0.0859,0
TX-109878,CUST-1791,RECIP-6707,40.34,1,5,1878,1539,0,1,63.08,1,2.4,0,0,0.1464,0.1314,0
TX-109879,CUST-1281,RECIP-8177,44.92,5,2,1251,1770,0,1,71.47,0,27.0,0,0,0.1852,0.067,0
TX-109880,CUST-1597,RECIP-7784,135.4,0,2,1424,1163,0,4,103.09,1,26.0,0,0,0.1414,0.0339,0
TX-109881,CUST-2287,RECIP-9064,165.94,13,6,2086,1563,0,3,99.91,0,21.3,0,0,0.4972,0.0472,0
TX-109882,CUST-1573,RECIP-8620,36.84,4,2,380,1228,0,3,130.92,0,28.6,0,0,0.0224,0.2942,0
TX-109883,CUST-1080,RECIP-6032,14.29,21,4,1332,36,1,0,49.08,1,1864.3,0,0,0.0041,0.0047,0
TX-109884,CUST-1367,RECIP-7648,297.89,2,6,1933,1167,0,1,44.55,0,9.6,0,0,0.3642,0.1604,0
TX-109885,CUST-1892,RECIP-8538,123.1,15,0,670,1493,0,3,51.91,2,810.3,0,0,0.0568,0.131,0
TX-109886,CUST-1943,RECIP-6375,71.89,18,3,681,29,1,0,102.83,3,2.0,0,0,0.1354,0.1106,0
TX-109887,CUST-2475,RECIP-7578,30.98,4,2,40,256,0,6,39.86,2,1.3,0,0,0.537,0.2094,0
TX-109888,CUST-2400,RECIP-6801,129.74,6,0,801,710,0,4,50.62,1,73.3,0,0,0.4248,0.0717,0
TX-109889,CUST-1797,RECIP-6389,36.24,19,0,915,308,0,2,146.15,1,13.7,1,0,0.1058,0.1446,0
TX-109890,CUST-1831,RECIP-5897,50.7,2,4,2382,38,1,0,299.59,3,1393.6,0,0,0.4285,0.0891,0
TX-109891,CUST-2201,RECIP-5159,237.29,10,4,233,497,0,3,133.16,2,11.7,0,0,0.2333,0.149,0
TX-109892,CUST-1072,RECIP-8374,168.63,6,3,1626,1810,0,5,44.01,2,31.4,1,0,0.723,0.0412,0
TX-109893,CUST-1892,RECIP-8685,148.3,0,4,186,835,0,4,167.21,0,11.3,0,0,0.4934,0.057,0
TX-109894,CUST-1711,RECIP-7932,277.19,10,5,2004,43,1,0,64.76,1,2.4,0,0,0.1577,0.1681,0
TX-109895,CUST-2174,RECIP-6084,26.57,11,0,1188,1050,0,4,284.99,1,1718.4,0,0,0.8782,0.0936,0
TX-109896,CUST-2200,RECIP-5084,244.8,8,0,1081,97,0,5,137.44,5,3.9,0,0,0.3996,0.1881,0
TX-109897,CUST-1983,RECIP-7842,243.29,19,2,2360,831,0,2,52.63,2,5.3,0,0,0.1065,0.0985,0
TX-109898,CUST-1985,RECIP-5899,332.64,2,3,1880,1469,0,4,108.9,3,7.5,1,1,0.1916,0.1506,0
TX-109899,CUST-2036,RECIP-7469,136.61,10,6,290,1277,0,4,34.79,1,14.1,0,0,0.1215,0.094,0
TX-109900,CUST-1870,RECIP-9366,98.45,4,6,687,774,0,6,113.34,2,12.6,1,0,0.2309,0.0403,0
TX-109901,CUST-1341,RECIP-5020,173.7,18,5,706,300,0,6,81.51,1,27.3,0,0,0.1131,0.1934,0
TX-109902,CUST-1426,RECIP-7597,311.45,13,2,1535,20,1,0,481.08,1,882.8,0,0,0.2538,0.1328,0
TX-109903,CUST-2112,RECIP-9474,94.39,16,4,2080,1071,0,3,116.43,2,11.3,0,0,0.2237,0.2702,0
TX-109904,CUST-1927,RECIP-6504,245.44,2,0,1605,2,1,0,104.06,1,3.6,0,0,0.2652,0.1108,0
TX-109905,CUST-1356,RECIP-8664,5.0,10,3,1022,588,0,4,16.61,2,10.7,0,0,0.2718,0.0918,0
TX-109906,CUST-2316,RECIP-8726,13.55,1,0,1874,364,0,5,159.87,3,10.2,0,0,0.1907,0.1213,0
TX-109907,CUST-2470,RECIP-7189,274.85,7,6,1904,767,0,3,239.04,2,9.0,0,0,0.0679,0.0239,0
TX-109908,CUST-1939,RECIP-6380,131.99,22,3,229,524,0,2,240.3,3,16.9,0,0,0.0264,0.1619,0
TX-109909,CUST-1341,RECIP-8061,145.57,17,5,1369,44,1,0,90.66,2,4.0,1,0,0.4871,0.0034,1
TX-109910,CUST-2407,RECIP-7787,55.15,1,0,1785,1032,0,1,62.69,1,0.6,0,0,0.5351,0.2046,0
TX-109911,CUST-1355,RECIP-7144,13.65,8,6,1521,17,1,0,252.66,2,20.7,0,0,0.5536,0.1106,0
TX-109912,CUST-1648,RECIP-5867,338.58,20,3,634,967,0,7,93.22,2,9.8,0,0,0.1853,0.0245,0
TX-109913,CUST-2288,RECIP-8350,199.35,4,0,428,813,0,3,96.82,4,2.2,1,0,0.1354,0.0752,0
TX-109914,CUST-1781,RECIP-5951,359.26,18,2,748,37,1,0,77.6,1,6.8,0,0,0.2802,0.1239,0
TX-109915,CUST-1364,RECIP-5604,9.27,7,1,900,1535,0,1,18.44,3,4.0,1,0,0.3847,0.0118,0
TX-109916,CUST-1120,RECIP-5302,283.44,11,0,2306,26,1,0,53.74,1,0.3,0,0,0.3312,0.2631,0
TX-109917,CUST-1541,RECIP-7008,258.29,21,0,1565,598,0,4,107.09,1,12.0,0,2,0.3449,0.054,0
TX-109918,CUST-2008,RECIP-5540,169.04,16,4,2094,1812,0,3,155.98,0,35.5,0,0,0.0893,0.046,0
TX-109919,CUST-2071,RECIP-6509,99.12,6,6,96,20,1,0,97.2,1,12.1,0,0,0.3635,0.3321,0
TX-109920,CUST-1334,RECIP-6088,445.48,0,4,1966,4,1,0,149.03,4,1.3,0,0,0.187,0.2143,0
TX-109921,CUST-1238,RECIP-7068,167.93,5,4,495,507,0,4,27.53,1,809.5,0,0,0.792,0.3142,0
TX-109922,CUST-2052,RECIP-8499,55.96,10,0,1427,1252,0,4,48.62,0,10.1,0,1,0.0336,0.0782,0
TX-109923,CUST-1238,RECIP-7027,197.81,3,1,984,1523,0,5,559.43,0,2.4,1,0,0.3258,0.1192,0
TX-109924,CUST-1096,RECIP-7506,54.65,21,0,2163,1792,0,3,169.04,1,10.9,0,0,0.0432,0.1619,0
TX-109925,CUST-1729,RECIP-5643,68.27,1,6,1696,17,1,0,274.71,2,3388.5,0,1,0.0209,0.343,0
TX-109926,CUST-1856,RECIP-5508,35.38,12,5,1166,549,0,3,81.14,3,1361.5,0,0,0.0241,0.4697,0
TX-109927,CUST-1365,RECIP-9394,87.76,23,6,1288,1905,0,2,215.57,0,6.1,0,0,0.3619,0.05,0
TX-109928,CUST-1316,RECIP-7789,93.85,8,6,1776,1158,0,4,209.36,0,8.2,0,0,0.0829,0.1759,0
TX-109929,CUST-1353,RECIP-5069,359.24,12,1,1805,358,0,4,501.36,1,3144.2,0,3,0.0975,0.0826,0
TX-109930,CUST-1514,RECIP-7543,103.76,1,3,1445,434,0,5,138.96,0,0.9,0,0,0.1233,0.1421,0
TX-109931,CUST-1013,RECIP-5045,5.0,17,4,1825,1999,0,5,45.4,0,11.2,0,0,0.0245,0.1497,0
TX-109932,CUST-1017,RECIP-5347,1409.43,23,5,1979,44,1,0,56.1,1,11.8,0,0,0.0698,0.0938,0
TX-109933,CUST-1555,RECIP-6680,47.4,18,4,106,504,0,3,125.01,2,5.9,0,0,0.265,0.1392,0
TX-109934,CUST-1029,RECIP-7954,14.56,3,3,936,1131,0,4,14.08,0,2.4,0,1,0.0345,0.2421,0
TX-109935,CUST-1477,RECIP-7791,297.48,8,0,2257,1437,0,7,135.61,2,0.6,0,1,0.3531,0.334,0
TX-109936,CUST-1871,RECIP-8559,233.08,17,6,823,925,0,3,151.67,1,3.2,0,0,0.3189,0.2916,0
TX-109937,CUST-1046,RECIP-5808,63.01,19,4,2065,44,1,0,302.2,2,33.3,0,0,0.263,0.0384,0
TX-109938,CUST-1926,RECIP-5862,23.62,9,5,1386,1419,0,3,25.47,0,6.9,1,0,0.036,0.3286,0
TX-109939,CUST-1931,RECIP-7399,120.11,23,1,699,219,0,3,43.27,0,2430.0,0,0,0.1961,0.1153,0
TX-109940,CUST-1860,RECIP-8909,58.12,4,0,895,462,0,7,108.53,0,30.8,0,1,0.1858,0.1991,0
TX-109941,CUST-1939,RECIP-8252,1205.77,17,6,1226,39,1,0,96.3,2,23.2,0,0,0.889,0.1993,1
TX-109942,CUST-2213,RECIP-8011,97.33,11,5,338,1788,0,2,101.01,0,40.9,0,0,0.1211,0.1385,0
TX-109943,CUST-1106,RECIP-5423,10.99,17,5,791,345,0,4,206.71,2,24.1,0,1,0.0925,0.1307,0
TX-109944,CUST-1253,RECIP-8951,48.3,14,3,1712,1746,0,6,129.01,4,20.3,0,3,0.084,0.0123,0
TX-109945,CUST-1475,RECIP-9429,267.44,10,6,2269,851,0,8,314.71,1,33.1,0,0,0.0341,0.1361,0
TX-109946,CUST-2032,RECIP-7620,81.79,19,1,2377,263,0,4,245.37,1,22.8,0,0,0.1025,0.0315,0
TX-109947,CUST-2309,RECIP-6515,92.47,20,5,975,19,1,0,60.04,0,2125.1,0,0,0.1715,0.1359,0
TX-109948,CUST-2377,RECIP-7981,14.8,19,3,1991,39,1,0,124.73,2,11.1,0,0,0.0146,0.2471,0
TX-109949,CUST-1873,RECIP-7890,45.53,2,1,1008,988,0,2,152.53,0,5.7,0,0,0.0858,0.013,0
TX-109950,CUST-1615,RECIP-9180,441.48,10,5,2022,1957,0,3,414.77,2,8.8,0,1,0.8452,0.044,0
TX-109951,CUST-1617,RECIP-5498,68.77,17,2,2282,1283,0,4,118.52,0,19.2,1,0,0.1054,0.0382,0
TX-109952,CUST-1089,RECIP-7318,283.82,20,1,1130,94,0,6,154.82,0,2.0,0,0,0.2586,0.0295,0
TX-109953,CUST-1697,RECIP-8192,196.01,8,4,1513,22,1,0,70.35,2,1.1,0,0,0.815,0.0786,0
TX-109954,CUST-1769,RECIP-6570,1907.61,17,5,2171,32,1,0,150.46,2,19.8,0,0,0.1766,0.2092,0
TX-109955,CUST-1312,RECIP-8782,27.73,13,2,370,1372,0,1,44.75,2,26.3,0,0,0.7092,0.1111,0
TX-109956,CUST-2151,RECIP-5291,247.32,5,6,639,1008,0,2,61.15,0,20.6,0,1,0.0646,0.0607,0
TX-109957,CUST-2217,RECIP-5473,905.54,21,4,1576,34,1,0,258.78,2,1.6,1,0,0.7201,0.2506,1
TX-109958,CUST-1453,RECIP-8558,63.45,10,0,472,26,1,0,190.66,0,23.0,0,0,0.0549,0.0082,0
TX-109959,CUST-2371,RECIP-5566,132.53,14,2,1992,507,0,6,277.55,1,49.5,0,0,0.0711,0.2882,0
TX-109960,CUST-1160,RECIP-6883,329.82,6,6,687,849,0,2,545.79,2,9.8,1,0,0.3842,0.2117,0
TX-109961,CUST-2365,RECIP-6264,65.53,0,1,864,1596,0,4,203.04,1,1654.6,0,0,0.1555,0.0619,0
TX-109962,CUST-2152,RECIP-8096,279.57,10,6,2032,1966,0,2,120.54,3,15.4,1,2,0.1954,0.0649,0
TX-109963,CUST-1335,RECIP-5053,125.3,17,3,1331,18,1,0,65.92,2,15.6,1,0,0.0221,0.2384,0
TX-109964,CUST-1975,RECIP-6605,98.25,7,4,1983,1259,0,6,66.87,4,2.0,0,0,0.218,0.0604,0
TX-109965,CUST-1466,RECIP-9437,1215.9,22,4,1578,921,0,2,101.47,1,51.5,0,0,0.7247,0.2944,0
TX-109966,CUST-2199,RECIP-6659,33.52,18,3,1300,1768,0,1,95.9,1,6.8,1,0,0.4899,0.0792,0
TX-109967,CUST-1240,RECIP-7692,194.67,15,3,1290,1623,0,3,192.03,3,4.9,0,0,0.0993,0.0996,0
TX-109968,CUST-1367,RECIP-9446,306.6,19,3,2012,43,1,0,51.71,2,11.4,1,0,0.3747,0.5778,1
TX-109969,CUST-1460,RECIP-7734,149.35,20,4,2497,28,1,0,65.63,1,5.6,0,0,0.0051,0.0573,0
TX-109970,CUST-1299,RECIP-8397,66.52,17,5,90,93,0,5,130.98,1,3381.7,0,0,0.0971,0.0527,0
TX-109971,CUST-1499,RECIP-9315,118.45,19,3,1281,1037,0,0,33.03,1,0.3,0,1,0.2388,0.0425,0
TX-109972,CUST-1903,RECIP-7777,20.16,17,3,1964,577,0,5,299.96,2,11.6,1,0,0.3178,0.2055,0
TX-109973,CUST-1949,RECIP-8744,34.68,20,5,1619,777,0,6,190.99,0,27.6,1,0,0.3005,0.3485,0
TX-109974,CUST-1830,RECIP-7287,231.93,2,5,1225,700,0,7,116.55,1,14.5,0,0,0.0191,0.0952,0
TX-109975,CUST-1284,RECIP-8664,48.76,8,4,1990,1153,0,12,46.39,1,5.9,0,0,0.7821,0.3182,0
TX-109976,CUST-1303,RECIP-7888,27.33,21,3,1186,1706,0,4,89.91,2,30.5,0,0,0.2618,0.0696,0
TX-109977,CUST-2379,RECIP-6527,137.14,11,4,367,9,1,0,170.46,0,21.5,0,1,0.5651,0.1767,0
TX-109978,CUST-1377,RECIP-7512,52.86,0,3,702,1739,0,3,62.27,1,27.0,1,0,0.41,0.1168,0
TX-109979,CUST-1154,RECIP-6506,156.65,20,3,138,1944,0,1,29.12,3,14.9,0,0,0.0097,0.1578,0
TX-109980,CUST-1680,RECIP-6786,719.17,15,1,1764,492,0,6,141.64,2,9.8,0,0,0.4446,0.1528,0
TX-109981,CUST-1010,RECIP-6312,79.43,21,3,2433,1662,0,6,126.34,2,3.6,0,0,0.1397,0.1984,0
TX-109982,CUST-1513,RECIP-7209,56.34,0,3,966,481,0,4,69.28,1,1029.1,1,0,0.1364,0.0531,0
TX-109983,CUST-2282,RECIP-6560,28.77,3,0,1838,15,1,0,578.57,0,33.9,0,0,0.1014,0.125,0
TX-109984,CUST-1401,RECIP-7817,37.77,12,6,2456,464,0,3,53.87,4,2912.3,0,2,0.8179,0.0755,0
TX-109985,CUST-2055,RECIP-6662,57.45,4,4,1001,860,0,3,283.22,3,20.5,0,0,0.1502,0.2712,0
TX-109986,CUST-1734,RECIP-7209,17.57,12,0,2209,390,0,5,165.06,1,1.5,0,0,0.5343,0.1915,0
TX-109987,CUST-1533,RECIP-5630,261.92,8,1,73,43,1,0,131.3,4,17.0,0,0,0.0121,0.0553,0
TX-109988,CUST-1992,RECIP-6739,64.39,5,3,1703,1217,0,2,571.32,0,153.1,0,0,0.4154,0.1271,0
TX-109989,CUST-1893,RECIP-6601,165.37,18,6,441,1428,0,3,238.51,0,40.8,0,0,0.3863,0.2022,0
TX-109990,CUST-1477,RECIP-9324,142.7,0,3,1960,1828,0,10,60.74,1,1.6,0,0,0.1342,0.1835,0
TX-109991,CUST-1335,RECIP-7010,1913.77,20,5,54,404,0,3,65.35,3,18.8,0,0,0.5078,0.4277,1
TX-109992,CUST-2375,RECIP-5096,69.95,3,0,2087,42,1,0,56.45,2,1.8,0,0,0.006,0.0491,0
TX-109993,CUST-1252,RECIP-6392,236.05,13,3,1009,1671,0,4,126.56,2,21.9,0,0,0.2492,0.3648,0
TX-109994,CUST-2439,RECIP-8282,263.79,23,5,615,164,0,5,59.07,1,6.3,1,0,0.0337,0.1259,0
TX-109995,CUST-1706,RECIP-5744,117.99,2,5,1400,1282,0,2,20.66,4,24.4,0,0,0.1474,0.3953,1
TX-109996,CUST-2495,RECIP-5733,24.07,22,1,2474,560,0,3,69.96,0,8.8,0,0,0.0528,0.0484,0
TX-109997,CUST-1529,RECIP-6680,362.52,7,4,426,190,0,6,200.93,3,6.1,0,0,0.0345,0.3496,0
TX-109998,CUST-1848,RECIP-6605,48.75,17,0,795,1,1,0,279.59,0,1609.4,1,1,0.038,0.0882,0
TX-109999,CUST-1922,RECIP-7164,3248.2,20,0,1610,174,0,4,188.83,0,3.2,0,0,0.8054,0.1395,0
